-- phpMyAdmin SQL Dump
-- version 4.8.3
-- https://www.phpmyadmin.net/
--
-- Servidor: 127.0.0.1
-- Tiempo de generación: 22-06-2019 a las 16:18:51
-- Versión del servidor: 10.1.37-MariaDB
-- Versión de PHP: 7.2.12

SET SQL_MODE = "NO_AUTO_VALUE_ON_ZERO";
SET AUTOCOMMIT = 0;
START TRANSACTION;
SET time_zone = "+00:00";


/*!40101 SET @OLD_CHARACTER_SET_CLIENT=@@CHARACTER_SET_CLIENT */;
/*!40101 SET @OLD_CHARACTER_SET_RESULTS=@@CHARACTER_SET_RESULTS */;
/*!40101 SET @OLD_COLLATION_CONNECTION=@@COLLATION_CONNECTION */;
/*!40101 SET NAMES utf8mb4 */;

--
-- Base de datos: `victimas`
--

-- --------------------------------------------------------

--
-- Estructura de tabla para la tabla `asistencias`
--

CREATE TABLE `asistencias` (
  `id` int(10) UNSIGNED NOT NULL,
  `nombre` varchar(255) DEFAULT NULL
) ENGINE=InnoDB DEFAULT CHARSET=latin1;

--
-- Volcado de datos para la tabla `asistencias`
--

INSERT INTO `asistencias` (`id`, `nombre`) VALUES
(1, 'Jurídica'),
(2, 'Psicológica '),
(3, 'Socioeconómica');

-- --------------------------------------------------------

--
-- Estructura de tabla para la tabla `caratulas`
--

CREATE TABLE `caratulas` (
  `id` int(10) UNSIGNED NOT NULL,
  `caso_id` int(11) DEFAULT NULL,
  `delito_id` int(11) DEFAULT NULL
) ENGINE=InnoDB DEFAULT CHARSET=latin1;

-- --------------------------------------------------------

--
-- Estructura de tabla para la tabla `casos`
--

CREATE TABLE `casos` (
  `id` int(10) UNSIGNED NOT NULL,
  `created_at` timestamp NULL DEFAULT NULL,
  `updated_at` timestamp NULL DEFAULT NULL,
  `nombre_referencia` varchar(255) DEFAULT NULL,
  `nro_carpeta` varchar(40) DEFAULT NULL,
  `delito` int(11) DEFAULT NULL,
  `otro_delito` varchar(255) DEFAULT NULL,
  `descripcion_caso` varchar(255) DEFAULT NULL,
  `fecha_ingreso` varchar(20) DEFAULT NULL,
  `modalidad_ingreso` int(11) DEFAULT NULL,
  `organismo` int(11) DEFAULT NULL,
  `cual_otro_organismo` varchar(255) DEFAULT NULL,
  `cavaj` int(11) DEFAULT NULL,
  `comisaria` varchar(255) DEFAULT NULL,
  `denuncias_previas` int(11) DEFAULT NULL,
  `departamento_judicial` int(11) DEFAULT NULL,
  `estado` int(11) DEFAULT NULL,
  `motivospasivos` int(11) DEFAULT NULL,
  `cual_otro_motivospasivo` varchar(255) DEFAULT NULL,
  `nombre_y_apellido_de_la_victima` varchar(255) DEFAULT NULL,
  `persona_asistida` int(11) DEFAULT NULL,
  `fecha_delito` int(11) DEFAULT NULL,
  `fecha_hecho` varchar(20) DEFAULT NULL,
  `fecha_hecho_otro` varchar(100) DEFAULT NULL,
  `pais_hecho` int(11) DEFAULT NULL,
  `pais_hecho_otro` varchar(255) DEFAULT NULL,
  `provincia_hecho` int(11) DEFAULT NULL,
  `localidad_hecho` int(11) DEFAULT NULL,
  `usuarios` int(11) DEFAULT NULL,
  `userID_create` int(11) DEFAULT NULL,
  `userID_modify` int(11) DEFAULT NULL,
  `sede` varchar(255) DEFAULT NULL,
  `activo` int(11) DEFAULT NULL
) ENGINE=InnoDB DEFAULT CHARSET=latin1;

--
-- Volcado de datos para la tabla `casos`
--

INSERT INTO `casos` (`id`, `created_at`, `updated_at`, `nombre_referencia`, `nro_carpeta`, `delito`, `otro_delito`, `descripcion_caso`, `fecha_ingreso`, `modalidad_ingreso`, `organismo`, `cual_otro_organismo`, `cavaj`, `comisaria`, `denuncias_previas`, `departamento_judicial`, `estado`, `motivospasivos`, `cual_otro_motivospasivo`, `nombre_y_apellido_de_la_victima`, `persona_asistida`, `fecha_delito`, `fecha_hecho`, `fecha_hecho_otro`, `pais_hecho`, `pais_hecho_otro`, `provincia_hecho`, `localidad_hecho`, `usuarios`, `userID_create`, `userID_modify`, `sede`, `activo`) VALUES
(1, '2019-05-23 18:00:08', '2019-05-23 18:00:08', 'CASO PRUEBA PROFESIONALES', NULL, 48, NULL, 'BREVE', '2019-05-15', 2, 0, NULL, 12, 'COMISARIA', 1, 11, 1, NULL, NULL, 'LUIS MASA', NULL, 3, NULL, NULL, 1, '', 1, 2, NULL, 3, NULL, 'LA PLATA', 1),
(2, '2019-05-23 19:05:33', '2019-05-23 19:05:33', 'PRUEBA', NULL, 42, NULL, 'BREVE', '2019-05-23', 1, 0, NULL, 10, 'COMISARIA', 1, 3, 1, NULL, NULL, 'JOSE LEON SUAREZ', NULL, 3, NULL, NULL, 1, '', 2, 880, NULL, 2, NULL, 'LA PLATA', 1),
(3, '2019-05-23 19:55:34', '2019-05-23 19:55:34', 'CASO INTERVINO ADMIN', NULL, 47, NULL, 'BREVE', '2019-05-15', 1, 0, NULL, 10, 'COMI', 1, 15, 1, NULL, NULL, 'SAMUEL ISMAEL', NULL, 3, NULL, NULL, 1, '', 1, 7, NULL, 1, NULL, 'LINCOLN', 1),
(4, '2019-05-23 21:02:44', '2019-05-23 21:02:44', 'CASO YO', NULL, 52, NULL, 'BREVE', '2019-05-23', 1, 0, NULL, 3, 'Se desconoce', 1, 7, 1, NULL, NULL, 'SAN LORENZO', NULL, 3, NULL, NULL, 1, '', 2, 878, NULL, 3, NULL, 'LA PLATA', 1),
(5, '2019-05-23 21:06:46', '2019-05-23 21:06:46', 'CASO INTERVINO YO', NULL, 42, NULL, 'BREVE', '2019-05-16', 1, 0, NULL, 7, 'COMI', 1, 1, 1, NULL, NULL, 'ESTABAN QUITO', NULL, 3, NULL, NULL, 1, '', 2, 885, NULL, 3, NULL, 'LA PLATA', 1),
(6, '2019-05-23 21:12:05', '2019-05-23 21:12:05', 'OTRO YO', NULL, 49, NULL, 'BREVE', '2019-05-23', 1, 0, NULL, 9, 'COMI', 1, 5, 1, NULL, NULL, 'MARIA DEL MAR', NULL, 3, NULL, NULL, 1, '', 2, 881, NULL, 3, NULL, 'LA PLATA', 1),
(7, '2019-05-24 00:04:54', '2019-05-24 00:04:54', 'CASO PRUEBA PROFESIONAL', NULL, 49, NULL, 'BREVE', '2019-05-23', 1, 0, NULL, 2, 'COM', 1, 6, 1, NULL, NULL, 'CARLOS CALVO', NULL, 3, NULL, NULL, 1, '', 1, 1, NULL, 3, NULL, 'LA PLATA', 1),
(8, '2019-05-24 00:37:01', '2019-05-24 00:37:01', 'PRUEBA INTERVINIENTE', NULL, 52, NULL, 'BREVE', '2019-05-23', 1, 0, NULL, 8, 'COMI', 1, 18, 1, NULL, NULL, 'JUAN RAMON', NULL, 3, NULL, NULL, 1, '', 1, 2, NULL, 2, NULL, 'LA PLATA', 1),
(9, '2019-05-27 02:44:37', '2019-05-27 02:44:37', 'CASO PRUEBA CIUDAD SE DESCONOCE', NULL, 52, NULL, 'BREVE', '2019-05-01', 1, 0, NULL, 2, 'COMI', 1, 5, 1, NULL, NULL, 'JORGE RAMOS', NULL, 3, NULL, NULL, 1, '', 25, NULL, NULL, 12, NULL, NULL, 1),
(10, '2019-05-27 02:47:22', '2019-05-27 02:47:22', 'CASO PRUEBA CIUDAD SE DESCONOCE', NULL, 52, NULL, 'BREVE', '2019-05-03', 1, 0, NULL, 15, 'COMI', 1, 2, 1, NULL, NULL, 'JOSE SAN MARTIN', NULL, 3, NULL, NULL, 1, '', 25, NULL, NULL, 12, NULL, NULL, 1),
(11, '2019-05-27 02:48:52', '2019-05-27 02:48:52', 'CASO PRUEBA CIUDAD SE CONOCE', NULL, 42, NULL, 'BREVE', '2019-05-26', 1, 0, NULL, 5, 'COMI', 1, 18, 1, NULL, NULL, 'JUANA MOLINA', NULL, 3, NULL, NULL, 1, '', 1, 3, NULL, 12, NULL, NULL, 1),
(12, '2019-05-28 20:33:56', '2019-05-28 20:33:56', 'CASO PROVINCIAS CIUDADES', '20', 52, NULL, 'BREVE LESIONES', '2019-05-22', 3, 15, NULL, 9, 'COMISARIA', 1, 12, 1, NULL, NULL, 'JOSEFA MORALES', NULL, 3, NULL, NULL, 1, '', 25, 943, NULL, 116, NULL, 'LA PLATA', 1),
(13, '2019-05-28 23:03:16', '2019-05-28 23:03:16', 'PRUEBA PROFESIONALES', NULL, 52, NULL, 'BREVE DESCRIP', '2019-05-28', 1, 0, NULL, 15, 'COMI', 1, 10, 1, NULL, NULL, 'JUAN', NULL, 3, NULL, NULL, 1, '', 1, 2, NULL, 116, NULL, 'LA PLATA', 1),
(14, '2019-05-28 23:50:13', '2019-05-28 23:50:13', 'NUEVO CASO', NULL, 52, NULL, 'BREVE', '2019-05-21', 1, 0, NULL, 6, 'COMISARIA', 1, 15, 1, NULL, NULL, 'JOSE MARTIN', NULL, 3, NULL, NULL, 1, '', 3, 942, NULL, 116, NULL, 'LA PLATA', 1),
(15, '2019-05-29 02:40:28', '2019-05-29 02:40:28', 'CASO PROF', NULL, 42, NULL, 'BREVE DESCRIP', '2019-05-28', 1, 0, NULL, 11, 'COMISARIA', 1, 2, 1, NULL, NULL, 'PEDRO ALMODOVAR', NULL, 3, NULL, NULL, 1, '', 1, 3, NULL, 116, NULL, 'LA PLATA', 1),
(16, '2019-05-29 15:41:50', '2019-05-29 15:41:50', 'PRUEBA', NULL, 51, NULL, 'BREVE', '2019-05-29', 1, 0, NULL, 10, 'COMI', 1, 8, 1, NULL, NULL, 'JUAN JOSE', NULL, 3, NULL, NULL, 1, '', 1, 2, NULL, 1, NULL, 'LA PLATA', 1),
(17, '2019-05-29 15:49:52', '2019-05-29 15:49:52', 'CASO RACK', NULL, 52, NULL, 'BREVE', '2019-05-23', 1, 0, NULL, 3, 'COMISARIA', 1, 15, 1, NULL, NULL, 'RACK', NULL, 3, NULL, NULL, 1, '', 1, 15, NULL, 50, NULL, 'LA PLATA', 1),
(18, '2019-05-29 16:56:29', '2019-05-29 16:56:29', 'CASO SIN ATACH', NULL, 52, NULL, 'BREVE', '2019-05-22', 1, 0, NULL, 9, 'COMI', 1, 15, 1, NULL, NULL, 'NORMA SERRANO', NULL, 3, NULL, NULL, 1, '', 3, 944, NULL, 50, NULL, 'LA PLATA', 1),
(19, '2019-05-29 19:57:19', '2019-05-29 19:57:19', 'CASO 115', NULL, 38, NULL, 'BREVE', '2019-05-29', 1, 0, NULL, 5, 'COMISARIA', 1, 14, 1, NULL, NULL, 'SAMUEL', NULL, 3, NULL, NULL, 1, '', 25, NULL, NULL, 115, NULL, 'SAN ISIDRO', 1),
(20, '2019-05-29 20:08:47', '2019-05-29 20:08:47', 'CASO INTERVIENE', '22', 44, NULL, 'BREVE', '2019-05-29', 1, 0, NULL, 2, 'COMISARIA', 1, 11, 1, NULL, NULL, 'LUJAN', NULL, 3, NULL, NULL, 1, '', 3, 934, NULL, 115, NULL, 'SAN ISIDRO', 1),
(21, '2019-05-30 02:52:20', '2019-05-30 02:52:20', 'CASO IGNACIO', NULL, 52, NULL, 'BREVE', '2019-05-29', 1, 0, NULL, 4, 'COMISARIA', 1, 11, 1, NULL, NULL, 'JUAN SEBASTIAN', NULL, 3, NULL, NULL, 1, '', 1, 7, NULL, 114, NULL, 'LA PLATA', 1),
(22, '2019-05-30 14:03:18', '2019-05-30 14:03:18', 'CASO COUNT', NULL, 49, NULL, 'BREVE', '2019-05-30', 1, 0, NULL, 17, 'COMI', 2, 9, 1, NULL, NULL, 'MARCOS PAL', NULL, 3, NULL, NULL, 1, '', 1, 6, NULL, 114, NULL, 'LA PLATA', 1),
(23, '2019-05-30 18:33:17', '2019-05-30 18:33:17', 'CASO COUNT CERO', NULL, 44, NULL, 'BREVE', '2019-05-30', 1, 0, NULL, 13, 'COMISARIA', 1, 11, 1, NULL, NULL, 'MARIO MOLINA', NULL, 3, NULL, NULL, 1, '', 1, 16, NULL, 114, NULL, 'LA PLATA', 1),
(24, '2019-05-31 02:51:32', '2019-05-31 02:51:32', 'CASO PROFESIONALES', NULL, 52, NULL, 'BREVE', '2019-05-30', 1, 0, NULL, 10, 'COMISARIA', 1, 13, 1, NULL, NULL, 'LOLA MORA', NULL, 3, NULL, NULL, 1, '', 1, 13, NULL, 114, NULL, 'LA PLATA', 1),
(25, '2019-05-31 13:54:23', '2019-05-31 13:54:23', 'CASO PROF INTERV', NULL, 52, NULL, 'BREVE', '2019-05-31', 1, 0, NULL, 15, 'COMI', 1, 12, 1, NULL, NULL, 'OSCAR ROJAS', NULL, 3, NULL, NULL, 1, '', 1, 15, NULL, 114, NULL, 'LA PLATA', 1),
(26, '2019-06-02 16:32:07', '2019-06-02 16:32:07', 'CASO SELECT PROFESIONALES', NULL, 42, NULL, 'BREVE', '2019-06-01', 1, 0, NULL, 9, 'COMISARIA', 1, 14, 1, NULL, NULL, 'MARTA SIMON', NULL, 3, NULL, NULL, 1, '', 25, NULL, NULL, 114, NULL, 'LA PLATA', 1),
(27, '2019-06-02 16:33:25', '2019-06-02 16:33:25', 'CASO SELECT PROFESIONALES', NULL, 42, NULL, 'BREVE', '2019-06-01', 1, 0, NULL, 9, 'COMISARIA', 1, 14, 1, NULL, NULL, 'MARTA SIMON', NULL, 3, NULL, NULL, 1, '', 25, NULL, NULL, 114, NULL, 'LA PLATA', 1),
(28, '2019-06-02 16:35:18', '2019-06-02 16:35:18', 'CASO SELECT PROFESIONALES', NULL, 42, NULL, 'BREVE', '2019-06-01', 1, 0, NULL, 9, 'COMISARIA', 1, 14, 1, NULL, NULL, 'MARTA SIMON', NULL, 3, NULL, NULL, 1, '', 25, NULL, NULL, 114, NULL, 'LA PLATA', 1),
(29, '2019-06-03 18:34:24', '2019-06-20 05:25:56', 'CASO PRUEBA LUCIA', '22', 12, NULL, 'BREVE', '2019-06-01', 1, 0, NULL, 3, 'COMI', 1, 7, 1, NULL, NULL, 'JOSE PEREZ', NULL, 3, NULL, NULL, 3, 'OTRO NEW PAIS', NULL, NULL, NULL, 114, 114, 'LA PLATA', 1),
(30, '2019-06-03 21:12:39', '2019-06-03 21:12:39', 'CASO INTERVENGO A KLENA', '22', 11, NULL, 'BREVE', '2019-06-01', 1, 0, NULL, 14, 'COMI', 2, 13, 1, NULL, NULL, 'MARCOS LUJAN', NULL, 3, NULL, NULL, 1, '', 2, 885, NULL, 70, NULL, 'MAR DEL PLATA', 1),
(31, '2019-06-10 02:45:44', '2019-06-10 02:45:44', 'mlllmlmlm', NULL, 42, NULL, 'brevevvevev', '2019-06-09', 1, 0, NULL, 12, 'comi', 1, 2, 1, NULL, NULL, 'monokom', NULL, 1, '1900-01-01', NULL, 2, '', 12, 2, NULL, 114, NULL, 'LA PLATA', 1),
(32, '2019-06-11 19:55:59', '2019-06-11 19:55:59', 'CASO VINCULOS', NULL, 5, NULL, 'BREVE', '2019-06-11', 1, 0, NULL, 9, 'COMISARIA', 1, 10, 1, NULL, NULL, 'PRUEBA VINCULO', NULL, 3, NULL, NULL, 1, '', 1, 4, NULL, 114, NULL, 'LA PLATA', 1),
(33, '2019-06-12 13:53:37', '2019-06-12 13:53:37', 'CASO CONVIVIENTES', '22', 9, NULL, 'BREVE', '2019-06-12', 1, 0, NULL, 17, 'Se desconoce', 1, 1, 1, NULL, NULL, 'JUAN PADILLA', NULL, 3, NULL, NULL, 1, '', 25, NULL, NULL, 114, NULL, 'LA PLATA', 1),
(34, '2019-06-12 14:25:59', '2019-06-12 14:25:59', 'JUAN RAMON', '22', 11, NULL, 'BREVE', '2019-06-12', 1, 0, NULL, 12, 'Se desconoce', 2, 3, 1, NULL, NULL, 'JUAN RAMON', NULL, 3, NULL, NULL, 1, '', 25, NULL, NULL, 114, NULL, 'LA PLATA', 1),
(35, '2019-06-12 16:20:51', '2019-06-12 16:20:51', 'PRUEBA LOCALIDAD', NULL, 9, NULL, 'BREVE', '2019-06-12', 1, 0, NULL, 8, 'COMI', 1, 11, 1, NULL, NULL, 'JUAN JUAN', NULL, 3, NULL, NULL, 2, '', NULL, NULL, NULL, 114, NULL, 'LA PLATA', 1),
(36, '2019-06-12 19:14:12', '2019-06-12 19:14:12', 'CASO PRUEBA', NULL, 13, NULL, 'BREVE', '2019-06-12', 1, 0, NULL, 9, 'Se desconoce', 2, 15, 1, NULL, NULL, 'PEDRO', NULL, 3, NULL, NULL, 2, '', NULL, NULL, NULL, 114, NULL, 'LA PLATA', 1),
(37, '2019-06-12 23:19:50', '2019-06-12 23:19:50', 'CASO PERSONAS ASISTIDAS', NULL, 7, NULL, 'BREVE', '2019-06-12', 1, 0, NULL, 11, 'COMI', 2, 18, 1, NULL, NULL, 'JOSE PEDRASA', NULL, 3, NULL, NULL, 2, '', NULL, NULL, NULL, 114, NULL, 'LA PLATA', 1),
(38, '2019-06-13 04:38:05', '2019-06-13 04:38:05', 'CASO PERSONAS', NULL, 12, NULL, 'BREVE', '2019-06-12', 1, 0, NULL, 14, 'Se desconoce', 2, 18, 1, NULL, NULL, 'JUAN MOREIRA', NULL, 3, NULL, NULL, 2, '', NULL, NULL, NULL, 114, NULL, 'LA PLATA', 1),
(39, '2019-06-13 13:46:28', '2019-06-13 13:46:28', 'PRUEBA VINCULOS', NULL, 11, NULL, 'BREVE', '2019-06-13', 1, 0, NULL, 12, 'Se desconoce', 2, 14, 1, NULL, NULL, 'JORGE MARIO', NULL, 3, NULL, NULL, 2, '', NULL, NULL, NULL, 114, NULL, 'LA PLATA', 1),
(40, '2019-06-14 14:09:54', '2019-06-14 14:09:54', 'PRUEBA IMPUTADO', NULL, 8, NULL, 'BREVE', '2019-06-14', 2, 0, NULL, 4, 'Se desconoce', 1, 6, 1, NULL, NULL, 'JOSE JUAN', NULL, 3, NULL, NULL, 2, '', NULL, NULL, NULL, 114, NULL, 'LA PLATA', 1),
(41, '2019-06-14 19:36:59', '2019-06-14 19:36:59', 'CASO PRUEBA IMPUTADO', NULL, 5, NULL, 'BREVE', '2019-06-14', 1, 0, NULL, 13, 'Se desconoce', 2, 2, 1, NULL, NULL, 'MARIO LUIS', NULL, 3, NULL, NULL, 1, '', 25, NULL, NULL, 114, NULL, 'LA PLATA', 1),
(42, '2019-06-17 00:50:28', '2019-06-17 00:50:28', 'PRUEBA FINAL', NULL, 12, NULL, 'NNNNNNNNNNNNNNNNNNNNNNNNNNNNNNNNNNNNNN', '2019-06-05', 1, 0, NULL, 9, 'Se desconoce', 1, 11, 1, NULL, NULL, 'SAMUEL', NULL, 3, NULL, NULL, 2, '', NULL, NULL, NULL, 114, NULL, 'LA PLATA', 1),
(43, '2019-06-17 04:19:18', '2019-06-17 04:19:18', 'ULTIMO CASO', NULL, 15, NULL, 'BREVE', '2019-06-16', 1, 0, NULL, 9, 'Se desconoce', 2, 2, 1, NULL, NULL, 'SONIA SALERNO', NULL, 3, NULL, NULL, 2, '', NULL, NULL, NULL, 114, NULL, 'LA PLATA', 1),
(44, '2019-06-17 17:45:19', '2019-06-17 17:45:19', 'CASO AGREGAR', NULL, 5, NULL, 'BREVE', '2019-06-17', 1, 0, NULL, 2, 'Se desconoce', 2, 9, 1, NULL, NULL, 'SANDRA', NULL, 3, NULL, NULL, 2, '', NULL, NULL, NULL, 114, NULL, 'LA PLATA', 1),
(45, '2019-06-17 19:57:54', '2019-06-17 22:12:35', 'CASO NUEVO', NULL, 9, NULL, 'BREVE', '2019-06-17', 1, 0, NULL, 9, 'Se desconoce', 2, 13, 1, NULL, NULL, 'JOSE MOURA', NULL, 3, NULL, NULL, 1, '', 3, 941, NULL, 114, 114, 'LA PLATA', 1),
(46, '2019-06-18 17:58:16', '2019-06-18 17:58:16', 'PRUEBA LUCIA NUEVO', NULL, 15, NULL, 'BREVE', '2019-06-18', 1, 0, NULL, 14, 'Se desconoce', 1, 10, 1, NULL, NULL, 'JUAN JOSE', NULL, 3, NULL, NULL, 1, '', 3, 939, NULL, 114, NULL, 'LA PLATA', 1),
(47, '2019-06-20 04:20:33', '2019-06-20 04:20:33', 'CASO OTRO PAIS', NULL, 36, NULL, 'BREVE', '2019-06-19', 1, 0, NULL, 11, 'Se desconoce', 1, 11, 1, NULL, NULL, 'RAUL CASTRO', NULL, 1, '1900-01-01', NULL, 3, 'BRASIL', NULL, NULL, NULL, 114, NULL, 'LA PLATA', 1);

-- --------------------------------------------------------

--
-- Estructura de tabla para la tabla `caso_cavaj`
--

CREATE TABLE `caso_cavaj` (
  `id` int(10) UNSIGNED NOT NULL,
  `caso_id` int(11) DEFAULT NULL,
  `cavaj_id` int(11) DEFAULT NULL
) ENGINE=InnoDB DEFAULT CHARSET=latin1;

-- --------------------------------------------------------

--
-- Estructura de tabla para la tabla `caso_organismos`
--

CREATE TABLE `caso_organismos` (
  `id` int(10) UNSIGNED NOT NULL,
  `caso_id` int(10) DEFAULT NULL,
  `organismo_id` int(10) DEFAULT NULL
) ENGINE=InnoDB DEFAULT CHARSET=latin1;

-- --------------------------------------------------------

--
-- Estructura de tabla para la tabla `cavajs`
--

CREATE TABLE `cavajs` (
  `id` int(10) UNSIGNED NOT NULL,
  `nombre` varchar(255) DEFAULT NULL
) ENGINE=InnoDB DEFAULT CHARSET=latin1;

--
-- Volcado de datos para la tabla `cavajs`
--

INSERT INTO `cavajs` (`id`, `nombre`) VALUES
(1, 'Sede Central (La Plata)  '),
(2, 'Morón '),
(3, 'Azul '),
(4, 'Pergamino '),
(5, 'Bahía Blanca '),
(6, 'Pilar '),
(7, 'Ezeiza '),
(8, 'Pinamar '),
(9, 'Lanús '),
(10, 'Quilmes '),
(11, 'Lomas de Zamora '),
(12, 'San Fernando '),
(13, 'Los Toldos '),
(14, 'San Martín '),
(15, 'Mar del Plata '),
(16, 'Tandil '),
(17, 'Mercedes '),
(18, 'Vicente López '),
(19, 'Moreno '),
(20, 'Zárate '),
(21, 'José C. Paz '),
(22, 'Almirante Brown '),
(23, 'La Matanza');

-- --------------------------------------------------------

--
-- Estructura de tabla para la tabla `ciudades`
--

CREATE TABLE `ciudades` (
  `id` int(10) UNSIGNED NOT NULL,
  `localidad_nombre` varchar(255) DEFAULT NULL,
  `latitud` decimal(9,7) DEFAULT NULL,
  `longitud` decimal(9,7) DEFAULT NULL,
  `idPcia` int(11) DEFAULT NULL
) ENGINE=InnoDB DEFAULT CHARSET=latin1;

--
-- Volcado de datos para la tabla `ciudades`
--

INSERT INTO `ciudades` (`id`, `localidad_nombre`, `latitud`, `longitud`, `idPcia`) VALUES
(1, 'SE DESCONOCE', '0.0000000', '0.0000000', 1),
(2, 'ABASTO', '-35.0103680', '-58.1151850', 1),
(3, 'ABBOTT', '-35.2825060', '-58.8042620', 1),
(4, 'ACASSUSO', '-34.4794020', '-58.5074040', 1),
(5, 'ACEVEDO', '-33.7556650', '-60.4408370', 1),
(6, 'ADOLFO GONZALES CHAVES', '-38.0334000', '-60.1003340', 1),
(7, 'ADROGUE', '-34.8015580', '-58.3914680', 1),
(8, 'AEROPUERTO INTERNACIONAL EZEIZA', '-34.8128220', '-58.5521650', 1),
(9, 'AGUAS VERDES', '-36.6552110', '-56.6949520', 1),
(10, 'AGUSTIN MOSCONI', '-35.7392170', '-60.5590630', 1),
(11, 'AGUSTIN ROCA', '-34.5080840', '-60.8648960', 1),
(12, 'AGUSTINA', '-34.4607070', '-61.0670720', 1),
(13, 'ALBERDI VIEJO', '-34.4418000', '-61.8448790', 1),
(14, 'ALBERTI', '-35.0330730', '-60.2806200', 1),
(15, 'ALDO BONZI', '-34.7141730', '-58.5089040', 1),
(16, 'ALEJANDRO KORN', '-35.0135130', '-58.3865350', 1),
(17, 'ALEJANDRO PETION', '-34.9793770', '-58.6749430', 1),
(18, 'ALFREDO DEMARCHI', '-35.2929820', '-61.4072540', 1),
(19, 'ALTAMIRANO', '-35.3615830', '-58.1504870', 1),
(20, 'ALTO LOS CARDALES', '-34.3160240', '-58.9784570', 1),
(21, 'ALVAREZ DE TOLEDO', '-35.6391610', '-59.6292380', 1),
(22, 'ALVAREZ JONTE', '-35.3227800', '-57.4490770', 1),
(23, 'AMERICA', '-35.4903410', '-62.9763760', 1),
(24, 'ANDANT', '-36.5640580', '-62.1324010', 1),
(25, 'ANGEL ETCHEVERRY', '-35.0261580', '-58.0959060', 1),
(26, 'ANTONIO CARBONI', '-35.2033090', '-59.3449560', 1),
(27, 'APARICIO', '-38.6204950', '-60.8809600', 1),
(28, 'ARANA', '-35.0300560', '-57.8865250', 1),
(29, 'ARBOLEDAS', '-36.8827710', '-61.4878180', 1),
(30, 'AREA CINTURON ECOLOGICO', '-34.6750060', '-58.3105630', 1),
(31, 'AREA DE PROMOCION EL TRIANGULO', '-34.4544550', '-58.7062420', 1),
(32, 'ARENAS VERDES', '-38.5463780', '-58.5573220', 1),
(33, 'ARENAZA', '-34.9846040', '-61.7729120', 1),
(34, 'ARGERICH', '-38.7686560', '-62.6025280', 1),
(35, 'ARIEL', '-36.5312540', '-59.9200650', 1),
(36, 'ARRECIFES', '-34.0645910', '-60.1025560', 1),
(37, 'ARRIBE?OS', '-34.2101540', '-61.3548580', 1),
(38, 'ARROYO CORTO', '-37.5129180', '-62.3116840', 1),
(39, 'ARROYO DE LA CRUZ', '-34.3363790', '-59.1094150', 1),
(40, 'ARROYO DULCE', '-34.1024330', '-60.4061550', 1),
(41, 'ARROYO VENADO', '-37.0864660', '-62.5391480', 1),
(42, 'ARTURO SEGUI', '-34.8907400', '-58.1327120', 1),
(43, 'ASAMBLEA', '-35.2267580', '-60.4168950', 1),
(44, 'ASCENSION', '-34.2368760', '-61.1036140', 1),
(45, 'ATALAYA', '-35.0240360', '-57.5340250', 1),
(46, 'ATLANTIDA', '-37.8505520', '-57.5134600', 1),
(47, 'AVELLANEDA', '-34.6626510', '-58.3656990', 1),
(48, 'AYACUCHO', '-37.1536700', '-58.4895480', 1),
(49, 'AZCUENAGA', '-34.3637910', '-59.3745990', 1),
(50, 'AZOPARDO', '-37.7017920', '-62.9006760', 1),
(51, 'AZUL', '-36.7795140', '-59.8586330', 1),
(52, 'BAHIA BLANCA', '-38.7114040', '-62.2569090', 1),
(53, 'BAHIA SAN BLAS', '-40.5602250', '-62.2380640', 1),
(54, 'BAIGORRITA', '-34.7472690', '-60.9889530', 1),
(55, 'BAJO HONDO', '-38.7648160', '-61.9184050', 1),
(56, 'BALCARCE', '-37.8482780', '-58.2551670', 1),
(57, 'BALNEARIO LAGUNA DE GOMEZ', '-34.6606440', '-61.0183650', 1),
(58, 'BALNEARIO MARISOL', '-38.9224910', '-60.5329770', 1),
(59, 'BALNEARIO ORENSE', '-38.8079580', '-59.7382990', 1),
(60, 'BALNEARIO PEHUEN CO', '-38.9961960', '-61.5471990', 1),
(61, 'BALNEARIO SAN CAYETANO', '-38.7481820', '-59.4292050', 1),
(62, 'BALNEARIO SAUCE GRANDE', '-38.9953580', '-61.2152020', 1),
(63, 'BANDERALO', '-35.0124670', '-63.3741560', 1),
(64, 'BANFIELD', '-34.7379030', '-58.4406750', 1),
(65, 'BARADERO', '-33.8128780', '-59.5043070', 1),
(66, 'BARKER', '-37.6424110', '-59.3889380', 1),
(67, 'BARRIO AMERICA UNIDA', '-34.8861980', '-58.4173350', 1),
(68, 'BARRIO BANCO PROVINCIA', '-34.8752590', '-57.8550860', 1),
(69, 'BARRIO BELGRANO', '-34.9022940', '-58.6479010', 1),
(70, 'BARRIO COLINAS VERDES', '-37.8931020', '-57.8261650', 1),
(71, 'BARRIO EL BOQUERON', '-38.0297230', '-57.7995490', 1),
(72, 'BARRIO EL CARMEN ESTE)', '-34.9293100', '-57.8853550', 1),
(73, 'BARRIO EL CARMEN OESTE)', '-34.9707540', '-57.8108950', 1),
(74, 'BARRIO EL CASAL', '-37.8324150', '-57.6311160', 1),
(75, 'BARRIO EL COYUNCO', '-37.9050810', '-57.7391820', 1),
(76, 'BARRIO EL MIRADOR', '-35.3145370', '-58.0484420', 1),
(77, 'BARRIO EL TALADRO', '-35.0742490', '-58.8632420', 1),
(78, 'BARRIO GAMBIER', '-34.9359590', '-57.9837630', 1),
(79, 'BARRIO KENNEDY', '-37.0062220', '-57.1417260', 1),
(80, 'BARRIO LA GLORIA', '-37.9068270', '-57.7858860', 1),
(81, 'BARRIO LAS CASUARINAS', '-34.5607460', '-59.1700840', 1),
(82, 'BARRIO LAS GOLONDRINAS', '-35.0335780', '-58.1935380', 1),
(83, 'BARRIO LAS MALVINAS', '-34.9374880', '-58.0093950', 1),
(84, 'BARRIO LAS MARGARITAS', '-34.1932370', '-60.6820260', 1),
(85, 'BARRIO LAS QUINTAS', '-34.9257210', '-58.0393400', 1),
(86, 'BARRIO LOMAS ALTAS', '-35.5739890', '-58.0680440', 1),
(87, 'BARRIO LOS BOSQUECITOS', '-35.1050390', '-58.1835010', 1),
(88, 'BARRIO LOS PIONEROS', '-34.2530410', '-58.9584400', 1),
(89, 'BARRIO MORABO', '-34.5497200', '-58.9467790', 1),
(90, 'BARRIO PARQUE GENERAL SAN MARTIN', '-34.5673430', '-58.5843110', 1),
(91, 'BARRIO PARQUE LAS ACACIAS', '-35.1030330', '-58.2730410', 1),
(92, 'BARRIO RIO SALADO', '-35.6936380', '-58.4473140', 1),
(93, 'BARRIO RUTA 24 KILOMETRO 10', '-34.6882160', '-58.9574300', 1),
(94, 'BARRIO RUTA 24 KM. 10', '-34.6764460', '-58.9704190', 1),
(95, 'BARRIO RUTA SOL', '-34.9437330', '-58.1732650', 1),
(96, 'BARRIO SAAVEDRA', '-34.1263840', '-59.0201570', 1),
(97, 'BARRIO SAN CAYETANO', '-35.5466820', '-58.0013260', 1),
(98, 'BARRIO SANTA  PAULA', '-37.9317160', '-57.6831620', 1),
(99, 'BARRIO SANTA ROSA', '-34.9530810', '-58.7829290', 1),
(100, 'BARRIO UNIVERSITARIO', '-34.9027530', '-57.9270880', 1),
(101, 'BARRIOS LISANDRO DE LA TORRE Y SANTA MARTA', '-34.8543300', '-58.7844440', 1),
(102, 'BATAN', '-38.0086210', '-57.7085500', 1),
(103, 'BAYAUCA', '-34.8710510', '-61.2895450', 1),
(104, 'BECCAR', '-34.4674160', '-58.5400340', 1),
(105, 'BELEN DE ESCOBAR', '-34.3516700', '-58.7832530', 1),
(106, 'BELLA VISTA', '-34.5751400', '-58.6960410', 1),
(107, 'BELLOCQ', '-35.9189710', '-61.5312630', 1),
(108, 'BENAVIDEZ', '-34.4104350', '-58.6887920', 1),
(109, 'BENITEZ', '-34.9660330', '-60.1236390', 1),
(110, 'BENITO JUAREZ', '-37.6766410', '-59.8057680', 1),
(111, 'BERAZATEGUI', '-34.7597490', '-58.2019650', 1),
(112, 'BERAZATEGUI OESTE', '-34.7804200', '-58.2415010', 1),
(113, 'BERDIER', '-34.3987730', '-60.2605730', 1),
(114, 'BERISSO', '-34.8746350', '-57.8947470', 1),
(115, 'BERMUDEZ', '-34.6966050', '-61.3250130', 1),
(116, 'BERNAL', '-34.7003780', '-58.2766430', 1),
(117, 'BERNAL OESTE', '-34.7269640', '-58.3182800', 1),
(118, 'BERUTTI', '-35.8580310', '-62.5126330', 1),
(119, 'BILLINGHURST', '-34.5751070', '-58.5745830', 1),
(120, 'BLANCAGRANDE', '-36.5328890', '-60.8824550', 1),
(121, 'BLAQUIER', '-34.6356620', '-62.4786820', 1),
(122, 'BOCAYUVA', '-36.2065730', '-63.0761550', 1),
(123, 'BORDENAVE', '-37.8028180', '-63.0425140', 1),
(124, 'BOSQUES', '-34.8275810', '-58.2229120', 1),
(125, 'BOULOGNE SUR MER', '-34.4983310', '-58.5700140', 1),
(126, 'BRAGADO', '-35.1189420', '-60.4879150', 1),
(127, 'BURZACO', '-34.8315420', '-58.3986870', 1),
(128, 'C.C. BOSQUE REAL', '-34.5601390', '-58.9182610', 1),
(129, 'CABILDO', '-38.4838570', '-61.8926020', 1),
(130, 'CACHARI', '-36.3805630', '-59.5030650', 1),
(131, 'CADRET', '-35.7727530', '-61.3353880', 1),
(132, 'CAMET', '-37.9130760', '-57.5524640', 1),
(133, 'CAMET NORTE', '-37.8224330', '-57.4974690', 1),
(134, 'CAMPANA', '-34.1639620', '-58.9588740', 1),
(135, 'CAMPO DE MAYO', '-34.5346820', '-58.6513860', 1),
(136, 'CAMPOS DE ROCA', '-35.1149770', '-58.0953900', 1),
(137, 'CAMPOS SALLES', '-33.4010840', '-60.2846970', 1),
(138, 'CANNING', '-34.8849790', '-58.4778100', 1),
(139, 'CANNING', '-34.8962280', '-58.5087010', 1),
(140, 'CA?ADA SECA', '-34.4155050', '-62.9618550', 1),
(141, 'CA?UELAS', '-35.0527140', '-58.7583860', 1),
(142, 'CAPILLA DEL SE?OR', '-34.2912110', '-59.1015230', 1),
(143, 'CAPITAN CASTRO', '-35.9136930', '-62.2240580', 1),
(144, 'CAPITAN SARMIENTO', '-34.1723670', '-59.7893490', 1),
(145, 'CARAPACHAY', '-34.5259150', '-58.5357640', 1),
(146, 'CARDENAL CAGLIERO', '-40.6522000', '-62.7575970', 1),
(147, 'CARHUE', '-37.1774800', '-62.7578960', 1),
(148, 'CARILO', '-37.1641590', '-56.9027910', 1),
(149, 'CARLOS BEGUERIE', '-35.4854690', '-59.1017160', 1),
(150, 'CARLOS CASARES', '-35.6235440', '-61.3653160', 1),
(151, 'CARLOS KEEN', '-34.4862820', '-59.2180860', 1),
(152, 'CARLOS MARIA NAON', '-35.2394990', '-60.8251360', 1),
(153, 'CARLOS SALAS', '-35.3913660', '-61.9949100', 1),
(154, 'CARLOS SPEGAZZINI', '-34.9338490', '-58.5780020', 1),
(155, 'CARLOS TEJEDOR', '-35.3925730', '-62.4193020', 1),
(156, 'CARLOS TOMAS SOURIGUES', '-34.8021190', '-58.2188210', 1),
(157, 'CARMEN DE ARECO', '-34.3776990', '-59.8229020', 1),
(158, 'CARMEN DE PATAGONES', '-40.7972980', '-62.9847540', 1),
(159, 'CASALINS', '-36.3181420', '-58.5525030', 1),
(160, 'CASBAS', '-36.7580950', '-62.5017750', 1),
(161, 'CASCADAS', '-37.2899620', '-62.2971680', 1),
(162, 'CASEROS', '-34.6088730', '-58.5636640', 1),
(163, 'CASTELAR', '-34.6644130', '-58.6456430', 1),
(164, 'CASTELLI', '-36.0916940', '-57.8071800', 1),
(165, 'CASTILLA', '-34.6131250', '-59.9005190', 1),
(166, 'CAZON', '-35.5768030', '-59.6645040', 1),
(167, 'CENTINELA DEL MAR', '-38.4348810', '-58.2168640', 1),
(168, 'CENTRO GUERRERO', '-36.0570620', '-57.8235420', 1),
(169, 'CERRO DE LA GLORIA CANAL 15)', '-35.9760530', '-57.4487350', 1),
(170, 'CHACABUCO', '-34.6429840', '-60.4701840', 1),
(171, 'CHACRAS DEL RIO LUJAN', '-34.2934150', '-58.9211990', 1),
(172, 'CHAPADMALAL', '-38.1757780', '-57.6513390', 1),
(173, 'CHASCOMUS', '-35.5743010', '-58.0005530', 1),
(174, 'CHASICO', '-38.3352260', '-62.6424100', 1),
(175, 'CHICLANA', '-35.7327370', '-61.7439270', 1),
(176, 'CHILLAR', '-37.3150110', '-59.9853180', 1),
(177, 'CHIVILCOY', '-34.8980160', '-60.0188840', 1),
(178, 'CHURRUCA', '-34.5589660', '-58.6228020', 1),
(179, 'CITY BELL', '-34.8879380', '-58.0582330', 1),
(180, 'CIUDAD DEL LIBERTADOR GENERAL SAN MARTIN', '-34.5796990', '-58.5420140', 1),
(181, 'CIUDAD EVITA', '-34.7245360', '-58.5370060', 1),
(182, 'CIUDAD JARDIN EL LIBERTADOR', '-34.5416520', '-58.5959090', 1),
(183, 'CIUDAD JARDIN LOMAS DEL PALOMAR', '-34.5961200', '-58.5966000', 1),
(184, 'CIUDADELA', '-34.6326970', '-58.5424070', 1),
(185, 'CLARAZ', '-37.8918270', '-59.2866980', 1),
(186, 'CLAROMECO', '-38.7973740', '-60.1076230', 1),
(187, 'CLAYPOLE', '-34.8044760', '-58.3447830', 1),
(188, 'CLUB DE CAMPO LAS MALVINAS', '-35.2139980', '-58.2433030', 1),
(189, 'CLUB DE CAMPO LOS PUENTES', '-34.5760130', '-59.0214110', 1),
(190, 'COLON', '-33.8978630', '-61.0995610', 1),
(191, 'COLONIA HINOJO', '-36.8800690', '-60.1780550', 1),
(192, 'COLONIA MAURICIO', '-35.5249600', '-61.4378670', 1),
(193, 'COLONIA NIEVAS', '-36.8641370', '-60.0816420', 1),
(194, 'COLONIA SAN ADOLFO', '-39.3983950', '-62.5711720', 1),
(195, 'COLONIA SAN MARTIN', '-37.9769150', '-62.3326100', 1),
(196, 'COLONIA SAN MIGUEL', '-36.9495660', '-60.1108950', 1),
(197, 'COLONIA SAN MIGUEL ARCANGEL', '-37.4486190', '-63.1176090', 1),
(198, 'COLONIA SAN RICARDO', '-34.4162140', '-61.9280140', 1),
(199, 'COLONIA SERE', '-35.4388160', '-62.7252380', 1),
(200, 'COMANDANTE NICANOR OTAMENDI', '-38.1119340', '-57.8415350', 1),
(201, 'COMODORO PY', '-35.3233100', '-60.5217310', 1),
(202, 'CONESA', '-33.5962120', '-60.3541260', 1),
(203, 'COPETONAS', '-38.7227400', '-60.4519660', 1),
(204, 'CORONEL BOERR', '-35.9414440', '-59.0693550', 1),
(205, 'CORONEL BRANDSEN', '-35.1690980', '-58.2373530', 1),
(206, 'CORONEL CHARLONE', '-34.6729950', '-63.3724450', 1),
(207, 'CORONEL DORREGO', '-38.7166240', '-61.2884950', 1),
(208, 'CORONEL MARTINEZ DE HOZ', '-35.3321820', '-61.6140850', 1),
(209, 'CORONEL PRINGLES', '-37.9865210', '-61.3540720', 1),
(210, 'CORONEL SEGUI', '-34.8681190', '-60.3939710', 1),
(211, 'CORONEL SUAREZ', '-37.4596220', '-61.9317530', 1),
(212, 'CORONEL VIDAL', '-37.4522140', '-57.7299500', 1),
(213, 'CORTINES', '-34.5590630', '-59.2044270', 1),
(214, 'COSTA BONITA', '-38.5589730', '-58.6585540', 1),
(215, 'COUNTRY CLUB EL CASCO', '-34.1275890', '-59.0834600', 1),
(216, 'COUNTRY CLUB EL RODEO', '-35.0794690', '-58.1393280', 1),
(217, 'COUNTRY CLUB LAS PRADERAS', '-34.4902660', '-59.1324860', 1),
(218, 'COUNTRY LOS MEDANOS', '-38.8468450', '-62.7387420', 1),
(219, 'CROTTO', '-36.5774100', '-60.1711190', 1),
(220, 'CRUCESITA', '-34.6691060', '-58.3574540', 1),
(221, 'CUARTEL V', '-34.5586600', '-58.8163010', 1),
(222, 'CULULLU', '-34.4460870', '-59.3622550', 1),
(223, 'CURA MALAL', '-37.4843020', '-62.1036200', 1),
(224, 'CURARU', '-35.6403500', '-62.1924370', 1),
(225, 'DAIREAUX', '-36.6001750', '-61.7450130', 1),
(226, 'DARREGUEIRA', '-37.6857560', '-63.1595660', 1),
(227, 'DE BARY', '-36.3416810', '-63.2611530', 1),
(228, 'DE LA CANAL', '-37.1293130', '-59.1053800', 1),
(229, 'DE LA GARMA', '-37.9635020', '-60.4156590', 1),
(230, 'DEL CARRIL', '-35.5127170', '-59.5158200', 1),
(231, 'DEL VALLE', '-35.8973450', '-60.7316090', 1),
(232, 'DEL VISO', '-34.4494010', '-58.8009120', 1),
(233, 'DEL VISO', '-34.4804960', '-58.8042590', 1),
(234, 'DELFIN HUERGO', '-37.3173290', '-63.2331690', 1),
(235, 'DIEGO GAYNOR', '-34.2889740', '-59.2227810', 1),
(236, 'DIQUE LUJAN', '-34.3717750', '-58.6917930', 1),
(237, 'DIQUE N? 1', '-34.8758490', '-57.9336300', 1),
(238, 'DOCK SUD', '-34.6491270', '-58.3411770', 1),
(239, 'DOLORES', '-36.3161220', '-57.6752660', 1),
(240, 'DOMSELAAR', '-35.0486930', '-58.3145750', 1),
(241, 'DON BOSCO', '-34.7032130', '-58.2984530', 1),
(242, 'DON ORIONE', '-34.8210750', '-58.3447460', 1),
(243, 'DON TORCUATO ESTE', '-34.4869370', '-58.6159410', 1),
(244, 'DON TORCUATO OESTE', '-34.5035350', '-58.6275290', 1),
(245, 'DORBIGNY', '-37.6772290', '-61.7052610', 1),
(246, 'DUDIGNAC', '-35.6511930', '-60.7098960', 1),
(247, 'DUFAUR', '-37.9428220', '-62.2848640', 1),
(248, 'DUGGAN', '-34.2071970', '-59.6357060', 1),
(249, 'DUNAMAR', '-38.8586780', '-60.0873320', 1),
(250, 'EL ARBOLITO', '-33.9147840', '-60.9438080', 1),
(251, 'EL CAZADOR', '-34.3034900', '-58.7811270', 1),
(252, 'EL DIVISORIO', '-38.3235640', '-61.4450580', 1),
(253, 'EL DORADO', '-34.6528610', '-61.5829090', 1),
(254, 'EL JAG?EL', '-34.8304510', '-58.4948690', 1),
(255, 'EL LIBERTADOR', '-34.5564990', '-58.6223380', 1),
(256, 'EL MARQUESADO', '-38.2369310', '-57.7634180', 1),
(257, 'EL PALOMAR', '-34.6177070', '-58.6015330', 1),
(258, 'EL PARAISO', '-33.5679150', '-59.9791120', 1),
(259, 'EL PATO', '-34.9067560', '-58.1967000', 1),
(260, 'EL PENSAMIENTO', '-38.2154090', '-61.3145850', 1),
(261, 'EL PERDIDO', '-38.6757750', '-61.0884420', 1),
(262, 'EL REMANSO', '-34.4149480', '-59.0862810', 1),
(263, 'EL RETIRO', '-34.9476180', '-57.9957430', 1),
(264, 'EL TALAR', '-34.4713210', '-58.6570300', 1),
(265, 'EL TRIGO', '-35.8815480', '-59.4063370', 1),
(266, 'EL TRIUNFO', '-35.0882210', '-61.5163330', 1),
(267, 'EL TROPEZON', '-34.9564050', '-58.2787450', 1),
(268, 'ELVIRA', '-35.2432720', '-59.4860400', 1),
(269, 'EMILIO AYARZA', '-34.7460600', '-60.0392310', 1),
(270, 'EMILIO V. BUNGE', '-34.7798330', '-63.1960960', 1),
(271, 'ENERGIA', '-38.5580130', '-59.3364570', 1),
(272, 'ENSENADA', '-34.8679770', '-57.9214380', 1),
(273, 'EREZCANO', '-33.5232450', '-60.3174450', 1),
(274, 'ERNESTINA', '-35.2702340', '-59.5575030', 1),
(275, 'ESCALADA', '-34.1609330', '-59.1125400', 1),
(276, 'ESPARTILLAR', '-37.3563350', '-62.4387640', 1),
(277, 'ESPARTILLAR E)', '-37.3604340', '-62.4297390', 1),
(278, 'ESPIGAS', '-36.4122730', '-60.6730690', 1),
(279, 'ESTACION ARENALES', '-34.2698460', '-61.2926720', 1),
(280, 'ESTACION CAMET', '-37.8886650', '-57.6000120', 1),
(281, 'ESTACION CHAPADMALAL', '-38.0367280', '-57.7129900', 1),
(282, 'ESTACION SOL DE MAYO', '-34.2689450', '-60.8717770', 1),
(283, 'ESTANISLAO SEVERO ZEBALLOS', '-34.8122860', '-58.2426530', 1),
(284, 'ESTEBAN AGUSTIN GASCON', '-37.4544380', '-63.2565950', 1),
(285, 'ESTELA', '-38.1080950', '-62.9129040', 1),
(286, 'EZPELETA', '-34.7435640', '-58.2281410', 1),
(287, 'EZPELETA OESTE', '-34.7634440', '-58.2638310', 1),
(288, 'FARO', '-38.7966780', '-61.0688770', 1),
(289, 'FATIMA', '-34.4072580', '-58.9746910', 1),
(290, 'FELIPE SOLA', '-38.0059930', '-62.8186940', 1),
(291, 'FERRE', '-34.1250380', '-61.1326550', 1),
(292, 'FLORENCIO VARELA', '-34.7960540', '-58.2748590', 1),
(293, 'FLORENTINO AMEGHINO', '-34.8466780', '-62.4671580', 1),
(294, 'FLORIDA', '-34.5327430', '-58.4910980', 1),
(295, 'FLORIDA OESTE', '-34.5394220', '-58.5148140', 1),
(296, 'FONTEZUELA', '-33.9138390', '-60.4628650', 1),
(297, 'FORTIN ACHA', '-34.3430420', '-61.5156660', 1),
(298, 'FORTIN OLAVARRIA', '-35.7048850', '-63.0230330', 1),
(299, 'FORTIN TIBURCIO', '-34.3467320', '-61.1310780', 1),
(300, 'FRANCISCO ALVAREZ', '-34.6073140', '-58.8599430', 1),
(301, 'FRANCISCO MADERO', '-35.8483070', '-62.0693920', 1),
(302, 'FRANKLIN', '-34.6103910', '-59.6301800', 1),
(303, 'FRENTE MAR', '-37.8577700', '-57.5154240', 1),
(304, 'GAHAN', '-34.3380740', '-60.0992740', 1),
(305, 'GARDEY', '-37.2823320', '-59.3630000', 1),
(306, 'GARIN', '-34.4287850', '-58.7361730', 1),
(307, 'GARRE', '-36.5604380', '-62.5981120', 1),
(308, 'GENERAL ALVEAR', '-36.0229380', '-60.0147940', 1),
(309, 'GENERAL ARENALES', '-34.3044680', '-61.3056280', 1),
(310, 'GENERAL BELGRANO', '-35.7694580', '-58.4944620', 1),
(311, 'GENERAL CONESA', '-36.5208590', '-57.3249370', 1),
(312, 'GENERAL DANIEL CERRI', '-38.7136520', '-62.3924220', 1),
(313, 'GENERAL GUIDO', '-36.6431650', '-57.7905020', 1),
(314, 'GENERAL HORNOS', '-34.8937760', '-58.9172220', 1),
(315, 'GENERAL JUAN MADARIAGA', '-36.9967730', '-57.1374770', 1),
(316, 'GENERAL LA MADRID', '-37.2503990', '-61.2595790', 1),
(317, 'GENERAL LAS HERAS', '-34.9267740', '-58.9453410', 1),
(318, 'GENERAL LAVALLE', '-36.4080850', '-56.9433550', 1),
(319, 'GENERAL MANSILLA', '-35.0816830', '-57.7469760', 1),
(320, 'GENERAL OBRIEN', '-34.9067980', '-60.7597840', 1),
(321, 'GENERAL PACHECO', '-34.4523090', '-58.6448940', 1),
(322, 'GENERAL PINTO', '-34.7641560', '-61.8900670', 1),
(323, 'GENERAL PIRAN', '-37.2778610', '-57.7740150', 1),
(324, 'GENERAL RIVAS', '-34.6100370', '-59.7504230', 1),
(325, 'GENERAL RODRGUEZ', '-34.6278600', '-58.9532530', 1),
(326, 'GENERAL ROJO', '-33.4758680', '-60.2874270', 1),
(327, 'GENERAL VILLEGAS', '-35.0338420', '-63.0146640', 1),
(328, 'GERLI', '-34.6847640', '-58.3726030', 1),
(329, 'GERLI', '-34.6909570', '-58.3838630', 1),
(330, 'GERMANIA', '-34.5761120', '-62.0518310', 1),
(331, 'GIRODIAS', '-36.3674520', '-62.3569660', 1),
(332, 'GLEW', '-34.8860110', '-58.3818300', 1),
(333, 'GOBERNADOR CASTRO', '-33.6605790', '-59.8663410', 1),
(334, 'GOBERNADOR JULIO A. COSTA', '-34.8152400', '-58.3082330', 1),
(335, 'GOBERNADOR UDAONDO', '-35.3003270', '-58.5943050', 1),
(336, 'GOBERNADOR UGARTE', '-35.1643970', '-60.0813580', 1),
(337, 'GOLDNEY', '-34.6029550', '-59.2882140', 1),
(338, 'GOMEZ', '-35.0693660', '-58.1656900', 1),
(339, 'GONZALEZ CATAN', '-34.7724650', '-58.6404860', 1),
(340, 'GONZALEZ MORENO', '-35.5576530', '-63.3815800', 1),
(341, 'GORCHS', '-35.6733730', '-58.9583000', 1),
(342, 'GOROSTIAGA', '-34.8391270', '-59.8646670', 1),
(343, 'GOWLAND', '-34.6524290', '-59.3523190', 1),
(344, 'GOYENA', '-37.7192520', '-62.6071300', 1),
(345, 'GRAND BOURG', '-34.4869940', '-58.7286750', 1),
(346, 'GREGORIO DE LAFERRERE', '-34.7468380', '-58.5925330', 1),
(347, 'GR?NBEIN', '-38.7471080', '-62.1891170', 1),
(348, 'GUAMINI', '-37.0120880', '-62.4166860', 1),
(349, 'GUERNICA', '-34.9230590', '-58.3650270', 1),
(350, 'GUERRICO', '-33.6745850', '-60.4006870', 1),
(351, 'GUILLERMO ENRIQUE HUDSON', '-34.7897590', '-58.1439690', 1),
(352, 'GUNTHER', '-34.5995000', '-61.9164990', 1),
(353, 'HAEDO', '-34.6440660', '-58.5978180', 1),
(354, 'HALE', '-36.0010430', '-60.8534500', 1),
(355, 'HENDERSON', '-36.2994630', '-61.7178400', 1),
(356, 'HERRERA VEGAS', '-36.0883250', '-61.4112500', 1),
(357, 'HILARIO ASCASUBI', '-39.3758600', '-62.6477900', 1),
(358, 'HINOJO', '-36.8759000', '-60.1473200', 1),
(359, 'HORTENSIA', '-35.9277090', '-61.2622900', 1),
(360, 'HUANGUELEN', '-37.0622290', '-61.9297530', 1),
(361, 'HURLINGHAM', '-34.5930930', '-58.6357210', 1),
(362, 'IGNACIO CORREAS', '-35.0345600', '-57.8440250', 1),
(363, 'INDIO RICO', '-38.3293770', '-60.8866340', 1),
(364, 'INES INDART', '-34.3994160', '-60.5436830', 1),
(365, 'INGENIERO ADOLFO SOURDEAUX', '-34.5004330', '-58.6618050', 1),
(366, 'INGENIERO JUAN ALLAN', '-34.8648080', '-58.2110440', 1),
(367, 'INGENIERO MASCHWITZ', '-34.3790010', '-58.7303340', 1),
(368, 'INGENIERO MONETA', '-33.9314630', '-59.7482330', 1),
(369, 'INGENIERO PABLO NOGUES', '-34.4790930', '-58.6989740', 1),
(370, 'INGENIERO THOMPSON', '-36.6102540', '-62.9109610', 1),
(371, 'INGENIERO WHITE', '-38.7794670', '-62.2629510', 1),
(372, 'INOCENCIO SOSA', '-35.7184200', '-62.1142780', 1),
(373, 'IRALA', '-34.7718230', '-60.6916910', 1),
(374, 'IRENE', '-38.5543430', '-60.6954940', 1),
(375, 'IRINEO PORTELA', '-33.9810490', '-59.6715600', 1),
(376, 'ISIDRO CASANOVA', '-34.7184290', '-58.5777520', 1),
(377, 'ISLA SANTIAGO OESTE)', '-34.8370460', '-57.8999620', 1),
(378, 'ITUZAINGO CENTRO', '-34.6440550', '-58.6884890', 1),
(379, 'ITUZAINGO SUR', '-34.6699430', '-58.6733040', 1),
(380, 'JEPPENER', '-35.2802040', '-58.1996650', 1),
(381, 'JOAQUIN GORINA', '-34.9017820', '-58.0391860', 1),
(382, 'JOSE B. CASAS', '-40.4363640', '-62.5449340', 1),
(383, 'JOSE C. PAZ', '-34.5211610', '-58.7708810', 1),
(384, 'JOSE HERNANDEZ', '-34.8985900', '-58.0143970', 1),
(385, 'JOSE INGENIEROS', '-34.6171530', '-58.5342190', 1),
(386, 'JOSE JUAN ALMEYRA', '-34.9232640', '-59.5422520', 1),
(387, 'JOSE MARIA EZEIZA', '-34.8536100', '-58.5195520', 1),
(388, 'JOSE MARMOL', '-34.7851440', '-58.3681480', 1),
(389, 'JOSE MELCHOR ROMERO', '-34.9455090', '-58.0362900', 1),
(390, 'JUAN A. DE LA  PE?A', '-33.8322770', '-60.4864900', 1),
(391, 'JUAN A. PRADERE', '-39.5993800', '-62.6510470', 1),
(392, 'JUAN ANCHORENA', '-33.9263380', '-60.3829030', 1),
(393, 'JUAN BAUTISTA ALBERDI', '-34.4387920', '-61.8121890', 1),
(394, 'JUAN COUSTE', '-38.8942600', '-63.1361580', 1),
(395, 'JUAN E. BARRA', '-37.8233870', '-60.4846400', 1),
(396, 'JUAN F. IBARRA', '-36.3498770', '-61.2552590', 1),
(397, 'JUAN JOSE PASO', '-35.8524740', '-62.2962120', 1),
(398, 'JUAN MARIA GUTIERREZ', '-34.8348420', '-58.1819060', 1),
(399, 'JUAN N. FERNANDEZ', '-38.0091790', '-59.2634990', 1),
(400, 'JUNIN', '-34.5838320', '-60.9472650', 1),
(401, 'LA AGRARIA', '-34.6564150', '-60.8466680', 1),
(402, 'LA ANGELITA', '-34.2608740', '-60.9685990', 1),
(403, 'LA ARMONIA', '-37.7748550', '-57.6351210', 1),
(404, 'LA AURORA', '-35.4079470', '-61.2105670', 1),
(405, 'LA BALIZA', '-37.7697390', '-57.4508200', 1),
(406, 'LA BEBA', '-34.1544390', '-61.0128710', 1),
(407, 'LA CALETA', '-37.7834380', '-57.4647860', 1),
(408, 'LA CAPILLA', '-34.9437330', '-58.2632550', 1),
(409, 'LA CARRETA', '-36.1964810', '-62.2245640', 1),
(410, 'LA CHOZA', '-34.7829910', '-59.1095650', 1),
(411, 'LA COLINA', '-37.3607690', '-61.5348490', 1),
(412, 'LA CONSTANCIA', '-37.2286260', '-58.7603890', 1),
(413, 'LA CUMBRE', '-34.9235920', '-58.0019480', 1),
(414, 'LA DELFINA', '-34.9437720', '-61.1588640', 1),
(415, 'LA EMILIA', '-33.3514850', '-60.3139570', 1),
(416, 'LA INVENCIBLE', '-34.2687420', '-60.3853650', 1),
(417, 'LA LARGA', '-36.6749260', '-61.9291950', 1),
(418, 'LA LIMPIA', '-35.0797270', '-60.5928550', 1),
(419, 'LA LONJA', '-34.4448150', '-58.8393730', 1),
(420, 'LA LUCILA', '-34.4985430', '-58.4865820', 1),
(421, 'LA LUISA', '-34.1285570', '-59.9240060', 1),
(422, 'LA PALA', '-36.6613400', '-63.3661280', 1),
(423, 'LA PLATA', '-34.9208630', '-57.9540560', 1),
(424, 'LA REJA', '-34.6452390', '-58.8380250', 1),
(425, 'LA RICA', '-34.9739190', '-59.8639300', 1),
(426, 'LA RUTA', '-38.6534160', '-60.8608560', 1),
(427, 'LA SOFIA', '-35.7003910', '-61.1702870', 1),
(428, 'LA TABLADA', '-34.6870540', '-58.5256120', 1),
(429, 'LA TRINIDAD', '-34.1068550', '-61.1317020', 1),
(430, 'LA UNION', '-34.8503860', '-58.5558700', 1),
(431, 'LA VIOLETA', '-33.7347850', '-60.1701770', 1),
(432, 'LABARDEN', '-36.9489670', '-58.1035670', 1),
(433, 'LAGUNA ALSINA', '-36.8090520', '-62.2451480', 1),
(434, 'LAGUNA DE LOBOS', '-35.2747620', '-59.1339060', 1),
(435, 'LAGUNA VITEL', '-35.5404170', '-58.1349190', 1),
(436, 'LANUS ESTE', '-34.7108610', '-58.3725050', 1),
(437, 'LANUS OESTE', '-34.6957820', '-58.4162530', 1),
(438, 'LAPLACETTE', '-34.7245240', '-61.1553170', 1),
(439, 'LAPRIDA', '-37.5467980', '-60.7970540', 1),
(440, 'LARTIGAU', '-38.4459190', '-61.5660970', 1),
(441, 'LAS ARMAS', '-37.0860540', '-57.8285750', 1),
(442, 'LAS BAHAMAS', '-33.6366100', '-59.9895560', 1),
(443, 'LAS CARABELAS', '-34.0381000', '-60.8685260', 1),
(444, 'LAS ENCADENADAS', '-38.0361080', '-62.4704140', 1),
(445, 'LAS FLORES', '-36.0154970', '-59.1004660', 1),
(446, 'LAS MARIANAS', '-35.0539260', '-59.5131010', 1),
(447, 'LAS MARTINETAS', '-37.1980810', '-61.1220420', 1),
(448, 'LAS TONINAS', '-36.4883980', '-56.7004350', 1),
(449, 'LAS TOSCAS', '-35.3649870', '-61.8055490', 1),
(450, 'LEANDRO N. ALEM', '-34.5217250', '-61.3911830', 1),
(451, 'LEZICA Y TORREZURI', '-34.5807000', '-59.0582310', 1),
(452, 'LIBANO', '-37.5336210', '-61.2865750', 1),
(453, 'LIBERTAD', '-34.7085420', '-58.6795870', 1),
(454, 'LICENCIADO MATIENZO', '-37.9097930', '-58.9120970', 1),
(455, 'LIMA', '-34.0436340', '-59.1973340', 1),
(456, 'LIN CALEL', '-38.7081780', '-60.2417250', 1),
(457, 'LINCOLN', '-34.8690420', '-61.5291650', 1),
(458, 'LISANDRO OLMOS', '-34.9976090', '-58.0433770', 1),
(459, 'LLAVALLOL', '-34.7946180', '-58.4320910', 1),
(460, 'LOBERIA', '-38.1652730', '-58.7822300', 1),
(461, 'LOBOS', '-35.1858680', '-59.0957120', 1),
(462, 'LOMA HERMOSA', '-34.5684070', '-58.6030820', 1),
(463, 'LOMA VERDE', '-34.3285230', '-58.8507000', 1),
(464, 'LOMA VERDE', '-35.2747490', '-58.4041700', 1),
(465, 'LOMAS DE COPELLO', '-34.9520390', '-57.8409390', 1),
(466, 'LOMAS DE ZAMORA', '-34.7627680', '-58.4267900', 1),
(467, 'LOMAS DEL MIRADOR', '-34.6656950', '-58.5331550', 1),
(468, 'LOMAS DEL RIO LUJAN', '-34.2816770', '-58.8911910', 1),
(469, 'LONGCHAMPS', '-34.8609450', '-58.3891480', 1),
(470, 'LOPEZ', '-37.5545120', '-59.6278460', 1),
(471, 'LOPEZ LECUBE', '-38.1171190', '-62.7254850', 1),
(472, 'LOS ANGELES', '-34.4575060', '-60.1801850', 1),
(473, 'LOS CACHORROS', '-34.4250030', '-58.7950000', 1),
(474, 'LOS CARDALES', '-34.3300740', '-58.9885650', 1),
(475, 'LOS HORNOS', '-34.9737160', '-57.9850540', 1),
(476, 'LOS INDIOS', '-34.3735700', '-60.6523710', 1),
(477, 'LOS NARANJOS', '-34.9965520', '-57.7036640', 1),
(478, 'LOS PINOS', '-37.9412060', '-58.3225920', 1),
(479, 'LOS POLVORINES', '-34.5078750', '-58.7013440', 1),
(480, 'LOS TALAS', '-34.9190210', '-57.7909950', 1),
(481, 'LOS TOLDOS', '-35.0010370', '-61.0381500', 1),
(482, 'LOS TRONCOS DEL TALAR', '-34.4425670', '-58.6174360', 1),
(483, 'LUCAS MONTEVERDE', '-35.4838270', '-59.9880650', 1),
(484, 'LUCILA DEL MAR', '-36.6627490', '-56.6817140', 1),
(485, 'LUIS GUILLON', '-34.8001960', '-58.4530960', 1),
(486, 'LUJAN', '-34.5646850', '-59.1320950', 1),
(487, 'MAGDALA', '-36.0846710', '-61.7254750', 1),
(488, 'MAGDALENA', '-35.0806850', '-57.5172590', 1),
(489, 'MAIPU', '-36.8648510', '-57.8829170', 1),
(490, 'MALVINAS ARGENTINAS', '-34.8189580', '-58.4235610', 1),
(491, 'MANUEL B. GONNET', '-34.8819510', '-58.0189920', 1),
(492, 'MANUEL B. GONNET', '-35.5201410', '-60.9989490', 1),
(493, 'MANUEL J. COBO', '-35.8748250', '-57.8964230', 1),
(494, 'MANUEL OCAMPO', '-33.7647230', '-60.6492430', 1),
(495, 'MANZANARES', '-34.4526310', '-59.0136610', 1),
(496, 'MANZONE', '-34.5287310', '-58.8776000', 1),
(497, 'MAQUINISTA F. SAVIO OESTE)', '-34.4106170', '-58.7821700', 1),
(498, 'MAQUINISTA F. SAVIO ESTE', '-34.3964890', '-58.7629460', 1),
(499, 'MAR AZUL', '-37.3366730', '-57.0325010', 1),
(500, 'MAR CHIQUITA', '-37.7462580', '-57.4274480', 1),
(501, 'MAR DE AJO', '-36.7468690', '-56.6852640', 1),
(502, 'MAR DE AJO NORTE', '-36.7065980', '-56.6904990', 1),
(503, 'MAR DE COBO', '-37.7768000', '-57.4556590', 1),
(504, 'MAR DE LAS PAMPAS', '-37.3281310', '-57.0399070', 1),
(505, 'MAR DEL PLATA', '-38.0120910', '-57.6064950', 1),
(506, 'MAR DEL SUR', '-38.3446880', '-57.9920390', 1),
(507, 'MAR DEL TUYU', '-36.5861170', '-56.6990060', 1),
(508, 'MARCELINO UGARTE', '-35.3462660', '-60.7453450', 1),
(509, 'MARCOS PAZ', '-34.7965440', '-58.8778210', 1),
(510, 'MARIA IGNACIA', '-37.4029070', '-59.5093350', 1),
(511, 'MARIANO ACOSTA', '-34.7154810', '-58.7976740', 1),
(512, 'MARIANO BENITEZ', '-33.7090270', '-60.5842600', 1),
(513, 'MARIANO H.  ALFONZO', '-33.9149980', '-60.8383550', 1),
(514, 'MARTIN CORONADO', '-34.5852040', '-58.5918760', 1),
(515, 'MARTINEZ', '-34.4944230', '-58.5105730', 1),
(516, 'MASSEY', '-35.0490890', '-63.1218880', 1),
(517, 'MATHEU', '-34.3688780', '-58.8402290', 1),
(518, 'MAURICIO HIRSCH', '-35.5830180', '-61.5244460', 1),
(519, 'MAXIMO FERNANDEZ', '-35.0615250', '-60.7060740', 1),
(520, 'MAXIMO PAZ', '-34.9364560', '-58.6143960', 1),
(521, 'MAYOR BURATOVICH', '-39.2590950', '-62.6157890', 1),
(522, 'MAZA', '-36.7999470', '-63.3385150', 1),
(523, 'MECHITA', '-35.0699380', '-60.4084940', 1),
(524, 'MECHITA', '-35.0680140', '-60.4025970', 1),
(525, 'MECHONGUE', '-38.1486550', '-58.2230120', 1),
(526, 'MEDANOS', '-38.8293150', '-62.6943320', 1),
(527, 'MERCEDES', '-34.6521720', '-59.4295980', 1),
(528, 'MERLO', '-34.6823280', '-58.7436430', 1),
(529, 'MICAELA CASCALLARES', '-38.4926790', '-60.4684230', 1),
(530, 'MINISTRO RIVADAVIA', '-34.8556900', '-58.3616470', 1),
(531, 'MIRA PAMPA', '-35.8703870', '-63.3742010', 1),
(532, 'MIRAMAR', '-38.2707430', '-57.8404710', 1),
(533, 'MOCTEZUMA', '-35.4774730', '-61.4930730', 1),
(534, 'MONES CAZON', '-36.2301780', '-62.0069940', 1),
(535, 'MONTE CHINGOLO', '-34.7302100', '-58.3561740', 1),
(536, 'MONTE GRANDE', '-34.8191370', '-58.4726950', 1),
(537, 'MONTE HERMOSO', '-38.9815070', '-61.3005460', 1),
(538, 'MOQUEHUA', '-35.0926580', '-59.7745300', 1),
(539, 'MOREA', '-35.5563880', '-60.5605940', 1),
(540, 'MORENO', '-34.6376320', '-58.7921360', 1),
(541, 'MORON', '-34.6652230', '-58.6190560', 1),
(542, 'MORSE', '-34.7608900', '-60.8419120', 1),
(543, 'MUNRO', '-34.5272620', '-58.5255060', 1),
(544, 'MU?IZ', '-34.5557350', '-58.7080230', 1),
(545, 'NAPALEOFU', '-37.6254980', '-58.7461860', 1),
(546, 'NAVARRO', '-35.0036070', '-59.2774160', 1),
(547, 'NECOCHEA', '-38.5711700', '-58.7702420', 1),
(548, 'NICANOR OLIVERA', '-38.2846360', '-59.2027540', 1),
(549, 'NORBERTO DE LA RIESTRA', '-35.2727790', '-59.7719330', 1),
(550, 'NORUMBEGA', '-35.5357390', '-60.7928140', 1),
(551, 'NUEVA PLATA', '-35.9199120', '-61.8134000', 1),
(552, 'OBLIGADO', '-33.5965560', '-59.8199790', 1),
(553, 'OCHANDIO', '-38.3598240', '-59.7935350', 1),
(554, 'OHIGGINS', '-34.5854710', '-60.6986330', 1),
(555, 'OLASCOAGA', '-35.2375280', '-60.6115340', 1),
(556, 'OLAVARRIA', '-36.8920940', '-60.3180050', 1),
(557, 'OLIDEN', '-35.1842580', '-57.9479620', 1),
(558, 'OLIVERA', '-34.6265040', '-59.2533810', 1),
(559, 'OLIVOS', '-34.5121610', '-58.4985440', 1),
(560, 'OPEN DOOR', '-34.4890160', '-59.0617360', 1),
(561, 'ORDOQUI', '-35.8831260', '-61.1594280', 1),
(562, 'ORENSE', '-38.6855170', '-59.7764290', 1),
(563, 'ORIENTE', '-38.7388490', '-60.6092240', 1),
(564, 'OSTENDE', '-37.1300480', '-56.8833980', 1),
(565, 'PABLO PODESTA', '-34.5758250', '-58.6202500', 1),
(566, 'PAGO CHICO', '-38.7839400', '-62.1195190', 1),
(567, 'PARADA ORLANDO', '-34.3273000', '-59.0759910', 1),
(568, 'PARADA ROBLES', '-34.3736270', '-59.1393540', 1),
(569, 'PARDO', '-36.2437580', '-59.3662920', 1),
(570, 'PASMAN', '-37.2234350', '-62.1602260', 1),
(571, 'PASO DEL REY', '-34.6353880', '-58.7503180', 1),
(572, 'PASTEUR', '-35.1426390', '-62.2439030', 1),
(573, 'PATRICIOS', '-35.4395530', '-60.7174380', 1),
(574, 'PAULA', '-36.5053180', '-61.0243290', 1),
(575, 'PAVON', '-36.7089540', '-56.7598430', 1),
(576, 'PAVON', '-34.3581120', '-59.0310010', 1),
(577, 'PEARSON', '-33.6518960', '-60.8922240', 1),
(578, 'PEDERNALES', '-35.2666090', '-59.6306570', 1),
(579, 'PEDRO LURO', '-39.5007770', '-62.6874320', 1),
(580, 'PEHUAJO', '-35.8123030', '-61.8988210', 1),
(581, 'PELLEGRINI', '-36.2697350', '-63.1652860', 1),
(582, 'PEREYRA', '-34.8471950', '-58.1392770', 1),
(583, 'PEREZ MILLAN', '-33.7674500', '-60.0927340', 1),
(584, 'PERGAMINO', '-33.8949900', '-60.5716400', 1),
(585, 'PICHINCHA', '-34.5804520', '-62.3516400', 1),
(586, 'PIEDRITAS', '-34.7711050', '-62.9846970', 1),
(587, 'PIERES', '-38.3962310', '-58.6705800', 1),
(588, 'PIGUE', '-37.6063900', '-62.4057730', 1),
(589, 'PILA', '-36.0014750', '-58.1427780', 1),
(590, 'PILAR', '-34.4663320', '-58.9227200', 1),
(591, 'PINAMAR', '-37.0777450', '-56.8437230', 1),
(592, 'PINZON', '-33.9947210', '-60.7316480', 1),
(593, 'PI?EYRO', '-34.6685500', '-58.3886030', 1),
(594, 'PIPINAS', '-35.5312670', '-57.3285890', 1),
(595, 'PIROVANO', '-36.5109170', '-61.5545520', 1),
(596, 'PLA', '-35.1243820', '-60.2200610', 1),
(597, 'PLATANOS', '-34.7674200', '-58.1652690', 1),
(598, 'PLAYA DORADA', '-37.8730950', '-57.5218900', 1),
(599, 'PLOMER', '-34.7941190', '-59.0279760', 1),
(600, 'POLVAREDAS', '-35.5939070', '-59.5079730', 1),
(601, 'PONTAUT', '-37.7317700', '-61.3230960', 1),
(602, 'PONTEVEDRA', '-34.7467960', '-58.7060430', 1),
(603, 'PORVENIR', '-34.9522290', '-62.2174230', 1),
(604, 'POSADA DE LOS LAGOS', '-35.1499380', '-58.0504530', 1),
(605, 'PRESIDENTE DERQUI', '-34.4928620', '-58.8416990', 1),
(606, 'PUAN', '-37.5426140', '-62.7652280', 1),
(607, 'PUEBLO DOYLE', '-33.9050060', '-59.8187530', 1),
(608, 'PUEBLO GOUIN', '-34.4951190', '-59.8029740', 1),
(609, 'PUEBLO NUEVO', '-37.3263230', '-60.9098410', 1),
(610, 'PUEBLO SAN JORGE', '-37.2298630', '-60.9621660', 1),
(611, 'PUNTA ALTA', '-38.8823550', '-62.0626710', 1),
(612, 'PUNTA INDIO', '-35.2808350', '-57.2360070', 1),
(613, 'PUNTA LARA', '-34.8346690', '-58.0010480', 1),
(614, 'PUNTA MOGOTES', '-38.0833770', '-57.5859350', 1),
(615, 'QUENUMA', '-36.5689910', '-63.0876230', 1),
(616, 'QUEQUEN', '-38.5375050', '-58.6952020', 1),
(617, 'QUILMES', '-34.7241340', '-58.2492210', 1),
(618, 'QUILMES OESTE', '-34.7477990', '-58.2999440', 1),
(619, 'RAFAEL CALZADA', '-34.7911370', '-58.3505980', 1),
(620, 'RAFAEL CASTILLO', '-34.7132050', '-58.6258370', 1),
(621, 'RAFAEL OBLIGADO', '-34.3588130', '-60.7845690', 1),
(622, 'RAMALLO', '-33.4877020', '-60.0072210', 1),
(623, 'RAMON BIAUS', '-35.0858460', '-59.9236680', 1),
(624, 'RAMON SANTAMARINA', '-38.4503900', '-59.3311150', 1),
(625, 'RAMOS MEJIA', '-34.6523080', '-58.5592110', 1),
(626, 'RAMOS OTERO', '-37.5426350', '-58.3407190', 1),
(627, 'RANCAGUA', '-34.0303720', '-60.5042330', 1),
(628, 'RANCHOS', '-35.5173520', '-58.3184250', 1),
(629, 'RANELAGH', '-34.7941470', '-58.1989820', 1),
(630, 'RAUCH', '-36.7755040', '-59.0871110', 1),
(631, 'RAWSON', '-34.6086370', '-60.0677110', 1),
(632, 'RECALDE', '-36.6515020', '-61.0845040', 1),
(633, 'REMEDIOS DE ESCALADA', '-34.5705750', '-58.6201180', 1),
(634, 'REMEDIOS ESCALADA DE SAN MARTIN', '-34.7238090', '-58.3976700', 1),
(635, 'RETA', '-38.8970810', '-60.3434100', 1),
(636, 'RICARDO ROJAS', '-34.4563340', '-58.6806670', 1),
(637, 'RINCON DE MILBERG', '-34.4097530', '-58.6304830', 1),
(638, 'RINGUELET', '-34.8910540', '-57.9913780', 1),
(639, 'RIO TALA', '-33.7695900', '-59.6383710', 1),
(640, 'RIVERA', '-37.1583550', '-63.2442190', 1),
(641, 'ROBERTO CANO', '-34.0876520', '-60.6672560', 1),
(642, 'ROBERTO DE VICENZO', '-34.4369650', '-58.7669940', 1),
(643, 'ROBERTO J. PAYRO', '-35.1799270', '-57.6519860', 1),
(644, 'ROBERTS', '-35.1440880', '-61.9707860', 1),
(645, 'ROJAS', '-34.1872290', '-60.7179410', 1),
(646, 'ROOSEVELT', '-35.8466320', '-63.2898120', 1),
(647, 'ROQUE PEREZ', '-35.4016380', '-59.3346860', 1),
(648, 'RUFINO DE ELIZALDE', '-34.9710900', '-57.9524350', 1),
(649, 'SAAVEDRA', '-37.7636400', '-62.3506330', 1),
(650, 'SAENZ PE?A', '-34.5992890', '-58.5320800', 1),
(651, 'SAFORCADA', '-34.5752590', '-61.0747310', 1),
(652, 'SALADILLO', '-35.6404300', '-59.7790590', 1),
(653, 'SALAZAR', '-36.3071170', '-62.2003370', 1),
(654, 'SALDUNGARAY', '-38.2028130', '-61.7678930', 1),
(655, 'SALLIQUELO', '-36.7511650', '-62.9599570', 1),
(656, 'SALTO', '-34.2921600', '-60.2546240', 1),
(657, 'SALVADOR MARIA', '-35.3028070', '-59.1696840', 1),
(658, 'SAMBOROMBON', '-35.2206240', '-58.2805300', 1),
(659, 'SAN AGUSTIN', '-38.0122840', '-58.3553780', 1),
(660, 'SAN ANDRES DE GILES', '-34.4459080', '-59.4451670', 1),
(661, 'SAN ANTONIO DE ARECO', '-34.2503760', '-59.4708630', 1),
(662, 'SAN ANTONIO DE PADUA', '-34.6698580', '-58.6979300', 1),
(663, 'SAN BERNARDO', '-35.7137370', '-61.6477830', 1),
(664, 'SAN BERNARDO', '-36.6874110', '-56.6841400', 1),
(665, 'SAN CARLOS DE BOLIVAR', '-36.2295600', '-61.1131900', 1),
(666, 'SAN CAYETANO', '-38.3469710', '-59.6063830', 1),
(667, 'SAN CLEMENTE DEL TUYU', '-36.3532390', '-56.7239440', 1),
(668, 'SAN EMILIO', '-35.0319910', '-60.8647690', 1),
(669, 'SAN ENRIQUE', '-35.7785030', '-60.3546450', 1),
(670, 'SAN FERNANDO', '-34.4473600', '-58.5690020', 1),
(671, 'SAN FRANCISCO DE BELLOCQ', '-38.6931710', '-60.0141790', 1),
(672, 'SAN FRANCISCO SOLANO', '-34.7866740', '-58.3219360', 1),
(673, 'SAN FRANCISCO SOLANO', '-34.7777730', '-58.3101560', 1),
(674, 'SAN GERMAN', '-38.2995180', '-62.9821880', 1),
(675, 'SAN ISIDRO', '-34.4770410', '-58.5271950', 1),
(676, 'SAN JOSE', '-34.7673770', '-58.3432770', 1),
(677, 'SAN JOSE', '-37.5077480', '-61.9211470', 1),
(678, 'SAN JUSTO', '-34.6881600', '-58.5626790', 1),
(679, 'SAN MANUEL', '-37.7892830', '-58.8486480', 1),
(680, 'SAN MAURICIO', '-35.5118020', '-63.1882150', 1),
(681, 'SAN MAYOL', '-38.3177370', '-60.0258420', 1),
(682, 'SAN MIGUEL', '-34.5536230', '-58.7347880', 1),
(683, 'SAN MIGUEL DEL MONTE', '-35.4391640', '-58.8094600', 1),
(684, 'SAN NICOLAS DE LOS ARROYOS', '-33.3487080', '-60.2313340', 1),
(685, 'SAN PEDRO', '-33.6791250', '-59.6668950', 1),
(686, 'SAN ROMAN', '-38.7415550', '-61.5377200', 1),
(687, 'SAN SEBASTIAN', '-34.9443780', '-59.7018600', 1),
(688, 'SAN VICENTE', '-35.0104040', '-58.4699710', 1),
(689, 'SANSINENA', '-35.2750300', '-63.2135440', 1),
(690, 'SANTA CLARA DEL MAR', '-37.8348340', '-57.5079490', 1),
(691, 'SANTA COLOMA', '-34.0621540', '-59.5585420', 1),
(692, 'SANTA ELENA', '-37.8649000', '-57.5169020', 1),
(693, 'SANTA ELEODORA', '-34.6921180', '-62.6957930', 1),
(694, 'SANTA LUCIA', '-33.8794560', '-59.8753280', 1),
(695, 'SANTA LUISA', '-37.1289650', '-60.4099300', 1),
(696, 'SANTA MARIA', '-37.5565860', '-61.8726340', 1),
(697, 'SANTA REGINA', '-34.5483360', '-63.1732730', 1),
(698, 'SANTA ROSA', '-34.9611840', '-58.7308920', 1),
(699, 'SANTA TERESA', '-34.4366910', '-58.7573470', 1),
(700, 'SANTA TERESITA', '-36.5409110', '-56.7058670', 1),
(701, 'SANTA TRINIDAD', '-37.4891040', '-61.9252760', 1),
(702, 'SANTO DOMINGO', '-36.7137600', '-57.5860130', 1),
(703, 'SANTO TOMAS', '-35.6740920', '-61.5066660', 1),
(704, 'SANTOS LUGARES', '-34.5991530', '-58.5478840', 1),
(705, 'SARANDI', '-34.6843720', '-58.3481010', 1),
(706, 'SARASA', '-34.0523350', '-61.2019040', 1),
(707, 'SEVIGNE', '-36.2067280', '-57.7413710', 1),
(708, 'SIERRA CHICA', '-36.8432380', '-60.2234270', 1),
(709, 'SIERRA DE LA VENTANA', '-38.1366720', '-61.7956860', 1),
(710, 'SIERRA DE LOS PADRES', '-37.9504850', '-57.7774700', 1),
(711, 'SIERRAS BAYAS', '-36.9225240', '-60.2157930', 1),
(712, 'SMITH', '-35.4946290', '-61.5937810', 1),
(713, 'SOLANET', '-36.8444980', '-58.5071420', 1),
(714, 'SOLIS', '-34.2989710', '-59.3250550', 1),
(715, 'STROEDER', '-40.1854870', '-62.6205160', 1),
(716, 'SUIPACHA', '-34.7712620', '-59.6879180', 1),
(717, 'SUNDBLAD', '-35.7656420', '-63.1386100', 1),
(718, 'TAMANGUEYU', '-38.2010110', '-58.7373140', 1),
(719, 'TANDIL', '-37.3238850', '-59.1310690', 1),
(720, 'TAPALQUE', '-36.3573670', '-60.0247440', 1),
(721, 'TAPIALES', '-34.7108320', '-58.4950080', 1),
(722, 'TEDIN URIBURU', '-37.3683690', '-59.7630390', 1),
(723, 'TEMPERLEY', '-34.7674870', '-58.3780460', 1),
(724, 'TENIENTE ORIGONE', '-39.0580590', '-62.5697140', 1),
(725, 'TIGRE', '-34.4266930', '-58.5779720', 1),
(726, 'TIMOTE', '-35.3477620', '-62.2246530', 1),
(727, 'TODD', '-34.0328240', '-60.1562270', 1),
(728, 'TOLOSA', '-34.9007700', '-57.9821290', 1),
(729, 'TOMAS JOFRE', '-34.6989560', '-59.3194430', 1),
(730, 'TORNQUIST', '-38.0989980', '-62.2218090', 1),
(731, 'TORRES', '-34.4318220', '-59.1287740', 1),
(732, 'TORTUGUITAS', '-34.4746660', '-58.7513340', 1),
(733, 'TORTUGUITAS', '-34.4918480', '-58.7863780', 1),
(734, 'TORTUGUITAS', '-34.4578060', '-58.7620910', 1),
(735, 'TRANSRADIO', '-34.8790060', '-58.0817340', 1),
(736, 'TRENQUE LAUQUEN', '-35.9746950', '-62.7323100', 1),
(737, 'TRES ALGARROBOS', '-35.1979820', '-62.7730810', 1),
(738, 'TRES ARROYOS', '-38.3771790', '-60.2755590', 1),
(739, 'TRES LOMAS', '-36.4581090', '-62.8621360', 1),
(740, 'TRES PICOS', '-38.2867750', '-62.2073120', 1),
(741, 'TRES SARGENTOS', '-34.4664780', '-60.0008700', 1),
(742, 'TRISTAN SUAREZ', '-34.8851530', '-58.5700340', 1),
(743, 'TRIUNVIRATO', '-34.6758380', '-61.4657090', 1),
(744, 'TRONGE', '-36.4603090', '-62.4871230', 1),
(745, 'TRUJUI', '-34.5941440', '-58.7557350', 1),
(746, 'TURDERA', '-34.7895610', '-58.4041060', 1),
(747, 'UDAQUIOLA', '-36.5637510', '-58.5333340', 1),
(748, 'URDAMPILLETA', '-36.4329290', '-61.4191160', 1),
(749, 'URIBELARREA', '-35.1227360', '-58.8904870', 1),
(750, 'VALDES', '-35.6488130', '-60.4672590', 1),
(751, 'VALENTIN ALSINA', '-34.6720360', '-58.4134850', 1),
(752, 'VALERIA DEL MAR', '-37.1445560', '-56.8902920', 1),
(753, 'VASQUEZ', '-38.1766860', '-60.1708490', 1),
(754, 'VEDIA', '-34.4973980', '-61.5453450', 1),
(755, 'VELLOSO', '-36.1215310', '-59.6527150', 1),
(756, 'VERONICA', '-35.3881550', '-57.3371600', 1),
(757, 'VICENTE CASARES', '-34.9653530', '-58.6504980', 1),
(758, 'VICENTE LOPEZ', '-34.5255370', '-58.4736500', 1),
(759, 'VICTORIA', '-34.4619820', '-58.5595970', 1),
(760, 'VIEYTES', '-35.2695680', '-57.5757120', 1),
(761, 'VILLA ADELINA', '-34.5287600', '-58.5460240', 1),
(762, 'VILLA ADELINA', '-34.5151200', '-58.5457580', 1),
(763, 'VILLA ALFREDO FORTABAT', '-36.9802710', '-60.2790830', 1),
(764, 'VILLA ALSINA', '-33.9096040', '-59.3882020', 1),
(765, 'VILLA ANGELICA', '-33.6647040', '-60.7084370', 1),
(766, 'VILLA ARG?ELLO', '-34.9053980', '-57.9180820', 1),
(767, 'VILLA ARRIETA', '-36.9436610', '-60.1578270', 1),
(768, 'VILLA ASTOLFI', '-34.4858980', '-58.8768340', 1),
(769, 'VILLA AYACUCHO', '-34.5904130', '-58.5530430', 1),
(770, 'VILLA BALLESTER', '-34.5422850', '-58.5583180', 1),
(771, 'VILLA BERNARDO MONTEAGUDO', '-34.5905900', '-58.5396610', 1),
(772, 'VILLA BORDEAU', '-38.6472610', '-62.3200220', 1),
(773, 'VILLA BOSCH EST. JUAN MARIA BOSCH)', '-34.5822980', '-58.5802930', 1),
(774, 'VILLA BROWN', '-34.8790420', '-58.2898090', 1),
(775, 'VILLA CACIQUE', '-37.6704780', '-59.4003530', 1),
(776, 'VILLA CAMPI', '-33.3599590', '-60.3000890', 1),
(777, 'VILLA CANTO', '-33.3708480', '-60.2954120', 1),
(778, 'VILLA CASTELAR', '-37.3905460', '-62.8051330', 1),
(779, 'VILLA CATELA', '-34.8846000', '-57.9511290', 1),
(780, 'VILLA CENTENARIO', '-34.7289930', '-58.4283440', 1),
(781, 'VILLA CHACABUCO', '-34.5796740', '-58.5230370', 1),
(782, 'VILLA CORONEL JOSE M. ZAPIOLA', '-34.5595170', '-58.5772770', 1),
(783, 'VILLA DE MAYO', '-34.5061510', '-58.6793060', 1),
(784, 'VILLA DEL MAR', '-38.8532240', '-62.1164750', 1),
(785, 'VILLA DOLORES', '-34.8802090', '-57.8663040', 1),
(786, 'VILLA DOMINICO', '-34.6986320', '-58.3363600', 1),
(787, 'VILLA EDUARDO MADERO', '-34.6981160', '-58.4877580', 1),
(788, 'VILLA ELISA', '-34.8776210', '-58.0907140', 1),
(789, 'VILLA ELVIRA', '-34.9406440', '-57.9214980', 1),
(790, 'VILLA ESPA?A', '-34.7760630', '-58.2002530', 1),
(791, 'VILLA ESPERANZA', '-33.4223260', '-60.2605870', 1),
(792, 'VILLA ESPIL', '-34.5066810', '-59.3372660', 1),
(793, 'VILLA ESPORA', '-38.7765070', '-62.1851830', 1),
(794, 'VILLA FIORITO', '-34.7067100', '-58.4451300', 1),
(795, 'VILLA FLANDRIA NORTE PUEBLO NUEVO)', '-34.5707150', '-59.1826100', 1),
(796, 'VILLA FLANDRIA SUR EST. JAUREGUI)', '-34.5993970', '-59.1757640', 1),
(797, 'VILLA FRANCIA', '-34.7913160', '-62.2011090', 1),
(798, 'VILLA GARIBALDI', '-34.9986520', '-57.8404970', 1),
(799, 'VILLA GENERAL ANTONIO J. DE SUCRE', '-34.5470510', '-58.5694390', 1),
(800, 'VILLA GENERAL ARIAS', '-38.8069000', '-62.0949850', 1),
(801, 'VILLA GENERAL EUGENIO NECOCHEA', '-34.5125330', '-58.5801480', 1),
(802, 'VILLA GENERAL FOURNIER', '-35.4989240', '-60.8647210', 1),
(803, 'VILLA GENERAL JOSE TOMAS GUIDO', '-34.5531160', '-58.5669980', 1),
(804, 'VILLA GENERAL JUAN G. LAS HERAS', '-34.5612570', '-58.5553940', 1),
(805, 'VILLA GENERAL SAVIO', '-33.4352670', '-60.1451320', 1),
(806, 'VILLA GESELL', '-37.2464700', '-56.9707270', 1),
(807, 'VILLA GOBERNADOR UDAONDO', '-34.6168700', '-58.6932880', 1),
(808, 'VILLA GODOY CRUZ', '-34.5433990', '-58.5755930', 1),
(809, 'VILLA GRANADEROS DE SAN MARTIN', '-34.5507650', '-58.5284850', 1),
(810, 'VILLA GREGORIA MATORRAS', '-34.5383850', '-58.5491720', 1),
(811, 'VILLA GRISOLIA', '-35.1096180', '-60.0705510', 1),
(812, 'VILLA INDEPENDENCIA', '-34.8829520', '-57.8614890', 1),
(813, 'VILLA IRIS', '-38.1693100', '-63.2320510', 1),
(814, 'VILLA JOSE LEON SUAREZ', '-34.5253710', '-58.5802550', 1),
(815, 'VILLA JUAN MARTIN DE PUEYRREDON', '-34.5474840', '-58.5750970', 1),
(816, 'VILLA LA ARCADIA', '-38.1345030', '-61.7885550', 1),
(817, 'VILLA LA FLORIDA', '-34.7688840', '-58.2957090', 1),
(818, 'VILLA LA SERRANIA', '-36.9903630', '-60.3108080', 1),
(819, 'VILLA LAGUNA LA BRAVA', '-37.8596290', '-57.9806010', 1),
(820, 'VILLA LIA', '-34.1237740', '-59.4313730', 1),
(821, 'VILLA LIBERTAD', '-34.5846960', '-58.5623330', 1),
(822, 'VILLA LUZURIAGA', '-34.6730870', '-58.5938790', 1),
(823, 'VILLA LYNCH', '-34.5901460', '-58.5234380', 1),
(824, 'VILLA LYNCH PUEYRREDON', '-36.6025790', '-61.3618630', 1),
(825, 'VILLA MAIPU', '-34.5682130', '-58.5245450', 1),
(826, 'VILLA MANUEL POMAR', '-33.9159510', '-60.9379380', 1),
(827, 'VILLA MARGARITA', '-37.4600990', '-63.2405660', 1),
(828, 'VILLA MARIA', '-34.8881260', '-60.3469390', 1),
(829, 'VILLA MARIA IRENE DE LOS REMEDIOS DE ESCALADA', '-34.5646400', '-58.5922550', 1),
(830, 'VILLA MARQUES ALEJANDRO MARIA DE AGUADO', '-34.5551360', '-58.5383770', 1),
(831, 'VILLA MARTELLI', '-34.5525980', '-58.5091430', 1),
(832, 'VILLA MOLL', '-35.0782490', '-59.6519460', 1),
(833, 'VILLA MONTORO', '-34.9634490', '-57.9025000', 1),
(834, 'VILLA NUEVA', '-34.8957080', '-57.9108820', 1),
(835, 'VILLA ORTIZ', '-34.8435330', '-60.3048500', 1),
(836, 'VILLA PARQUE CECIR', '-34.1707180', '-60.7438340', 1),
(837, 'VILLA PARQUE GIRADO', '-35.6282700', '-58.0145520', 1),
(838, 'VILLA PARQUE PRESIDENTE FIGUEROA ALCORTA', '-34.5939490', '-58.5321740', 1),
(839, 'VILLA PARQUE SAN LORENZO', '-34.5618730', '-58.5336620', 1),
(840, 'VILLA PARQUE SICARDI', '-34.9830290', '-57.8674650', 1),
(841, 'VILLA PORTE?A', '-34.8910430', '-57.8963770', 1),
(842, 'VILLA PROGRESO', '-34.9308770', '-57.8468800', 1),
(843, 'VILLA RAFFO', '-34.6083090', '-58.5319720', 1),
(844, 'VILLA RAMALLO', '-33.5022930', '-60.0650140', 1),
(845, 'VILLA RICCIO', '-33.3630500', '-60.2953990', 1),
(846, 'VILLA RODRIGUEZ', '-38.3125820', '-60.2325000', 1),
(847, 'VILLA ROSA', '-34.4077330', '-58.8539350', 1),
(848, 'VILLA ROTH', '-34.5798300', '-62.1710490', 1),
(849, 'VILLA RUIZ', '-34.4352020', '-59.2603960', 1),
(850, 'VILLA SABOYA', '-34.4607920', '-62.6493440', 1),
(851, 'VILLA SAN ANDRES', '-34.5659930', '-58.5448070', 1),
(852, 'VILLA SAN CARLOS', '-34.8838130', '-57.8770160', 1),
(853, 'VILLA SAN JOSE', '-34.0906700', '-60.4162720', 1),
(854, 'VILLA SAN LUIS', '-34.8627930', '-58.2553230', 1),
(855, 'VILLA SANTA ROSA', '-34.8380280', '-58.2888900', 1),
(856, 'VILLA SANTOS TESEI', '-34.6123940', '-58.6538100', 1),
(857, 'VILLA SARMIENTO', '-34.6346600', '-58.5715760', 1),
(858, 'VILLA SAUZE', '-35.2858300', '-63.3682060', 1),
(859, 'VILLA SERRANA LA GRUTA', '-38.0568270', '-62.0782620', 1),
(860, 'VILLA VATTEONE', '-34.8303190', '-58.2635240', 1),
(861, 'VILLA VENTANA', '-38.0795770', '-61.9311380', 1),
(862, 'VILLA YAPEYU', '-34.5716950', '-58.5491070', 1),
(863, 'VILLA ZULA', '-34.9221650', '-57.8009660', 1),
(864, 'VILLALONGA', '-39.9151390', '-62.6188700', 1),
(865, 'VILLANUEVA', '-35.6776270', '-58.4350920', 1),
(866, 'VILLARS', '-34.8300240', '-58.9422590', 1),
(867, 'VI?A', '-33.9922770', '-60.2263210', 1),
(868, 'VIRREY DEL PINO', '-34.8475210', '-58.6860680', 1),
(869, 'VIRREYES', '-34.4636240', '-58.5761940', 1),
(870, 'VIVORATA', '-37.6627990', '-57.6670970', 1),
(871, 'WARNES', '-34.9098730', '-60.5381680', 1),
(872, 'WILDE', '-34.7061590', '-58.3218350', 1),
(873, 'WILLIAM C. MORRIS', '-34.5815620', '-58.6583010', 1),
(874, 'YUTUYACO', '-36.9884310', '-63.1338090', 1),
(875, 'ZARATE', '-34.1115310', '-59.0483430', 1),
(876, 'ZAVALIA', '-34.8949210', '-61.0044540', 1),
(877, 'ZELAYA', '-34.3657180', '-58.8936960', 1),
(878, 'ZENON VIDELA DORNA', '-35.5447730', '-58.8855910', 1),
(879, 'SE DESCONOCE', '0.0000000', '0.0000000', 2),
(880, 'AGRONOMIA', '-34.5929440', '-58.4886710', 2),
(881, 'ALMAGRO', '-34.6092280', '-58.4217450', 2),
(882, 'BALVANERA', '-34.6091000', '-58.4030630', 2),
(883, 'BARRACAS', '-34.6464140', '-58.3842710', 2),
(884, 'BELGRANO', '-34.5548820', '-58.4502890', 2),
(885, 'BOCA', '-34.6310700', '-58.3568300', 2),
(886, 'BOEDO', '-34.6299600', '-58.4188400', 2),
(887, 'CABALLITO', '-34.6168250', '-58.4436030', 2),
(888, 'CHACARITA', '-34.5883730', '-58.4541750', 2),
(889, 'CIUDAD DE BUENOS AIRES', '-34.6132920', '-58.3887520', 2),
(890, 'COGHLAN', '-34.5606250', '-58.4749450', 2),
(891, 'COLEGIALES', '-34.5746430', '-58.4509680', 2),
(892, 'CONSTITUCION', '-34.6250480', '-58.3843870', 2),
(893, 'FLORES', '-34.6368070', '-58.4582700', 2),
(894, 'FLORESTA', '-34.6276860', '-58.4835870', 2),
(895, 'LINIERS', '-34.6437960', '-58.5191300', 2),
(896, 'MATADEROS', '-34.6583680', '-58.5017320', 2),
(897, 'MONSERRAT', '-34.6126880', '-58.3796520', 2),
(898, 'MONTE CASTRO', '-34.6192970', '-58.5065800', 2),
(899, 'NUEVA POMPEYA', '-34.6505500', '-58.4188550', 2),
(900, 'NU?EZ', '-34.5437380', '-58.4628580', 2),
(901, 'PALERMO', '-34.5739000', '-58.4224360', 2),
(902, 'PARQUE AVELLANEDA', '-34.6486410', '-58.4764560', 2),
(903, 'PARQUE CHACABUCO', '-34.6359390', '-58.4376960', 2),
(904, 'PARQUE CHAS', '-34.5855220', '-58.4791230', 2),
(905, 'PARQUE PATRICIOS', '-34.6375500', '-58.4016760', 2),
(906, 'PATERNAL', '-34.5974220', '-58.4686650', 2),
(907, 'PUERTO MADERO', '-34.6092160', '-58.3563810', 2),
(908, 'RECOLETA', '-34.5858760', '-58.3949960', 2),
(909, 'RETIRO', '-34.5884240', '-58.3759360', 2),
(910, 'SAAVEDRA', '-34.5530630', '-58.4887270', 2),
(911, 'SAN CRISTOBAL', '-34.6238640', '-58.4018860', 2),
(912, 'SAN NICOLAS', '-34.6036680', '-58.3805140', 2),
(913, 'SAN TELMO', '-34.6215200', '-58.3715450', 2),
(914, 'VELEZ SARSFIELD', '-34.6313610', '-58.4932770', 2),
(915, 'VERSALLES', '-34.6301230', '-58.5224020', 2),
(916, 'VILLA CRESPO', '-34.5988340', '-58.4427220', 2),
(917, 'VILLA DEL PARQUE', '-34.6042460', '-58.4906760', 2),
(918, 'VILLA DEVOTO', '-34.6023800', '-58.5142440', 2),
(919, 'VILLA GENERAL MITRE', '-34.6100290', '-58.4689430', 2),
(920, 'VILLA LUGANO', '-34.6749940', '-58.4761630', 2),
(921, 'VILLA LURO', '-34.6364130', '-58.5027290', 2);
INSERT INTO `ciudades` (`id`, `localidad_nombre`, `latitud`, `longitud`, `idPcia`) VALUES
(922, 'VILLA ORTUZAR', '-34.5809740', '-58.4676520', 2),
(923, 'VILLA PUEYRREDON', '-34.5821100', '-58.5034850', 2),
(924, 'VILLA REAL', '-34.6194830', '-58.5259860', 2),
(925, 'VILLA RIACHUELO', '-34.6918960', '-58.4632520', 2),
(926, 'VILLA SANTA RITA', '-34.6161940', '-58.4829570', 2),
(927, 'VILLA SOLDATI', '-34.6654690', '-58.4465230', 2),
(928, 'VILLA URQUIZA', '-34.5715410', '-58.4878560', 2),
(929, 'SE DESCONOCE', '0.0000000', '0.0000000', 3),
(930, 'ACONQUIJA', '-27.4743800', '-66.0266880', 3),
(931, 'ADOLFO E. CARRANZA', '-29.0269780', '-65.9719320', 3),
(932, 'ALIJILAN', '-28.1771810', '-65.4915920', 3),
(933, 'ALTO DE LAS JUNTAS', '-27.4511960', '-66.0199690', 3),
(934, 'AMADORES', '-28.2680360', '-65.6462110', 3),
(935, 'AMANAO', '-27.5275900', '-66.5156760', 3),
(936, 'ANCASTI', '-28.8098300', '-65.5021020', 3),
(937, 'ANDALGALA', '-27.5732230', '-66.3235470', 3),
(938, 'ANDALHUALA', '-26.8479430', '-66.0244070', 3),
(939, 'ANILLACO', '-27.9001530', '-67.6142840', 3),
(940, 'ANQUINCILA', '-28.7545940', '-65.5495100', 3),
(941, 'ANTINACO', '-27.2314460', '-67.6080550', 3),
(942, 'ANTOFAGASTA DE LA SIERRA', '-26.0632960', '-67.4116710', 3),
(943, 'ANTOFALLA', '-25.4453260', '-67.6583950', 3),
(944, 'APOYACO', '-28.3006340', '-66.1659790', 3),
(945, 'BALDE DE LA PUNTA', '-29.5589480', '-65.5807240', 3),
(946, 'BANDA DE LUCERO', '-28.0687850', '-67.5077020', 3),
(947, 'BA?ADO DE OVANTA', '-28.1034000', '-65.3076850', 3),
(948, 'BARRANCA LARGA', '-26.9366730', '-66.7473740', 3),
(949, 'BELEN', '-27.6337580', '-67.0181220', 3),
(950, 'BUENA VISTA', '-27.3391920', '-66.0241890', 3),
(951, 'CAPAYAN', '-28.7807110', '-66.0386460', 3),
(952, 'CASA DE PIEDRA', '-26.8274550', '-66.0506270', 3),
(953, 'CASA DE PIEDRA', '-29.6492890', '-65.5171150', 3),
(954, 'CASPICHANGO', '-26.6859290', '-65.9707950', 3),
(955, 'CERRO NEGRO', '-28.2432410', '-67.1442730', 3),
(956, 'CHA?AR PUNCO', '-26.7588340', '-66.0493070', 3),
(957, 'CHAQUIAGO', '-27.5368960', '-66.3350570', 3),
(958, 'CHOYA', '-27.5210750', '-66.4034740', 3),
(959, 'CHUCHUCARUANA', '-27.9072840', '-65.8265240', 3),
(960, 'CHUMBICHA', '-28.8475650', '-66.2413570', 3),
(961, 'COLANA', '-28.3432880', '-66.1222560', 3),
(962, 'COLLAGASTA', '-28.3616780', '-65.7282690', 3),
(963, 'COLONIA DEL VALLE', '-28.6659570', '-65.8752050', 3),
(964, 'COLONIA NUEVA CONETA', '-28.5859220', '-65.8384330', 3),
(965, 'COLPES', '-28.0606500', '-66.2065040', 3),
(966, 'COLPES', '-28.0564720', '-65.8260840', 3),
(967, 'CONCEPCION', '-28.7027880', '-66.0684400', 3),
(968, 'CONDOR HUASI', '-27.4800250', '-67.1034370', 3),
(969, 'CONETA', '-28.5824940', '-65.8832900', 3),
(970, 'COPACABANA', '-28.1243910', '-67.4981010', 3),
(971, 'CORDOBITA', '-28.2979800', '-67.1670900', 3),
(972, 'CORRAL QUEMADO', '-27.1458270', '-66.9418770', 3),
(973, 'COSTA DE REYES', '-28.2949600', '-67.7029020', 3),
(974, 'EL ALAMITO', '-27.3335380', '-66.0229850', 3),
(975, 'EL ALTO', '-28.3027480', '-65.3693770', 3),
(976, 'EL AYBAL', '-29.1066140', '-65.3396950', 3),
(977, 'EL BA?ADO', '-28.6492910', '-65.8184080', 3),
(978, 'EL BA?ADO', '-28.4594350', '-65.7113720', 3),
(979, 'EL BA?ADO', '-29.1832350', '-65.4161460', 3),
(980, 'EL BOLSON', '-27.9038740', '-65.8884830', 3),
(981, 'EL CAJON', '-26.3955480', '-66.2641930', 3),
(982, 'EL CERRITO', '-26.6988600', '-66.0387330', 3),
(983, 'EL DESMONTE', '-26.9077170', '-66.0204230', 3),
(984, 'EL DIVISADERO', '-29.1937180', '-65.4233400', 3),
(985, 'EL DURAZNO', '-27.2352160', '-67.0644300', 3),
(986, 'EL HUECO', '-28.4127880', '-65.7175370', 3),
(987, 'EL LINDERO', '-27.4743800', '-66.0266880', 3),
(988, 'EL PAJONAL', '-28.3773150', '-66.3017090', 3),
(989, 'EL PANTANILLO', '-28.5416890', '-65.8026630', 3),
(990, 'EL PE?ON', '-26.4377800', '-67.2590950', 3),
(991, 'EL PORTEZUELO', '-28.4818680', '-65.6351330', 3),
(992, 'EL POTRERO', '-27.5162320', '-66.3434280', 3),
(993, 'EL PUEBLITO', '-28.2888180', '-67.1234520', 3),
(994, 'EL PUESTO', '-26.6307680', '-66.0140420', 3),
(995, 'EL PUESTO', '-27.9267620', '-67.6304000', 3),
(996, 'EL QUIMILO', '-29.9534210', '-65.3926410', 3),
(997, 'EL RODEO', '-28.2141520', '-65.8738600', 3),
(998, 'EL ROSARIO', '-27.9877540', '-65.6886070', 3),
(999, 'EL SALADO', '-28.3120210', '-67.2508790', 3),
(1000, 'ESQUIU', '-29.3790660', '-65.2898290', 3),
(1001, 'FAMATANCA', '-26.8101200', '-66.0595220', 3),
(1002, 'FARALLON NEGRO', '-27.2979910', '-66.6526540', 3),
(1003, 'FIAMBALA', '-27.6931620', '-67.6085750', 3),
(1004, 'FUERTE QUEMADO', '-26.6304340', '-66.0644370', 3),
(1005, 'GUAYAMBA', '-28.3441270', '-65.4127480', 3),
(1006, 'HUALFIN', '-27.2251090', '-66.8257490', 3),
(1007, 'HUAYCAMA', '-28.0988460', '-65.8147460', 3),
(1008, 'HUAYCAMA', '-28.5334480', '-65.6821280', 3),
(1009, 'HUILLAPIMA', '-28.7326530', '-65.9692670', 3),
(1010, 'ICA?O', '-28.9308890', '-65.2902160', 3),
(1011, 'INFANZON', '-28.5973240', '-65.4116600', 3),
(1012, 'JACIPUNCO', '-27.2232500', '-67.0189560', 3),
(1013, 'JOYANGO', '-28.0731020', '-66.1435570', 3),
(1014, 'LA AGUADA', '-27.5340890', '-66.3117750', 3),
(1015, 'LA BAJADA', '-28.3920520', '-65.6282650', 3),
(1016, 'LA CANDELARIA', '-28.7207620', '-65.4106920', 3),
(1017, 'LA CARRERA', '-28.3495580', '-65.7091200', 3),
(1018, 'LA DORADA', '-29.2804390', '-65.4766320', 3),
(1019, 'LA FALDA DE SAN ANTONIO', '-28.4198490', '-65.6988380', 3),
(1020, 'LA GUARDIA', '-29.5496730', '-65.4504860', 3),
(1021, 'LA HIGUERA', '-27.9352830', '-65.6993670', 3),
(1022, 'LA HOYADA', '-26.5189080', '-66.3686110', 3),
(1023, 'LA LOMA', '-26.7574990', '-66.0331060', 3),
(1024, 'LA MAJADA', '-29.0295110', '-65.5499570', 3),
(1025, 'LA MERCED', '-28.1537650', '-65.6696060', 3),
(1026, 'LA MESADA', '-27.4511960', '-66.0199690', 3),
(1027, 'LA PUERTA', '-28.1764380', '-65.7863040', 3),
(1028, 'LA PUNTILLA', '-28.1243910', '-67.4981010', 3),
(1029, 'LA PUNTILLA', '-27.6688000', '-66.9831850', 3),
(1030, 'LA PUNTILLA', '-26.8274550', '-66.0506270', 3),
(1031, 'LA RAMADITA', '-27.6442430', '-67.6139460', 3),
(1032, 'LA TERCENA', '-28.3734470', '-65.7081290', 3),
(1033, 'LA VI?A', '-28.0444460', '-65.6079380', 3),
(1034, 'LAMPACITO', '-26.7265980', '-66.0436980', 3),
(1035, 'LAS CA?AS', '-28.2098700', '-65.2230170', 3),
(1036, 'LAS CHACRITAS', '-27.6464170', '-65.9533450', 3),
(1037, 'LAS ESQUINAS', '-28.7644630', '-65.1120210', 3),
(1038, 'LAS JUNTAS', '-28.1038840', '-65.8996510', 3),
(1039, 'LAS JUNTAS', '-27.5255270', '-67.1230330', 3),
(1040, 'LAS LAJAS', '-27.8269130', '-65.7401080', 3),
(1041, 'LAS MOJARRAS', '-26.6988600', '-66.0387330', 3),
(1042, 'LAS PALMITAS', '-28.6402400', '-64.9870720', 3),
(1043, 'LAS TEJAS', '-28.6468890', '-65.7889940', 3),
(1044, 'LAVALLE', '-28.1946340', '-65.1137810', 3),
(1045, 'LONDRES', '-27.7091440', '-67.1521290', 3),
(1046, 'LORO HUASI', '-26.7361380', '-66.0217850', 3),
(1047, 'LOS ALTOS', '-28.0488590', '-65.4973640', 3),
(1048, 'LOS ANGELES NORTE', '-28.4130520', '-65.9974960', 3),
(1049, 'LOS ANGELES SUR', '-28.5096260', '-66.0134500', 3),
(1050, 'LOS BALVERDIS', '-28.2769850', '-67.1074440', 3),
(1051, 'LOS CASTILLOS', '-27.9582300', '-65.8206860', 3),
(1052, 'LOS CORRALES', '-28.5108290', '-65.3308770', 3),
(1053, 'LOS NACIMIENTOS', '-27.1276310', '-66.7125340', 3),
(1054, 'LOS NACIMIENTOS', '-25.7592670', '-67.3912670', 3),
(1055, 'LOS TALAS', '-27.9499980', '-65.8758300', 3),
(1056, 'LOS VARELA', '-27.9279940', '-65.8822300', 3),
(1057, 'MANANTIALES', '-28.1469660', '-65.5073240', 3),
(1058, 'MEDANITOS', '-27.5239130', '-67.5891480', 3),
(1059, 'MEDANITOS', '-26.7588340', '-66.0493070', 3),
(1060, 'MIRAFLORES', '-28.6115640', '-65.9045510', 3),
(1061, 'MONTE POTRERO', '-28.1912460', '-65.6706750', 3),
(1062, 'MUTQUIN', '-28.3178460', '-66.1420640', 3),
(1063, 'PALO BLANCO', '-27.3395850', '-67.7592300', 3),
(1064, 'PALO LABRADO', '-28.3360930', '-65.6274300', 3),
(1065, 'PALO SECO', '-26.8274550', '-66.0506270', 3),
(1066, 'PAMPA BLANCA', '-27.6354340', '-67.6168390', 3),
(1067, 'POLCOS', '-28.4333820', '-65.7202970', 3),
(1068, 'POMAN', '-28.3927800', '-66.2220820', 3),
(1069, 'POMANCILLO ESTE', '-28.3087170', '-65.7222100', 3),
(1070, 'POMANCILLO OESTE', '-28.3178430', '-65.7423450', 3),
(1071, 'POZO DEL MISTOL', '-28.4689790', '-65.7195050', 3),
(1072, 'PUERTA DE CORRAL QUEMADO', '-27.2142920', '-66.9263180', 3),
(1073, 'PUERTA DE SAN JOSE', '-27.5397410', '-67.0153310', 3),
(1074, 'PUNTA DE BALASTO', '-26.9300940', '-66.1487290', 3),
(1075, 'PUNTA DEL AGUA', '-27.2106670', '-67.7317930', 3),
(1076, 'QUIROS', '-28.7883060', '-65.1007300', 3),
(1077, 'RAMBLONES', '-29.1582840', '-65.3749450', 3),
(1078, 'RECREO', '-29.2768610', '-65.0565640', 3),
(1079, 'RINCON', '-28.2022630', '-66.1487990', 3),
(1080, 'SAN ANTONIO', '-28.0073080', '-65.7268500', 3),
(1081, 'SAN ANTONIO', '-28.9331050', '-65.0949660', 3),
(1082, 'SAN ANTONIO', '-28.4237770', '-65.7062130', 3),
(1083, 'SAN FERNANDO DEL VALLE DE CATAMARCA', '-28.4846580', '-65.7867890', 3),
(1084, 'SAN ISIDRO', '-28.4583110', '-65.7267580', 3),
(1085, 'SAN JOSE', '-28.3887320', '-65.7062700', 3),
(1086, 'SAN JOSE BANDA', '-26.8101200', '-66.0595220', 3),
(1087, 'SAN JOSE NORTE', '-26.7745990', '-66.0362580', 3),
(1088, 'SAN JOSE VILLA', '-26.7919330', '-66.0378780', 3),
(1089, 'SAN MARTIN', '-29.2514240', '-65.7966970', 3),
(1090, 'SAN MIGUEL', '-28.1297410', '-66.2019570', 3),
(1091, 'SAN PABLO', '-28.7185210', '-66.0406030', 3),
(1092, 'SAN PEDRO', '-27.9608490', '-65.1680080', 3),
(1093, 'SAN PEDRO', '-28.7717180', '-66.1240600', 3),
(1094, 'SANTA CRUZ', '-28.4928950', '-65.6744470', 3),
(1095, 'SANTA MARIA', '-26.6891170', '-66.0188840', 3),
(1096, 'SANTA ROSA', '-28.4478020', '-65.7055330', 3),
(1097, 'SAUJIL', '-27.5632130', '-67.6355130', 3),
(1098, 'SAUJIL', '-28.1733370', '-66.2145150', 3),
(1099, 'SIJAN', '-28.2623560', '-66.2209300', 3),
(1100, 'SINGUIL', '-27.8142170', '-65.8670660', 3),
(1101, 'SUMALAO', '-28.4746460', '-65.7433480', 3),
(1102, 'TAPSO', '-28.4159040', '-65.1086410', 3),
(1103, 'TATON', '-27.3270120', '-67.4747700', 3),
(1104, 'TINOGASTA', '-28.0637510', '-67.5802700', 3),
(1105, 'VILISMAN', '-28.5021130', '-65.4385490', 3),
(1106, 'VILLA DE BALCOZNA', '-27.8783580', '-65.7190760', 3),
(1107, 'VILLA DOLORES', '-28.4434740', '-65.7215360', 3),
(1108, 'VILLA LAS PIRQUITAS', '-28.2754670', '-65.7334310', 3),
(1109, 'VILLA VIL', '-27.0710810', '-66.8307700', 3),
(1110, 'SE DESCONOCE', '0.0000000', '0.0000000', 4),
(1111, 'YAPES', '-26.8289860', '-66.0179170', 4),
(1112, 'AVIA TERAI', '-26.6904270', '-60.7309490', 4),
(1113, 'BARRANQUERAS', '-27.4877740', '-58.9327420', 4),
(1114, 'BARRIO DE LOS PESCADORES', '-27.4480430', '-58.8551010', 4),
(1115, 'BASAIL', '-27.8868660', '-59.2791000', 4),
(1116, 'CAMPO LARGO', '-26.8038640', '-60.8423030', 4),
(1117, 'CAPITAN SOLARI', '-26.8050730', '-59.5596520', 4),
(1118, 'CHARADAI', '-27.6553300', '-59.8624460', 4),
(1119, 'CHARATA', '-27.2200460', '-61.1915850', 4),
(1120, 'CHOROTIS', '-27.9175850', '-61.3995690', 4),
(1121, 'CIERVO PETISO', '-26.5815850', '-59.6329800', 4),
(1122, 'COLONIA ABORIGEN', '-26.9583440', '-60.1902370', 4),
(1123, 'COLONIA BARANDA', '-27.5620450', '-59.3096910', 4),
(1124, 'COLONIA BENITEZ', '-27.3305880', '-58.9450100', 4),
(1125, 'COLONIA ELISA', '-26.9324550', '-59.5204850', 4),
(1126, 'COLONIA POPULAR', '-27.2759310', '-59.1523780', 4),
(1127, 'COLONIAS UNIDAS', '-26.7000970', '-59.6277420', 4),
(1128, 'CONCEPCION DEL BERMEJO', '-26.6022740', '-60.9492640', 4),
(1129, 'CORONEL DU GRATY', '-27.6825710', '-60.9091960', 4),
(1130, 'CORZUELA', '-26.9556760', '-60.9707570', 4),
(1131, 'COTE LAI', '-27.5303120', '-59.5765170', 4),
(1132, 'EL ESPINILLO', '-25.4176700', '-60.4139680', 4),
(1133, 'EL SAUZAL', '-24.5791490', '-61.5461700', 4),
(1134, 'EL SAUZALITO', '-24.4345500', '-61.6813720', 4),
(1135, 'ENRIQUE URIEN', '-27.5587250', '-60.5259910', 4),
(1136, 'ESTACION GENERAL OBLIGADO', '-27.4128680', '-59.4201580', 4),
(1137, 'FONTANA', '-27.4167130', '-59.0439380', 4),
(1138, 'FORTIN LAS CHU?AS', '-26.8891040', '-60.9081520', 4),
(1139, 'FORTIN LAVALLE', '-25.7056310', '-60.2037480', 4),
(1140, 'FUERTE ESPERANZA', '-25.1560600', '-61.8424100', 4),
(1141, 'GANCEDO', '-27.4896490', '-61.6738770', 4),
(1142, 'GENERAL CAPDEVILA', '-27.4231810', '-61.4765850', 4),
(1143, 'GENERAL JOSE DE SAN MARTIN', '-26.5340730', '-59.3347110', 4),
(1144, 'GENERAL PINEDO', '-27.3252980', '-61.2822100', 4),
(1145, 'GENERAL VEDIA', '-26.9349380', '-58.6612850', 4),
(1146, 'HAUMONIA', '-27.5077850', '-60.1635280', 4),
(1147, 'HERMOSO CAMPO', '-27.6105390', '-61.3448440', 4),
(1148, 'HORQUILLA', '-27.5427590', '-59.9578540', 4),
(1149, 'INGENIERO BARBET', '-27.0032120', '-59.4825140', 4),
(1150, 'ISLA DEL CERRITO', '-27.2927850', '-58.6178380', 4),
(1151, 'ITIN', '-27.4876220', '-61.3238820', 4),
(1152, 'JUAN JOSE CASTELLI', '-25.9504150', '-60.6243210', 4),
(1153, 'LA CLOTILDE', '-27.1781990', '-60.6315740', 4),
(1154, 'LA EDUVIGIS', '-26.8374120', '-59.0641180', 4),
(1155, 'LA ESCONDIDA', '-27.1073250', '-59.4475330', 4),
(1156, 'LA LEONESA', '-27.0379600', '-58.7069380', 4),
(1157, 'LA SABANA', '-27.8738010', '-59.9395700', 4),
(1158, 'LA TIGRA', '-27.1157900', '-60.5898940', 4),
(1159, 'LA VERDE', '-27.1297930', '-59.3774620', 4),
(1160, 'LAGUNA BLANCA', '-27.2572200', '-59.2340490', 4),
(1161, 'LAGUNA LIMPIA', '-26.4967010', '-59.6799370', 4),
(1162, 'LAPACHITO', '-27.1587900', '-59.3903980', 4),
(1163, 'LAS BRE?AS', '-27.0885170', '-61.0836990', 4),
(1164, 'LAS GARCITAS', '-26.6193460', '-59.8042760', 4),
(1165, 'LAS PALMAS', '-27.0478980', '-58.6795740', 4),
(1166, 'LOS FRENTONES', '-26.4082980', '-61.4134270', 4),
(1167, 'MACHAGAI', '-26.9287340', '-60.0477200', 4),
(1168, 'MAKALLE', '-27.2116190', '-59.2883660', 4),
(1169, 'MARGARITA BELEN', '-27.2616470', '-58.9741470', 4),
(1170, 'MESON DE FIERRO', '-27.4312290', '-61.0177580', 4),
(1171, 'MIRAFLORES', '-25.6489330', '-60.9300400', 4),
(1172, 'NAPALPI', '-26.9032620', '-60.1173840', 4),
(1173, 'NAPENAY', '-26.7314690', '-60.6190290', 4),
(1174, 'NUEVA POMPEYA', '-24.9334420', '-61.4847000', 4),
(1175, 'PAMPA ALMIRON', '-26.7022480', '-59.1237850', 4),
(1176, 'PAMPA DEL INDIO', '-26.0507150', '-59.9412240', 4),
(1177, 'PAMPA DEL INFIERNO', '-26.5063970', '-61.1764900', 4),
(1178, 'PAMPA LANDRIEL', '-27.3957450', '-61.1029790', 4),
(1179, 'PRESIDENCIA DE LA PLAZA', '-27.0029710', '-59.8476000', 4),
(1180, 'PRESIDENCIA ROCA', '-26.1402010', '-59.5968450', 4),
(1181, 'PRESIDENCIA ROQUE SAENZ PENA', '-26.7916060', '-60.4421460', 4),
(1182, 'PUERTO BERMEJO NUEVO', '-26.9073750', '-58.5428320', 4),
(1183, 'PUERTO BERMEJO VIEJO', '-26.9285480', '-58.5063040', 4),
(1184, 'PUERTO EVA PERON', '-26.6614800', '-58.6355820', 4),
(1185, 'PUERTO TIROL', '-27.3745130', '-59.0953160', 4),
(1186, 'PUERTO VILELAS', '-27.5106090', '-58.9389940', 4),
(1187, 'QUITILIPI', '-26.8732070', '-60.2185240', 4),
(1188, 'RESISTENCIA', '-27.4521190', '-58.9876170', 4),
(1189, 'RIO MUERTO', '-26.3078820', '-61.6540440', 4),
(1190, 'SAMUHU', '-27.5222250', '-60.3941750', 4),
(1191, 'SAN BERNARDO', '-27.2904380', '-60.7149740', 4),
(1192, 'SANTA SYLVINA', '-27.8356010', '-61.1361740', 4),
(1193, 'SELVAS DEL RIO DE ORO', '-26.8044760', '-58.9585450', 4),
(1194, 'TACO POZO', '-25.6156600', '-63.2692960', 4),
(1195, 'TRES ISLETAS', '-26.3378350', '-60.4299350', 4),
(1196, 'VENADOS GRANDES', '-27.8181540', '-61.3815660', 4),
(1197, 'VILLA ANGELA', '-27.5788590', '-60.7141120', 4),
(1198, 'VILLA BERTHET', '-27.2895490', '-60.4155960', 4),
(1199, 'VILLA EL PALMAR', '-26.4551190', '-60.1646170', 4),
(1200, 'VILLA RIO BERMEJITO', '-25.6424410', '-60.2629440', 4),
(1201, 'WICHI', '-24.6913980', '-61.4304450', 4),
(1202, 'ZAPARINQUI', '-26.0673620', '-60.5633870', 4),
(1203, 'SE DESCONOCE', '0.0000000', '0.0000000', 5),
(1204, 'ACCESO NORTE', '-45.7828070', '-67.5033370', 5),
(1205, 'ALDEA APELEG', '-44.7052520', '-70.8460010', 5),
(1206, 'ALDEA BELEIRO', '-45.5614640', '-71.5181730', 5),
(1207, 'ALDEA EPULEF', '-43.2341170', '-69.7112940', 5),
(1208, 'ALDEA ESCOLAR', '-43.1198190', '-71.5588970', 5),
(1209, 'ALTO RIO SENGUER', '-45.0476420', '-70.8227550', 5),
(1210, 'ARROYO VERDE', '-42.0119890', '-65.3064500', 5),
(1211, 'ASTRA', '-45.7366080', '-67.4852150', 5),
(1212, 'BAHIA BUSTAMANTE', '-45.1143550', '-66.5349170', 5),
(1213, 'BARRIO 25 DE MAYO', '-45.8248450', '-67.4616500', 5),
(1214, 'BARRIO CALETA CORDOVA', '-45.7482510', '-67.3786500', 5),
(1215, 'BARRIO CALETA OLIVARES', '-45.7757270', '-67.3895610', 5),
(1216, 'BARRIO CASTELLI', '-45.8180470', '-67.4820280', 5),
(1217, 'BARRIO CIUDADELA', '-45.7969340', '-67.5038540', 5),
(1218, 'BARRIO GASODUCTO', '-45.7935760', '-67.5039630', 5),
(1219, 'BARRIO G?EMES', '-45.8217120', '-67.4921200', 5),
(1220, 'BARRIO LAPRIDA', '-45.8286810', '-67.5429180', 5),
(1221, 'BARRIO MANANTIAL ROSALES', '-45.8171960', '-67.5384040', 5),
(1222, 'BARRIO MILITAR - AEROPUERTO MILITAR', '-45.7880200', '-67.4666860', 5),
(1223, 'BARRIO PROSPERO PALAZZO', '-45.7954210', '-67.4728320', 5),
(1224, 'BARRIO RESTINGA ALI', '-45.7933100', '-67.4097860', 5),
(1225, 'BARRIO RODRIGUEZ PE?A', '-45.8042080', '-67.4855020', 5),
(1226, 'BARRIO SAAVEDRA', '-45.8455310', '-67.5145850', 5),
(1227, 'BARRIO SARMIENTO', '-45.8191330', '-67.5025870', 5),
(1228, 'BARRIO VILLA S.U.P.E.', '-45.8367380', '-67.5021110', 5),
(1229, 'BLANCUNTRE', '-42.5683890', '-68.9190920', 5),
(1230, 'BUEN PASTO', '-45.0804230', '-69.4497780', 5),
(1231, 'BUENOS AIRES CHICO', '-42.0687960', '-71.2158340', 5),
(1232, 'CAMARONES', '-44.7982910', '-65.7105990', 5),
(1233, 'CARRENLEUFU', '-43.5856890', '-71.7009020', 5),
(1234, 'CERRO CONDOR', '-43.4233200', '-69.1640920', 5),
(1235, 'CHOLILA', '-42.5105310', '-71.4351550', 5),
(1236, 'COLAN CONHUE', '-43.2425980', '-69.9302180', 5),
(1237, 'COMODORO RIVADAVIA', '-45.8729850', '-67.5430560', 5),
(1238, 'CORCOVADO', '-43.5380020', '-71.4659620', 5),
(1239, 'COSTA DE CHUBUT', '-42.6016260', '-70.4575740', 5),
(1240, 'CUSHAMEN CENTRO', '-42.1766610', '-70.6626190', 5),
(1241, 'DIADEMA ARGENTINA', '-45.7906090', '-67.6738930', 5),
(1242, 'DIQUE FLORENTINO AMEGHINO', '-43.7032850', '-66.4794000', 5),
(1243, 'DOCTOR RICARDO ROJAS', '-45.5870080', '-71.0290970', 5),
(1244, 'DOLAVON', '-43.3092980', '-65.7087390', 5),
(1245, 'EL ESCORIAL', '-43.0980700', '-68.5596030', 5),
(1246, 'EL HOYO', '-42.0679670', '-71.5206710', 5),
(1247, 'EL MAITEN', '-42.0542850', '-71.1673150', 5),
(1248, 'EL MIRASOL', '-43.2852930', '-67.7603110', 5),
(1249, 'EPUYEN', '-42.2329250', '-71.3695070', 5),
(1250, 'ESQUEL', '-42.9133240', '-71.3185120', 5),
(1251, 'FACUNDO', '-45.3192710', '-69.9721130', 5),
(1252, 'FOFO CAHUEL', '-42.3910620', '-70.5780780', 5),
(1253, 'FRONTERA DE RIO PICO', '-44.1988560', '-71.6666680', 5),
(1254, 'GAIMAN', '-43.2888070', '-65.4924140', 5),
(1255, 'GAN GAN', '-42.5232330', '-68.2828540', 5),
(1256, 'GARAYALDE', '-44.6795780', '-66.6097360', 5),
(1257, 'GASTRE', '-42.2656200', '-69.2210980', 5),
(1258, 'GOBERNADOR COSTA', '-44.0529830', '-70.5979200', 5),
(1259, 'GUALJAINA', '-42.7267580', '-70.5354880', 5),
(1260, 'JOSE DE SAN MARTIN', '-44.0545030', '-70.4698420', 5),
(1261, 'KM. 11 - CUARTELES', '-45.7707680', '-67.4358050', 5),
(1262, 'KM. 3 - GENERAL MOSCONI', '-45.8318280', '-67.4917100', 5),
(1263, 'KM. 5 - PRESIDENTE ORTIZ', '-45.7875520', '-67.4695740', 5),
(1264, 'KM. 8 - DON BOSCO', '-45.7988980', '-67.4314970', 5),
(1265, 'LAGO BLANCO', '-45.9468590', '-71.2641110', 5),
(1266, 'LAGO EPUYEN', '-42.2135360', '-71.4296630', 5),
(1267, 'LAGO PUELO', '-42.0672920', '-71.5981580', 5),
(1268, 'LAGO ROSARIO', '-43.2500170', '-71.3512320', 5),
(1269, 'LAGUNITA SALADA', '-42.7167790', '-69.1884720', 5),
(1270, 'LAS PLUMAS', '-43.7223980', '-67.2869960', 5),
(1271, 'LELEQUE', '-42.4288630', '-71.0683950', 5),
(1272, 'LOS ALTARES', '-43.8711930', '-68.4301170', 5),
(1273, 'LOS CIPRESES', '-43.1847150', '-71.6413920', 5),
(1274, 'PASO DE INDIOS', '-43.8663050', '-69.0448870', 5),
(1275, 'PASO DEL SAPO', '-42.7371110', '-69.6110020', 5),
(1276, 'PLAYA MAGAGNA', '-43.3821210', '-65.0449330', 5),
(1277, 'PLAYA UNION', '-43.3219410', '-65.0475990', 5),
(1278, 'PUERTO MADRYN', '-42.7551000', '-65.0422300', 5),
(1279, 'PUERTO PIRAMIDE', '-42.5736170', '-64.2836890', 5),
(1280, 'QUINTA EL MIRADOR', '-42.8115900', '-65.0514180', 5),
(1281, 'RADA TILLY', '-45.9368020', '-67.5653960', 5),
(1282, 'RAWSON', '-43.3010520', '-65.0955200', 5),
(1283, 'RESERVA AREA PROTEGIDA EL DORADILLO', '-42.6456160', '-65.0647230', 5),
(1284, 'RIO MAYO', '-45.6964540', '-70.2559800', 5),
(1285, 'RIO PICO', '-44.1829930', '-71.3700570', 5),
(1286, 'SARMIENTO', '-45.5905200', '-69.0706830', 5),
(1287, 'TECKA', '-43.4935820', '-70.8135610', 5),
(1288, 'TELSEN', '-42.4387510', '-66.9414280', 5),
(1289, 'TRELEW', '-43.2483540', '-65.3103810', 5),
(1290, 'TREVELIN', '-43.0908710', '-71.4654850', 5),
(1291, 'VILLA FUTALAUFQUEN', '-42.9006380', '-71.6061540', 5),
(1292, 'YALA LAUBAT', '-42.7671350', '-68.8754220', 5),
(1293, 'SE DESCONOCE', '0.0000000', '0.0000000', 6),
(1294, 'ACHIRAS', '-33.1770180', '-64.9944680', 6),
(1295, 'ADELIA MARIA', '-33.6316200', '-64.0208370', 6),
(1296, 'AGUA DE ORO', '-31.0582280', '-64.2955790', 6),
(1297, 'ALCIRA', '-32.7570650', '-64.3378600', 6),
(1298, 'ALDEA SANTA MARIA', '-33.6948820', '-62.9114760', 6),
(1299, 'ALEJANDRO ROCA', '-33.3564510', '-63.7205500', 6),
(1300, 'ALEJO LEDESMA', '-33.6076130', '-62.6261410', 6),
(1301, 'ALICIA', '-31.9387490', '-62.4657950', 6),
(1302, 'ALMAFUERTE', '-32.1934600', '-64.2543870', 6),
(1303, 'ALMIRANTE BROWN', '-31.3075670', '-64.1814830', 6),
(1304, 'ALPA CORRAL', '-32.6904040', '-64.7211710', 6),
(1305, 'ALTA GRACIA', '-31.6576800', '-64.4288210', 6),
(1306, 'ALTO ALEGRE', '-32.3460950', '-62.8853490', 6),
(1307, 'ALTO DE LOS QUEBRACHOS', '-30.5409660', '-65.0384390', 6),
(1308, 'ALTO RESBALOSO - EL BARRIAL', '-31.9620890', '-65.0677900', 6),
(1309, 'ALTOS DE CHIPION', '-30.9563510', '-62.3378880', 6),
(1310, 'AMBOY', '-32.1759170', '-64.5765480', 6),
(1311, 'AMBUL', '-31.4896830', '-65.0566540', 6),
(1312, 'ANA ZUMARAN', '-32.3908240', '-63.0574840', 6),
(1313, 'ANISACATE', '-31.7231380', '-64.4144860', 6),
(1314, 'ARIAS', '-33.6411630', '-62.4027890', 6),
(1315, 'ARROYITO', '-31.4193910', '-63.0503440', 6),
(1316, 'ARROYO ALGODON', '-32.2019670', '-63.1627860', 6),
(1317, 'ARROYO CABRAL', '-32.4889820', '-63.4014790', 6),
(1318, 'ARROYO LOS PATOS', '-31.7500820', '-65.0043000', 6),
(1319, 'ARROYO SAN ANTONIO', '-32.2620510', '-64.5937250', 6),
(1320, 'ASCOCHINGA', '-30.9594650', '-64.2754170', 6),
(1321, 'ASSUNTA', '-33.6332960', '-63.2259060', 6),
(1322, 'ATAHONA', '-30.9035320', '-63.7055650', 6),
(1323, 'AUSONIA', '-32.6613830', '-63.2447970', 6),
(1324, 'AVELLANEDA', '-30.5946760', '-64.2078390', 6),
(1325, 'BALLESTEROS', '-32.5453820', '-62.9833010', 6),
(1326, 'BALLESTEROS SUR', '-32.5885970', '-63.0270390', 6),
(1327, 'BALNEARIA', '-31.0107080', '-62.6671040', 6),
(1328, 'BA?ADO DE SOTO', '-30.8044360', '-65.0436620', 6),
(1329, 'BARRIO GILBERT 1? DE MAYO)', '-31.4406010', '-64.3177470', 6),
(1330, 'BARRIO LAS QUINTAS', '-31.5502930', '-64.4334260', 6),
(1331, 'BARRIO NUEVO RIO CEBALLOS', '-31.1980230', '-64.2887920', 6),
(1332, 'BARRIO SANTA ISABEL', '-30.8375270', '-64.5367000', 6),
(1333, 'BARRIO VILLA DEL PARQUE', '-31.7772190', '-64.5320780', 6),
(1334, 'BELL VILLE', '-32.6285600', '-62.6891150', 6),
(1335, 'BENGOLEA', '-33.0274170', '-63.6719280', 6),
(1336, 'BENJAMIN GOULD', '-33.5901200', '-62.7303890', 6),
(1337, 'BERROTARAN', '-32.4528670', '-64.3854400', 6),
(1338, 'BIALET MASSE', '-31.3214290', '-64.4818700', 6),
(1339, 'BOUWER', '-31.5576670', '-64.1944660', 6),
(1340, 'BRINCKMANN', '-30.8665250', '-62.0356520', 6),
(1341, 'BULNES', '-33.5032820', '-64.6755740', 6),
(1342, 'CABALANGO', '-31.3931050', '-64.5635650', 6),
(1343, 'CALCHIN', '-31.6679360', '-63.2006870', 6),
(1344, 'CALCHIN OESTE', '-31.8633870', '-63.2781680', 6),
(1345, 'CAMILO ALDAO', '-33.1237410', '-62.0965950', 6),
(1346, 'CAMINIAGA', '-30.0682250', '-64.0528760', 6),
(1347, 'CAMPOS DEL VIRREY', '-31.5854350', '-64.3439770', 6),
(1348, 'CANALS', '-33.5623830', '-62.8855970', 6),
(1349, 'CANDELARIA SUR', '-30.8392310', '-63.8008470', 6),
(1350, 'CANTERAS EL SAUCE', '-31.0864140', '-64.3145340', 6),
(1351, 'CANTERAS QUILPO', '-30.8666930', '-64.6829010', 6),
(1352, 'CA?ADA DE LUQUE', '-30.7370880', '-63.7236620', 6),
(1353, 'CA?ADA DE MACHADO', '-31.4289240', '-63.5870260', 6),
(1354, 'CA?ADA DE RIO PINTO', '-30.7759180', '-64.2182970', 6),
(1355, 'CA?ADA DEL SAUCE', '-32.3679990', '-64.6425220', 6),
(1356, 'CAPILLA DE LOS REMEDIOS', '-31.4302070', '-63.8321500', 6),
(1357, 'CAPILLA DE SITON', '-30.5729640', '-63.6517420', 6),
(1358, 'CAPILLA DEL CARMEN', '-31.5081680', '-63.3421350', 6),
(1359, 'CAPILLA DEL MONTE', '-30.8563970', '-64.5262690', 6),
(1360, 'CAPILLA VIEJA', '-31.9420270', '-64.6165410', 6),
(1361, 'CAPITAN GENERAL BERNARDO O`HIGGINS', '-33.2472030', '-62.2697380', 6),
(1362, 'CARNERILLO', '-32.9153140', '-64.0256580', 6),
(1363, 'CARRILOBO', '-31.8716470', '-63.1165070', 6),
(1364, 'CASA BAMBA', '-31.3429020', '-64.3992720', 6),
(1365, 'CASA GRANDE', '-31.1697130', '-64.4776210', 6),
(1366, 'CASEROS CENTRO', '-31.5292560', '-64.1688670', 6),
(1367, 'CAUSANA', '-31.4637910', '-64.4124510', 6),
(1368, 'CAVANAGH', '-33.4783350', '-62.3393460', 6),
(1369, 'CERRO COLORADO', '-30.0960600', '-63.9287730', 6),
(1370, 'CHAJAN', '-33.5563360', '-65.0052700', 6),
(1371, 'CHALACEA', '-30.7545710', '-63.5682270', 6),
(1372, 'CHANCANI', '-31.4172820', '-65.4453420', 6),
(1373, 'CHA?AR VIEJO', '-30.0139610', '-63.8503750', 6),
(1374, 'CHARBONIER', '-30.7720870', '-64.5441600', 6),
(1375, 'CHARRAS', '-33.0241680', '-64.0458260', 6),
(1376, 'CHAZON', '-33.0772600', '-63.2754350', 6),
(1377, 'CHILIBROSTE', '-32.3325970', '-62.5136000', 6),
(1378, 'CHUCUL', '-33.0089550', '-64.1712490', 6),
(1379, 'CHU?A', '-30.4687270', '-64.6712290', 6),
(1380, 'CHU?A HUASI', '-29.9138370', '-64.1299820', 6),
(1381, 'CHURQUI CA?ADA', '-30.1681570', '-63.9295890', 6),
(1382, 'CIENAGA DEL CORO', '-31.0381140', '-65.2775890', 6),
(1383, 'CINTRA', '-32.3081480', '-62.6531180', 6),
(1384, 'CIUDAD DE LOS NI?OS', '-31.2957200', '-64.1768690', 6),
(1385, 'COLAZO', '-31.9642930', '-63.3834010', 6),
(1386, 'COLONIA 10 DE JULIO', '-30.5273760', '-62.1142180', 6),
(1387, 'COLONIA ALMADA', '-32.0333460', '-63.8628850', 6),
(1388, 'COLONIA ANITA', '-31.1438630', '-62.2135860', 6),
(1389, 'COLONIA BARGE', '-33.2585410', '-62.6081630', 6),
(1390, 'COLONIA BISMARCK', '-33.3003020', '-62.7132990', 6),
(1391, 'COLONIA BREMEN', '-33.4634970', '-62.7323850', 6),
(1392, 'COLONIA CAROYA', '-31.0172320', '-64.0667290', 6),
(1393, 'COLONIA ITALIANA', '-33.3119180', '-62.1807990', 6),
(1394, 'COLONIA ITURRASPE', '-31.2071430', '-62.1099180', 6),
(1395, 'COLONIA LAS CUATRO ESQUINAS', '-31.1735850', '-63.3375920', 6),
(1396, 'COLONIA LAS PICHANAS', '-31.2454070', '-62.9256660', 6),
(1397, 'COLONIA MARINA', '-31.2485070', '-62.3639650', 6),
(1398, 'COLONIA PROSPERIDAD', '-31.6304970', '-62.3663610', 6),
(1399, 'COLONIA SAN BARTOLOME', '-31.5283220', '-62.7244930', 6),
(1400, 'COLONIA SAN PEDRO', '-30.7836020', '-61.9175640', 6),
(1401, 'COLONIA SANTA MARIA', '-31.6057750', '-62.4278880', 6),
(1402, 'COLONIA TIROLESA', '-31.2357860', '-64.0672540', 6),
(1403, 'COLONIA VALTELINA', '-31.0529550', '-62.2354380', 6),
(1404, 'COLONIA VEINTICINCO', '-32.8883680', '-61.9347830', 6),
(1405, 'COLONIA VICENTE AGUERO', '-31.0277850', '-64.0190460', 6),
(1406, 'COLONIA VIDELA', '-31.9175040', '-63.5047160', 6),
(1407, 'COLONIA VIGNAUD', '-30.8416240', '-61.9558390', 6),
(1408, 'CONLARA', '-32.0788610', '-65.2312590', 6),
(1409, 'COPACABANA', '-30.6113490', '-64.5555690', 6),
(1410, 'CORDOBA', '-31.4177430', '-64.1896010', 6),
(1411, 'CORONEL BAIGORRIA', '-32.8495480', '-64.3598590', 6),
(1412, 'CORONEL MOLDES', '-33.6230870', '-64.5971030', 6),
(1413, 'CORRAL DE BUSTOS', '-33.2816220', '-62.1854510', 6),
(1414, 'CORRAL QUEMADO', '-30.9890350', '-64.3778450', 6),
(1415, 'CORRALITO', '-32.0252570', '-64.1931590', 6),
(1416, 'COSQUIN', '-31.2405710', '-64.4655310', 6),
(1417, 'COSTA AZUL', '-31.7247290', '-64.3939270', 6),
(1418, 'COSTASACATE', '-31.6470980', '-63.7598960', 6),
(1419, 'COUNTRY CHACRAS DE LA VILLA', '-31.2982310', '-64.2371420', 6),
(1420, 'COUNTRY SAN ISIDRO', '-31.3055340', '-64.2480170', 6),
(1421, 'CRUZ ALTA', '-33.0069950', '-61.8109730', 6),
(1422, 'CRUZ CA?A', '-32.2779030', '-65.0273780', 6),
(1423, 'CRUZ DE CA?A', '-31.0662470', '-64.9425320', 6),
(1424, 'CRUZ DEL EJE', '-30.7218590', '-64.8077380', 6),
(1425, 'CUESTA BLANCA', '-31.4787780', '-64.5773470', 6),
(1426, 'DALMACIO VELEZ', '-32.6108730', '-63.5798840', 6),
(1427, 'DEAN FUNES', '-30.4229410', '-64.3516700', 6),
(1428, 'DEL CAMPILLO', '-34.3760850', '-64.4945400', 6),
(1429, 'DESPE?ADEROS', '-31.8170520', '-64.2889890', 6),
(1430, 'DEVOTO', '-31.4039810', '-62.3061390', 6),
(1431, 'DIEGO DE ROJAS', '-31.0286400', '-63.3402800', 6),
(1432, 'DIQUE CHICO', '-31.7518520', '-64.3627640', 6),
(1433, 'DOS ARROYOS', '-31.8716870', '-64.9927500', 6),
(1434, 'DUMESNIL', '-31.3321160', '-64.3336600', 6),
(1435, 'EL ALCALDE', '-31.1161400', '-63.6017410', 6),
(1436, 'EL ARA?ADO', '-31.7412330', '-62.8933440', 6),
(1437, 'EL BRETE', '-30.6722100', '-64.8699070', 6),
(1438, 'EL CHACHO', '-30.8017970', '-65.6440520', 6),
(1439, 'EL CORCOVADO - EL TORREON', '-32.1497590', '-64.5015910', 6),
(1440, 'EL CRISPIN', '-31.0179720', '-63.6051650', 6),
(1441, 'EL DIQUECITO', '-31.3589140', '-64.3650930', 6),
(1442, 'EL DURAZNO', '-32.1695660', '-64.7747710', 6),
(1443, 'EL FORTIN', '-31.9672500', '-62.3026290', 6),
(1444, 'EL FUERTECITO', '-31.4039350', '-62.9733660', 6),
(1445, 'EL HUAYCO', '-31.8458480', '-64.9560920', 6),
(1446, 'EL MANZANO', '-31.0817620', '-64.2998320', 6),
(1447, 'EL PANTANILLO', '-31.8862650', '-64.9906520', 6),
(1448, 'EL POTRERILLO', '-31.6456180', '-64.4816170', 6),
(1449, 'EL PUEBLITO', '-31.1065560', '-64.2971950', 6),
(1450, 'EL PUEBLITO', '-31.9510970', '-65.0721510', 6),
(1451, 'EL RASTREADOR', '-33.6644790', '-63.5392370', 6),
(1452, 'EL RINCON', '-30.7397210', '-64.6484920', 6),
(1453, 'EL RODEO', '-30.1760790', '-63.8679640', 6),
(1454, 'EL TIO', '-31.3845490', '-62.8284740', 6),
(1455, 'EL TUSCAL', '-29.7574370', '-64.5298990', 6),
(1456, 'EL VALLE', '-31.9510970', '-65.0721510', 6),
(1457, 'ELENA', '-32.5720680', '-64.3929520', 6),
(1458, 'EMBALSE', '-32.2065080', '-64.4006230', 6),
(1459, 'ESQUINA', '-31.0772910', '-63.7935630', 6),
(1460, 'ESQUINA DEL ALAMBRE', '-30.6016120', '-64.9074030', 6),
(1461, 'ESTACION COLONIA TIROLESA', '-31.2735550', '-64.0150550', 6),
(1462, 'ESTACION LECUEDER', '-34.4964110', '-64.8094620', 6),
(1463, 'ESTACION LUXARDO', '-31.3047490', '-62.1333020', 6),
(1464, 'ESTANCIA DE GUADALUPE', '-31.1242100', '-65.2269000', 6),
(1465, 'ESTANCIA VIEJA', '-31.3842600', '-64.5173310', 6),
(1466, 'ETRURIA', '-32.9405160', '-63.2472570', 6),
(1467, 'EUFRASIO LOZA', '-29.9247230', '-63.5889150', 6),
(1468, 'FALDA DEL CA?ETE', '-31.5345240', '-64.4559550', 6),
(1469, 'FALDA DEL CARMEN', '-31.5854630', '-64.4548810', 6),
(1470, 'FREYRE', '-31.1647320', '-62.0976330', 6),
(1471, 'GENERAL BALDISSERA', '-33.1220170', '-62.3037210', 6),
(1472, 'GENERAL CABRERA', '-32.8118910', '-63.8736970', 6),
(1473, 'GENERAL DEHEZA', '-32.7549290', '-63.7850380', 6),
(1474, 'GENERAL FOTHERINGHAM', '-32.3234300', '-63.8704260', 6),
(1475, 'GENERAL LEVALLE', '-34.0098320', '-63.9225370', 6),
(1476, 'GENERAL PAZ', '-31.1341190', '-64.1410060', 6),
(1477, 'GENERAL ROCA', '-32.7305120', '-61.9171390', 6),
(1478, 'GUANACO MUERTO', '-30.4794130', '-65.0597630', 6),
(1479, 'GUASAPAMPA', '-31.0975360', '-65.3281880', 6),
(1480, 'GUATIMOZIN', '-33.4617410', '-62.4391430', 6),
(1481, 'GUI?AZU NORTE', '-31.3067150', '-64.1703250', 6),
(1482, 'GUTEMBERG', '-29.7227090', '-63.5149950', 6),
(1483, 'HERNANDO', '-32.4276150', '-63.7330120', 6),
(1484, 'HIPOLITO BOUCHARD', '-34.7223140', '-63.5080130', 6),
(1485, 'HUANCHILLAS', '-33.6655230', '-63.6372620', 6),
(1486, 'HUERTA GRANDE', '-31.0600930', '-64.4843040', 6),
(1487, 'HUINCA RENANCO', '-34.8397250', '-64.3724880', 6),
(1488, 'IDIAZABAL', '-32.8131430', '-63.0329100', 6),
(1489, 'IMPIRA', '-31.7965930', '-63.6511210', 6),
(1490, 'INRIVILLE', '-32.9438410', '-62.2305490', 6),
(1491, 'ISLA VERDE', '-33.2401070', '-62.4044270', 6),
(1492, 'ITALO', '-34.7911820', '-63.7812080', 6),
(1493, 'JAMES CRAIK', '-32.1613060', '-63.4651920', 6),
(1494, 'JARDIN ARENALES', '-31.3686410', '-64.0603030', 6),
(1495, 'JESUS MARIA', '-30.9811940', '-64.0957710', 6),
(1496, 'JOSE DE LA QUINTANA', '-31.8034930', '-64.4188570', 6),
(1497, 'JUAREZ CELMAN', '-31.2570230', '-64.1651660', 6),
(1498, 'JUSTINIANO POSSE', '-32.8835800', '-62.6802770', 6),
(1499, 'KILOMETRO 658', '-31.3701810', '-63.5326030', 6),
(1500, 'LA BANDA', '-30.7628590', '-64.6459840', 6),
(1501, 'LA BATEA', '-30.4417650', '-65.4238390', 6),
(1502, 'LA BOCA DEL RIO', '-31.8374170', '-64.4336410', 6),
(1503, 'LA CALERA', '-31.3430960', '-64.3302280', 6),
(1504, 'LA CARBONADA', '-31.5285690', '-64.0712560', 6),
(1505, 'LA CARLOTA', '-33.4201680', '-63.2969800', 6),
(1506, 'LA CAROLINA', '-33.1868430', '-64.7251130', 6),
(1507, 'LA CAUTIVA', '-33.9785910', '-64.0842990', 6),
(1508, 'LA CESIRA', '-33.9518610', '-62.9744890', 6),
(1509, 'LA CORTADERA', '-31.6686680', '-65.3723940', 6),
(1510, 'LA CRUZ', '-32.3034060', '-64.4831090', 6),
(1511, 'LA CUMBRE', '-30.9792460', '-64.4909090', 6),
(1512, 'LA CUMBRECITA', '-31.8969640', '-64.7751590', 6),
(1513, 'LA DONOSA', '-31.6430310', '-64.3453830', 6),
(1514, 'LA FALDA', '-31.0919650', '-64.4864420', 6),
(1515, 'LA FLORESTA', '-31.3961490', '-64.0609140', 6),
(1516, 'LA FRANCIA', '-31.4064380', '-62.6343580', 6),
(1517, 'LA GILDA', '-33.2082960', '-64.2584450', 6),
(1518, 'LA GRANJA', '-31.0054370', '-64.2616780', 6),
(1519, 'LA HIGUERA', '-31.0139550', '-65.1020310', 6),
(1520, 'LA LAGUNA', '-32.8014150', '-63.2440050', 6),
(1521, 'LA MORADA', '-31.3050730', '-64.2625840', 6),
(1522, 'LA PAISANITA', '-31.7194210', '-64.4779150', 6),
(1523, 'LA PALESTINA', '-32.6155880', '-63.4092350', 6),
(1524, 'LA PAMPA', '-30.9432200', '-64.2765350', 6),
(1525, 'LA PAQUITA', '-30.9070550', '-62.2154360', 6),
(1526, 'LA PARA', '-30.8925360', '-63.0010660', 6),
(1527, 'LA PAZ', '-32.2172750', '-65.0511160', 6),
(1528, 'LA PERLA', '-31.4425580', '-64.3484860', 6),
(1529, 'LA PLAYA', '-31.0350260', '-65.3453120', 6),
(1530, 'LA PLAYOSA', '-32.0996950', '-63.0325290', 6),
(1531, 'LA POBLACION', '-32.0660030', '-65.0309090', 6),
(1532, 'LA POSTA', '-30.5653600', '-63.5163050', 6),
(1533, 'LA PUERTA', '-31.1419300', '-64.0402190', 6),
(1534, 'LA PUERTA', '-30.8926050', '-63.2532710', 6),
(1535, 'LA QUINTA', '-31.0622590', '-63.1501280', 6),
(1536, 'LA RAMADA', '-32.2996520', '-65.0361510', 6),
(1537, 'LA RANCHERITA', '-31.7574680', '-64.4486900', 6),
(1538, 'LA RINCONADA', '-30.1846540', '-62.8301430', 6),
(1539, 'LA SERRANITA', '-31.7331340', '-64.4564150', 6),
(1540, 'LA TORDILLA', '-31.2352450', '-63.0599040', 6),
(1541, 'LA TRAVESIA', '-32.1066760', '-65.0637590', 6),
(1542, 'LABORDE', '-33.1529890', '-62.8560740', 6),
(1543, 'LABOULAYE', '-34.1236120', '-63.3886460', 6),
(1544, 'LAGUNA LARGA', '-31.7783990', '-63.8027370', 6),
(1545, 'LAS ACEQUIAS', '-33.2822490', '-63.9758760', 6),
(1546, 'LAS ALBAHACAS', '-32.8924930', '-64.8435920', 6),
(1547, 'LAS ARRIAS', '-30.3812830', '-63.5966640', 6),
(1548, 'LAS BAJADAS', '-32.0954060', '-64.3310540', 6),
(1549, 'LAS CALERAS', '-32.3893610', '-64.5185920', 6),
(1550, 'LAS CALLES', '-31.8206860', '-64.9717610', 6),
(1551, 'LAS CA?ADAS', '-30.9332480', '-64.7189760', 6),
(1552, 'LAS CHACRAS', '-31.9402020', '-65.0211560', 6),
(1553, 'LAS CHACRAS', '-32.2418450', '-65.0340960', 6),
(1554, 'LAS CORZUELAS', '-31.2408960', '-64.2618870', 6),
(1555, 'LAS GRAMILLAS', '-31.0882560', '-63.2418440', 6),
(1556, 'LAS HIGUERAS', '-33.0892420', '-64.2868230', 6),
(1557, 'LAS ISLETILLAS', '-32.5100980', '-63.9290230', 6),
(1558, 'LAS JARILLAS', '-31.5182260', '-64.5345930', 6),
(1559, 'LAS JUNTURAS', '-31.8313970', '-63.4506360', 6),
(1560, 'LAS MOJARRAS', '-32.3029690', '-63.2328560', 6),
(1561, 'LAS OSCURAS', '-31.6633720', '-65.3190950', 6),
(1562, 'LAS PALMAS', '-31.3800080', '-65.2899760', 6),
(1563, 'LAS PE?AS', '-32.5348510', '-64.1052290', 6),
(1564, 'LAS PE?AS', '-30.5617530', '-64.0019840', 6),
(1565, 'LAS PERDICES', '-32.6981880', '-63.7083100', 6),
(1566, 'LAS PLAYAS', '-30.6895900', '-64.8508830', 6),
(1567, 'LAS RABONAS', '-31.8544490', '-64.9870970', 6),
(1568, 'LAS SALADAS', '-30.7594680', '-63.2035030', 6),
(1569, 'LAS TAPIAS', '-31.9522280', '-65.1014220', 6),
(1570, 'LAS VARAS', '-31.8012920', '-62.6171050', 6),
(1571, 'LAS VARILLAS', '-31.8731140', '-62.7187950', 6),
(1572, 'LAS VERTIENTES', '-33.2839460', '-64.5781460', 6),
(1573, 'LEGUIZAMON', '-34.2040790', '-62.9768890', 6),
(1574, 'LEONES', '-32.6583910', '-62.2999150', 6),
(1575, 'LOMA BOLA', '-32.2189300', '-65.0285130', 6),
(1576, 'LOS CALLEJONES', '-31.9322690', '-65.2330650', 6),
(1577, 'LOS CEDROS', '-31.5571770', '-64.4028320', 6),
(1578, 'LOS CERRILLOS', '-31.9737900', '-65.4376440', 6),
(1579, 'LOS CHA?ARITOS', '-31.4021380', '-63.3321030', 6),
(1580, 'LOS CHA?ARITOS', '-30.5724820', '-64.9410780', 6),
(1581, 'LOS CISNES', '-33.4000600', '-63.4716520', 6),
(1582, 'LOS COCOS', '-30.9269770', '-64.5026120', 6),
(1583, 'LOS CONDORES', '-32.3211280', '-64.2810080', 6),
(1584, 'LOS HORNILLOS', '-31.9017350', '-64.9900890', 6),
(1585, 'LOS HOYOS', '-29.8024340', '-63.6273620', 6),
(1586, 'LOS MISTOLES', '-30.6259740', '-63.8867270', 6),
(1587, 'LOS MOLINOS', '-31.8582900', '-64.3750580', 6),
(1588, 'LOS MOLLES', '-31.0167070', '-64.2253880', 6),
(1589, 'LOS MOLLES', '-31.9620950', '-65.0383140', 6),
(1590, 'LOS POZOS', '-30.5154520', '-64.2664450', 6),
(1591, 'LOS REARTES', '-31.9198560', '-64.5755040', 6),
(1592, 'LOS SURGENTES', '-32.9843830', '-62.0237040', 6),
(1593, 'LOS TALARES', '-31.3754120', '-65.0386010', 6),
(1594, 'LOS ZORROS', '-32.0459280', '-63.2017980', 6),
(1595, 'LOZADA', '-31.6484550', '-64.0899800', 6),
(1596, 'LUCA', '-32.5401980', '-63.4762540', 6),
(1597, 'LUCIO V. MANSILLA', '-29.8063720', '-64.7065410', 6),
(1598, 'LUQUE', '-31.6468740', '-63.3447980', 6),
(1599, 'LUTTI', '-32.2989440', '-64.7254380', 6),
(1600, 'LUYABA', '-32.1483420', '-65.0566190', 6),
(1601, 'MALAGUE?O', '-31.4648050', '-64.3584260', 6),
(1602, 'MALENA', '-33.4893410', '-64.4320010', 6),
(1603, 'MALLIN', '-31.2976750', '-64.5749810', 6),
(1604, 'MALVINAS ARGENTINAS', '-31.3677030', '-64.0503200', 6),
(1605, 'MANFREDI', '-31.8440590', '-63.7460750', 6),
(1606, 'MAQUINISTA GALLINI', '-30.9074420', '-63.5321190', 6),
(1607, 'MARCOS JUAREZ', '-32.6913100', '-62.1057950', 6),
(1608, 'MARULL', '-30.9945230', '-62.8258400', 6),
(1609, 'MATORRALES', '-31.7144720', '-63.5118520', 6),
(1610, 'MATTALDI', '-34.4803870', '-64.1695030', 6),
(1611, 'MAYU SUMAJ', '-31.4668650', '-64.5427630', 6),
(1612, 'MEDIA NARANJA', '-30.6233100', '-64.9515410', 6),
(1613, 'MELO', '-34.3483190', '-63.4471710', 6),
(1614, 'MENDIOLAZA', '-31.2634680', '-64.3038340', 6),
(1615, 'MI GRANJA', '-31.3501110', '-63.9996450', 6),
(1616, 'MI VALLE', '-31.5725910', '-64.3341910', 6),
(1617, 'MILENICA', '-31.4572740', '-64.4057110', 6),
(1618, 'MINA CLAVERO', '-31.7267840', '-65.0055330', 6),
(1619, 'MIRAMAR', '-30.9145160', '-62.6749180', 6),
(1620, 'MONTE BUEY', '-32.9175280', '-62.4576580', 6),
(1621, 'MONTE DE LOS GAUCHOS', '-33.6368880', '-63.8900070', 6),
(1622, 'MONTE DEL ROSARIO', '-30.9826030', '-63.6017850', 6),
(1623, 'MONTE LE?A', '-32.6112900', '-62.5903410', 6),
(1624, 'MONTE MAIZ', '-33.2045620', '-62.6012480', 6),
(1625, 'MONTE RALO', '-31.9115750', '-64.2399920', 6),
(1626, 'MONTECRISTO', '-31.3438540', '-63.9457740', 6),
(1627, 'MORRISON', '-32.5936420', '-62.8360080', 6),
(1628, 'MORTEROS', '-30.7107060', '-62.0044440', 6),
(1629, 'MUSSI', '-31.4273240', '-65.0756890', 6),
(1630, 'NICOLAS BRUZZONE', '-34.4382300', '-64.3383710', 6),
(1631, 'NOETINGER', '-32.3667420', '-62.3120720', 6),
(1632, 'NONO', '-31.7955700', '-65.0034040', 6),
(1633, 'OBISPO TREJO', '-30.7811920', '-63.4130490', 6),
(1634, 'OLAETA', '-33.0434820', '-63.9085960', 6),
(1635, 'OLIVA', '-32.0413170', '-63.5693820', 6),
(1636, 'OLIVARES DE SAN NICOLAS', '-30.6020500', '-64.8433650', 6),
(1637, 'ONAGOITY', '-34.7703020', '-63.6703230', 6),
(1638, 'ONCATIVO', '-31.9128360', '-63.6836820', 6),
(1639, 'ORDO?EZ', '-32.8412720', '-62.8660550', 6),
(1640, 'PACHECO DE MELO', '-33.7600580', '-63.4898590', 6),
(1641, 'PAJAS BLANCAS', '-31.2146360', '-64.2768260', 6),
(1642, 'PAMPAYASTA NORTE', '-32.2416830', '-63.6421870', 6),
(1643, 'PAMPAYASTA SUR', '-32.2507580', '-63.6510140', 6),
(1644, 'PANAHOLMA', '-31.6268930', '-65.0586660', 6),
(1645, 'PARQUE CALMAYO', '-32.0237440', '-64.4641640', 6),
(1646, 'PARQUE NORTE', '-31.3000750', '-64.1767430', 6),
(1647, 'PASCANAS', '-33.1249870', '-63.0426960', 6),
(1648, 'PASCO', '-32.7470040', '-63.3411250', 6),
(1649, 'PASO DEL DURAZNO', '-33.1700680', '-64.0496310', 6),
(1650, 'PASO DEL DURAZNO', '-33.1704550', '-64.0478670', 6),
(1651, 'PASO VIEJO', '-30.7686840', '-65.1864700', 6),
(1652, 'PILAR', '-31.6804520', '-63.8814980', 6),
(1653, 'PINCEN', '-34.8379290', '-63.9155800', 6),
(1654, 'PIQUILLIN', '-31.2995840', '-63.7591050', 6),
(1655, 'PLAZA DE MERCEDES', '-30.9780510', '-63.2596190', 6),
(1656, 'PLAZA LUXARDO', '-31.3017470', '-62.2291670', 6),
(1657, 'PLAZA SAN FRANCISCO', '-31.3698060', '-62.0980390', 6),
(1658, 'PORTE?A', '-31.0139210', '-62.0633290', 6),
(1659, 'POTRERO DE GARAY', '-31.7824160', '-64.5424070', 6),
(1660, 'POZO DEL MOLLE', '-32.0194390', '-62.9199180', 6),
(1661, 'POZO NUEVO', '-29.5775460', '-64.1071000', 6),
(1662, 'PUEBLO COMECHINGONES', '-31.1685490', '-63.6075820', 6),
(1663, 'PUEBLO ITALIANO', '-33.8807230', '-62.8407250', 6),
(1664, 'PUESTO DE CASTRO', '-30.2390820', '-63.4916850', 6),
(1665, 'PUNTA DEL AGUA', '-32.5754280', '-63.8101580', 6),
(1666, 'QUEBRACHO HERRADO', '-31.5496020', '-62.2257310', 6),
(1667, 'QUEBRACHO LADEADO', '-32.2570960', '-65.0309210', 6),
(1668, 'QUEBRADA DE LOS POZOS', '-31.9074950', '-65.0344580', 6),
(1669, 'QUEBRADA DE LUNA', '-30.7949900', '-64.5210980', 6),
(1670, 'QUILINO', '-30.2159550', '-64.5029780', 6),
(1671, 'RAFAEL GARCIA', '-31.6465370', '-64.2584790', 6),
(1672, 'RAMON J. CARCANO', '-32.4911090', '-63.1028080', 6),
(1673, 'RANQUELES', '-34.8436940', '-64.0987740', 6),
(1674, 'RAYO CORTADO', '-30.0742590', '-63.8249820', 6),
(1675, 'RINCON', '-31.5953850', '-63.6155410', 6),
(1676, 'RIO BAMBA', '-34.0511210', '-63.7321530', 6),
(1677, 'RIO CEBALLOS', '-31.1748540', '-64.3096760', 6),
(1678, 'RIO CUARTO', '-33.1242630', '-64.3487380', 6),
(1679, 'RIO DE LOS SAUCES', '-32.5265600', '-64.5869530', 6),
(1680, 'RIO PRIMERO', '-31.3291840', '-63.6218670', 6),
(1681, 'RIO SEGUNDO', '-31.6501540', '-63.9118630', 6),
(1682, 'RIO TERCERO', '-32.1731010', '-64.1130560', 6),
(1683, 'ROSALES', '-34.1717910', '-63.1534800', 6),
(1684, 'ROSARIO DEL SALADILLO', '-30.4293370', '-63.4478620', 6),
(1685, 'SACANTA', '-31.6633040', '-63.0453210', 6),
(1686, 'SAGRADA FAMILIA', '-31.2897280', '-63.4454720', 6),
(1687, 'SAIRA', '-32.4064120', '-62.1029830', 6),
(1688, 'SALADILLO', '-32.9331600', '-62.3428770', 6),
(1689, 'SALDAN', '-31.3142700', '-64.3129040', 6),
(1690, 'SALSACATE', '-31.3151620', '-65.0910260', 6),
(1691, 'SALSIPUEDES', '-31.1349270', '-64.2873330', 6),
(1692, 'SAMPACHO', '-33.3845380', '-64.7219850', 6),
(1693, 'SAN AGUSTIN', '-31.9763160', '-64.3733070', 6),
(1694, 'SAN ANTONIO DE ARREDONDO', '-31.4782260', '-64.5289350', 6),
(1695, 'SAN ANTONIO DE LITIN', '-32.2128610', '-62.6330070', 6),
(1696, 'SAN BASILIO', '-33.4978540', '-64.3151830', 6),
(1697, 'SAN CARLOS MINAS', '-31.1755900', '-65.1017050', 6),
(1698, 'SAN CLEMENTE', '-31.7166550', '-64.6265870', 6),
(1699, 'SAN ESTEBAN', '-30.9199780', '-64.5360040', 6),
(1700, 'SAN FRANCISCO', '-31.4276090', '-62.0866340', 6),
(1701, 'SAN FRANCISCO DEL CHA?AR', '-29.7882610', '-63.9430700', 6),
(1702, 'SAN GERONIMO', '-31.3409520', '-64.9131950', 6),
(1703, 'SAN HUBERTO', '-31.8325290', '-64.9856730', 6),
(1704, 'SAN IGNACIO LOTEO SAN JAVIER)', '-32.1667860', '-64.5163970', 6),
(1705, 'SAN IGNACIO LOTEO VELEZ CRESPO)', '-32.0994510', '-64.5337590', 6),
(1706, 'SAN JAVIER Y YACANTO', '-32.0266520', '-65.0275520', 6),
(1707, 'SAN JOAQUIN', '-34.5106400', '-63.7132750', 6),
(1708, 'SAN JOSE', '-31.9573260', '-65.3152080', 6),
(1709, 'SAN JOSE DE LA DORMIDA', '-30.3546020', '-63.9466530', 6),
(1710, 'SAN JOSE DE LAS SALINAS', '-30.0090770', '-64.6251340', 6),
(1711, 'SAN LORENZO', '-31.6822280', '-65.0255690', 6),
(1712, 'SAN MARCOS', '-32.6303280', '-62.4819710', 6),
(1713, 'SAN MARCOS SIERRA', '-30.7803420', '-64.6468520', 6),
(1714, 'SAN MARTIN', '-31.8969860', '-65.5246630', 6),
(1715, 'SAN NICOLAS', '-31.4364880', '-64.4538960', 6),
(1716, 'SAN PEDRO', '-31.9368240', '-65.2192400', 6),
(1717, 'SAN PEDRO DE GUTEMBERG', '-29.6982280', '-63.5610810', 6),
(1718, 'SAN PEDRO DE TOYOS', '-30.4541580', '-64.4475690', 6),
(1719, 'SAN PEDRO NORTE', '-30.0887590', '-64.1559540', 6),
(1720, 'SAN ROQUE', '-31.3496900', '-64.4599290', 6),
(1721, 'SAN ROQUE DEL LAGO', '-31.3266870', '-64.4544690', 6),
(1722, 'SAN SEVERO', '-33.5383250', '-63.0479280', 6),
(1723, 'SAN VICENTE', '-31.8549850', '-65.4304500', 6),
(1724, 'SANABRIA', '-32.5275600', '-63.2479620', 6),
(1725, 'SANTA CATALINA', '-33.2059380', '-64.4348160', 6),
(1726, 'SANTA CATALINA', '-30.8726240', '-64.2313500', 6),
(1727, 'SANTA ELENA', '-31.2593060', '-64.0753190', 6),
(1728, 'SANTA ELENA', '-30.1174760', '-63.8438050', 6),
(1729, 'SANTA EUFEMIA', '-33.1767530', '-63.2820360', 6),
(1730, 'SANTA MAGDALENA', '-34.5147370', '-63.9415110', 6),
(1731, 'SANTA MARIA DE PUNILLA', '-31.2703320', '-64.4653360', 6),
(1732, 'SANTA MONICA', '-32.0665950', '-64.5791020', 6),
(1733, 'SANTA ROSA DE CALAMUCHITA', '-32.0731570', '-64.5447320', 6),
(1734, 'SANTA ROSA DE RIO PRIMERO', '-31.1514770', '-63.4015910', 6),
(1735, 'SANTIAGO TEMPLE', '-31.3871250', '-63.4182080', 6),
(1736, 'SARMIENTO', '-30.7741940', '-64.1089870', 6),
(1737, 'SATURNINO MARIA LASPIUR', '-31.7029320', '-62.4840180', 6),
(1738, 'SAUCE ARRIBA', '-31.9143830', '-65.1687930', 6),
(1739, 'SEBASTIAN ELCANO', '-30.1614460', '-63.5934500', 6),
(1740, 'SEEBER', '-30.9239730', '-61.9737370', 6),
(1741, 'SEGUNDA USINA', '-32.1650430', '-64.3784230', 6),
(1742, 'SERRANO', '-34.4699820', '-63.5375600', 6),
(1743, 'SERREZUELA', '-30.6392030', '-65.3813010', 6),
(1744, 'SILVIO PELLICO', '-32.2506340', '-62.9316500', 6),
(1745, 'SIMBOLAR', '-30.4752560', '-63.9850400', 6),
(1746, 'SINSACATE', '-30.9428570', '-64.0884970', 6),
(1747, 'SOCAVONES', '-31.5300870', '-64.1457830', 6),
(1748, 'SOLAR DE LOS MOLINOS', '-31.8262220', '-64.5197800', 6),
(1749, 'SUCO', '-33.4394730', '-64.8316610', 6),
(1750, 'TALA CA?ADA', '-31.3570290', '-64.9764520', 6),
(1751, 'TALA HUASI', '-31.4724470', '-64.5651510', 6),
(1752, 'TALAINI', '-31.2496920', '-65.1672000', 6),
(1753, 'TANCACHA', '-32.2402070', '-63.9799470', 6),
(1754, 'TANINGA', '-31.3454000', '-65.0801170', 6),
(1755, 'TANTI', '-31.3549070', '-64.5909560', 6),
(1756, 'TASNA', '-31.6303410', '-65.1483380', 6),
(1757, 'TEJAS TRES', '-31.4661290', '-64.3670950', 6),
(1758, 'TICINO', '-32.6919270', '-63.4353040', 6),
(1759, 'TIERRA ALTA', '-31.4723030', '-64.4707950', 6),
(1760, 'TINOCO', '-31.1238790', '-63.8923780', 6),
(1761, 'TIO PUJIO', '-32.2863740', '-63.3540180', 6),
(1762, 'TOLEDO', '-31.5560970', '-64.0080540', 6),
(1763, 'TORO PUJIO', '-31.1090400', '-62.9876510', 6),
(1764, 'TOSNO', '-30.9499430', '-65.3099280', 6),
(1765, 'TOSQUITAS', '-33.8188250', '-64.4569330', 6),
(1766, 'TRANSITO', '-31.4251110', '-63.1954040', 6),
(1767, 'TUCLAME', '-30.7485280', '-65.2375410', 6),
(1768, 'UCACHA', '-33.0334390', '-63.5082570', 6),
(1769, 'UNQUILLO', '-31.2319730', '-64.3177430', 6),
(1770, 'VALLE ALEGRE', '-31.6082130', '-64.4403680', 6),
(1771, 'VALLE DE ANISACATE', '-31.7314780', '-64.4129620', 6),
(1772, 'VALLE HERMOSO', '-31.1172890', '-64.4842530', 6),
(1773, 'VIAMONTE', '-33.7470670', '-63.0989060', 6),
(1774, 'VICU?A MACKENNA', '-33.9172360', '-64.3902220', 6),
(1775, 'VILLA ALBERTINA', '-32.4342180', '-63.1844590', 6),
(1776, 'VILLA ALLENDE', '-31.2922070', '-64.2950080', 6),
(1777, 'VILLA ALPINA', '-31.9532610', '-64.8132540', 6),
(1778, 'VILLA AMANCAY', '-32.1863930', '-64.5704530', 6),
(1779, 'VILLA ASCASUBI', '-32.1643580', '-63.8925590', 6),
(1780, 'VILLA BERNA', '-31.9052380', '-64.7428820', 6),
(1781, 'VILLA CANDELARIA NORTE', '-29.8162960', '-63.3548390', 6),
(1782, 'VILLA CARLOS PAZ', '-31.4182380', '-64.4933450', 6),
(1783, 'VILLA CERRO AZUL', '-31.0702140', '-64.3197330', 6),
(1784, 'VILLA CIUDAD DE AMERICA', '-31.7932200', '-64.5139260', 6),
(1785, 'VILLA CIUDAD PARQUE LOS REARTES', '-31.9091580', '-64.5456890', 6),
(1786, 'VILLA CIUDAD PARQUE LOS REARTES 3? SECCION)', '-31.9091580', '-64.5456890', 6),
(1787, 'VILLA CIUDAD PARQUES LOS REARTES 1? SECCION)', '-31.9091580', '-64.5456890', 6),
(1788, 'VILLA CONCEPCION DEL TIO', '-31.3224690', '-62.8144750', 6),
(1789, 'VILLA CORAZON DE MARIA', '-31.4435290', '-63.9963790', 6),
(1790, 'VILLA CURA BROCHERO', '-31.7063690', '-65.0191110', 6),
(1791, 'VILLA DE LAS ROSAS', '-31.9521740', '-65.0539140', 6),
(1792, 'VILLA DE MARIA', '-29.9043580', '-63.7223190', 6),
(1793, 'VILLA DE POCHO', '-31.4880890', '-65.2830350', 6),
(1794, 'VILLA DE SOTO', '-30.8529770', '-64.9925000', 6),
(1795, 'VILLA DEL DIQUE', '-32.1696840', '-64.4567950', 6),
(1796, 'VILLA DEL PRADO', '-31.6174540', '-64.3910630', 6),
(1797, 'VILLA DEL ROSARIO', '-31.5540110', '-63.5341490', 6),
(1798, 'VILLA DEL TOTORAL', '-30.7038440', '-64.0682990', 6),
(1799, 'VILLA DEL TRANSITO', '-31.4474040', '-63.1940140', 6),
(1800, 'VILLA DOLORES', '-31.9440430', '-65.1961400', 6),
(1801, 'VILLA EL CHACAY', '-32.8937270', '-64.8675140', 6),
(1802, 'VILLA EL TALA', '-32.2542670', '-64.5850040', 6),
(1803, 'VILLA ELISA', '-32.7487780', '-62.3306740', 6),
(1804, 'VILLA FLOR SERRANA', '-31.3864690', '-64.6003660', 6),
(1805, 'VILLA FONTANA', '-30.8940090', '-63.1159180', 6),
(1806, 'VILLA GENERAL BELGRANO', '-31.9808240', '-64.5606190', 6),
(1807, 'VILLA GIARDINO', '-31.0362770', '-64.4928900', 6),
(1808, 'VILLA GUTIERREZ', '-30.6569510', '-64.1819590', 6),
(1809, 'VILLA HUIDOBRO', '-34.8371820', '-64.5833570', 6),
(1810, 'VILLA LA BOLSA', '-31.7287880', '-64.4324170', 6),
(1811, 'VILLA LA RIVERA', '-32.2667330', '-64.5204930', 6),
(1812, 'VILLA LA VI?A', '-31.8727710', '-65.0372750', 6),
(1813, 'VILLA LAGO AZUL', '-31.3740260', '-64.4831120', 6),
(1814, 'VILLA LOS AROMOS', '-31.7359600', '-64.4389280', 6),
(1815, 'VILLA LOS LLANOS', '-31.2757010', '-64.1626840', 6),
(1816, 'VILLA LOS PATOS', '-32.7637450', '-62.7277950', 6),
(1817, 'VILLA MARIA', '-32.4120840', '-63.2499950', 6),
(1818, 'VILLA NUEVA', '-32.4288250', '-63.2493590', 6),
(1819, 'VILLA OESTE', '-32.4343320', '-63.2875590', 6),
(1820, 'VILLA PARQUE SANTA ANA', '-31.5917320', '-64.3503000', 6),
(1821, 'VILLA PARQUE SIQUIMAN', '-31.3457170', '-64.4802570', 6),
(1822, 'VILLA PASTORA', '-31.3069070', '-64.1785310', 6),
(1823, 'VILLA QUILINO', '-30.2101160', '-64.4775670', 6),
(1824, 'VILLA QUILLINZO', '-32.2384370', '-64.5210500', 6),
(1825, 'VILLA REDUCCION', '-33.2014560', '-63.8622210', 6),
(1826, 'VILLA RIO ICHO CRUZ', '-31.4791070', '-64.5627470', 6),
(1827, 'VILLA ROSSI', '-34.2979370', '-63.2685400', 6);
INSERT INTO `ciudades` (`id`, `localidad_nombre`, `latitud`, `longitud`, `idPcia`) VALUES
(1828, 'VILLA RUMIPAL', '-32.1893810', '-64.4792060', 6),
(1829, 'VILLA SAN ESTEBAN', '-31.6335470', '-62.8967670', 6),
(1830, 'VILLA SAN ISIDRO - JOSE DE LA QUINTANA', '-31.8208260', '-64.3935280', 6),
(1831, 'VILLA SAN JOSE', '-31.2796130', '-64.5653440', 6),
(1832, 'VILLA SAN MIGUEL', '-31.8582900', '-64.3750580', 6),
(1833, 'VILLA SANTA CRUZ DEL LAGO', '-31.3693230', '-64.5205370', 6),
(1834, 'VILLA SANTA EUGENIA', '-32.6651070', '-64.7415020', 6),
(1835, 'VILLA SARMIENTO', '-34.1216200', '-64.7240500', 6),
(1836, 'VILLA SARMIENTO', '-31.9366570', '-65.1917970', 6),
(1837, 'VILLA SIERRAS DE ORO', '-31.4579360', '-64.4217150', 6),
(1838, 'VILLA TULUMBA', '-30.3974820', '-64.1231770', 6),
(1839, 'VILLA VALERIA', '-34.3408530', '-64.9178450', 6),
(1840, 'VILLA YACANTO', '-32.1037830', '-64.7541030', 6),
(1841, 'WASHINGTON', '-33.8733680', '-64.6886180', 6),
(1842, 'WENCESLAO ESCALANTE', '-33.1720230', '-62.7700000', 6),
(1843, 'YOCSINA', '-31.4470580', '-64.3660750', 6),
(1844, 'SE DESCONOCE', '0.0000000', '0.0000000', 7),
(1845, 'ALVEAR', '-29.0985990', '-56.5521630', 7),
(1846, 'BELLA VISTA', '-28.5076770', '-59.0443330', 7),
(1847, 'BERON DE ASTRADA', '-27.5506230', '-57.5376250', 7),
(1848, 'BONPLAND', '-29.8203740', '-57.4296480', 7),
(1849, 'CAZADORES CORRENTINOS', '-29.9787830', '-58.3024360', 7),
(1850, 'CHAVARRIA', '-28.9549220', '-58.5716490', 7),
(1851, 'COLONIA CARLOS PELLEGRINI', '-28.5373400', '-57.1712310', 7),
(1852, 'COLONIA CAROLINA', '-29.1457710', '-59.1820840', 7),
(1853, 'COLONIA LIBERTAD', '-30.0439760', '-57.8235190', 7),
(1854, 'COLONIA LIEBIGS', '-27.9156590', '-55.8233290', 7),
(1855, 'COLONIA PANDO', '-28.5252150', '-58.4869350', 7),
(1856, 'CONCEPCION', '-28.3924910', '-57.8866810', 7),
(1857, 'CORRIENTES', '-27.4632820', '-58.8392330', 7),
(1858, 'CRUZ DE LOS MILAGROS', '-28.8357350', '-59.0068580', 7),
(1859, 'CURUZU CUATIA', '-29.7915230', '-58.0499450', 7),
(1860, 'EL SOMBRERO', '-27.7035440', '-58.7686060', 7),
(1861, 'EMPEDRADO', '-27.9524560', '-58.8074760', 7),
(1862, 'ESQUINA', '-30.0159280', '-59.5309810', 7),
(1863, 'ESTACION LIBERTAD', '-30.0125290', '-57.8591300', 7),
(1864, 'ESTACION TORRENT', '-28.8266240', '-56.4695260', 7),
(1865, 'FELIPE YOFRE', '-29.1059200', '-58.3424750', 7),
(1866, 'GARRUCHOS', '-28.1729440', '-55.6513320', 7),
(1867, 'GOBERNADOR IGR.VALENTIN VIRASORO', '-28.0455570', '-56.0190200', 7),
(1868, 'GOBERNADOR JUAN E. MARTINEZ', '-28.9108690', '-58.9359580', 7),
(1869, 'GOYA', '-29.1413440', '-59.2605310', 7),
(1870, 'GUAVIRAVI', '-29.3669870', '-56.8292390', 7),
(1871, 'INGENIO PRIMER CORRENTINO', '-27.4336720', '-58.6243280', 7),
(1872, 'ITA IBATE', '-27.4250660', '-57.3376990', 7),
(1873, 'ITATI', '-27.2693040', '-58.2434780', 7),
(1874, 'ITUZAINGO', '-27.5910430', '-56.7039740', 7),
(1875, 'JOSE R. GOMEZ', '-28.2260140', '-55.7844090', 7),
(1876, 'JUAN PUJOL', '-30.4178960', '-57.8560690', 7),
(1877, 'LA CRUZ', '-29.1736580', '-56.6450160', 7),
(1878, 'LAGUNA BRAVA', '-27.4928280', '-58.7167660', 7),
(1879, 'LAVALLE', '-29.0249810', '-59.1818570', 7),
(1880, 'LOMAS DE VALLEJOS', '-27.7329660', '-57.9193850', 7),
(1881, 'LORETO', '-27.7684510', '-57.2748390', 7),
(1882, 'MARIANO I. LOZA', '-29.3763670', '-58.1960230', 7),
(1883, 'MBURUCUYA', '-28.0460570', '-58.2249840', 7),
(1884, 'MERCEDES', '-29.1833890', '-58.0742360', 7),
(1885, 'MOCORETA', '-30.6176800', '-57.9628250', 7),
(1886, 'MONTE CASEROS', '-30.2515530', '-57.6388140', 7),
(1887, 'NUESTRA SE?ORA DEL ROSARIO DE CAA CATI', '-27.7519960', '-57.6225140', 7),
(1888, 'PALMAR GRANDE', '-27.9407690', '-57.9009160', 7),
(1889, 'PARADA ACU?A', '-29.9084820', '-57.9581770', 7),
(1890, 'PARADA LABOUGLE', '-30.3190400', '-57.7289870', 7),
(1891, 'PARADA PUCHETA', '-29.9053450', '-57.5743690', 7),
(1892, 'PASO DE LA PATRIA', '-27.3150060', '-58.5720140', 7),
(1893, 'PASO DE LOS LIBRES', '-29.7117000', '-57.0877440', 7),
(1894, 'PEDRO R. FERNANDEZ', '-28.7505430', '-58.6545370', 7),
(1895, 'PERUGORRIA', '-29.3404800', '-58.6080890', 7),
(1896, 'PUEBLO LIBERTADOR', '-30.2195810', '-59.3906030', 7),
(1897, 'RAMADA PASO', '-27.3659290', '-58.3003090', 7),
(1898, 'RIACHUELO', '-27.5811450', '-58.7419830', 7),
(1899, 'SALADAS', '-28.2553370', '-58.6238010', 7),
(1900, 'SAN ANTONIO', '-27.5073850', '-56.7411670', 7),
(1901, 'SAN CARLOS', '-27.7457850', '-55.9000480', 7),
(1902, 'SAN CAYETANO', '-27.5712100', '-58.6958800', 7),
(1903, 'SAN COSME', '-27.3711800', '-58.5115290', 7),
(1904, 'SAN LORENZO', '-28.1314600', '-58.7668320', 7),
(1905, 'SAN LUIS DEL PALMAR', '-27.5081080', '-58.5554740', 7),
(1906, 'SAN MIGUEL', '-27.9947740', '-57.5919540', 7),
(1907, 'SAN ROQUE', '-28.5732310', '-58.7100570', 7),
(1908, 'SANTA ANA', '-27.4550910', '-58.6530390', 7),
(1909, 'SANTA LUCIA', '-28.9847970', '-59.1017580', 7),
(1910, 'SANTA ROSA', '-28.2674260', '-58.1220610', 7),
(1911, 'SANTO TOME', '-28.5511590', '-56.0420860', 7),
(1912, 'SAUCE', '-30.0867530', '-58.7879620', 7),
(1913, 'TABAY', '-28.3062680', '-58.2862970', 7),
(1914, 'TAPEBICUA', '-29.5043110', '-56.9760310', 7),
(1915, 'TATACUA', '-28.3720750', '-58.3252900', 7),
(1916, 'VILLA CORDOBA', '-28.9940340', '-59.0774380', 7),
(1917, 'VILLA OLIVARI', '-27.6329470', '-56.9062010', 7),
(1918, 'YAHAPE', '-27.3704270', '-57.6552250', 7),
(1919, 'YAPEYU', '-29.4706320', '-56.8158360', 7),
(1920, 'YATAYTI CALLE', '-29.0295900', '-58.9097320', 7),
(1921, 'SE DESCONOCE', '0.0000000', '0.0000000', 8),
(1922, 'ALCARAZ', '-31.4565890', '-59.5991390', 8),
(1923, 'ALDEA ASUNCION', '-32.8251720', '-59.2312380', 8),
(1924, 'ALDEA BRASILERA', '-31.8922860', '-60.5917980', 8),
(1925, 'ALDEA GRAPSCHENTAL', '-31.9563720', '-60.4961050', 8),
(1926, 'ALDEA MARIA LUISA', '-31.8847290', '-60.4087460', 8),
(1927, 'ALDEA PROTESTANTE', '-32.0308330', '-60.5643360', 8),
(1928, 'ALDEA SALTO', '-31.9260360', '-60.5483850', 8),
(1929, 'ALDEA SAN ANTONIO', '-32.6253280', '-58.7031970', 8),
(1930, 'ALDEA SAN FRANCISCO', '-31.9625680', '-60.6357130', 8),
(1931, 'ALDEA SAN JUAN', '-31.9982240', '-60.3583820', 8),
(1932, 'ALDEA SAN JUAN', '-32.7037890', '-58.7790630', 8),
(1933, 'ALDEA SAN RAFAEL', '-31.9598300', '-60.2558760', 8),
(1934, 'ALDEA SANTA MARIA', '-31.6128700', '-60.0070720', 8),
(1935, 'ALDEA SANTA ROSA', '-32.0164540', '-60.2411070', 8),
(1936, 'ALDEA SPATZENKUTTER', '-31.9485290', '-60.5803970', 8),
(1937, 'ALDEA VALLE MARIA', '-31.9922440', '-60.5878500', 8),
(1938, 'ALTAMIRANO SUR', '-32.0888340', '-59.1740710', 8),
(1939, 'ANTELO', '-32.5338100', '-60.0356970', 8),
(1940, 'ARANGUREN', '-32.2443130', '-60.1627990', 8),
(1941, 'ARROYO BARU', '-31.8673630', '-58.4457030', 8),
(1942, 'BASAVILBASO', '-32.3725730', '-58.8785610', 8),
(1943, 'BENITO LEGEREN', '-31.4288790', '-58.0768060', 8),
(1944, 'BETBEDER', '-32.3741010', '-59.9380820', 8),
(1945, 'BOVRIL', '-31.3428910', '-59.4467310', 8),
(1946, 'CALABACILLA', '-31.5076260', '-58.1334350', 8),
(1947, 'CASEROS', '-32.4642770', '-58.4780720', 8),
(1948, 'CEIBAS', '-33.4994120', '-58.8003540', 8),
(1949, 'CERRITO', '-31.5821710', '-60.0740220', 8),
(1950, 'CHAJARI', '-30.7540760', '-57.9841630', 8),
(1951, 'CLODOMIRO LEDESMA', '-31.5794030', '-58.1813680', 8),
(1952, 'COLON', '-32.2232180', '-58.1419670', 8),
(1953, 'COLONIA ALEMANA', '-30.8961590', '-58.0221580', 8),
(1954, 'COLONIA AVELLANEDA', '-31.7680690', '-60.4050220', 8),
(1955, 'COLONIA AVIGDOR', '-31.1853380', '-59.4079820', 8),
(1956, 'COLONIA AYUI', '-31.2050900', '-58.0338900', 8),
(1957, 'COLONIA CRESPO', '-31.6777730', '-60.2436880', 8),
(1958, 'COLONIA ELIA', '-32.6723720', '-58.3251190', 8),
(1959, 'COLONIA ENSAYO', '-31.8672570', '-60.5752900', 8),
(1960, 'COLONIA GENERAL ROCA', '-31.3244070', '-58.1214100', 8),
(1961, 'COLONIA HUGUES', '-32.2963660', '-58.2329680', 8),
(1962, 'COLONIA PE?A', '-30.7974920', '-58.1756380', 8),
(1963, 'CONCEPCION DEL URUGUAY', '-32.4853600', '-58.2320520', 8),
(1964, 'CONCORDIA', '-31.3687040', '-58.0450290', 8),
(1965, 'CONSCRIPTO BERNARDI', '-31.0477780', '-59.0867390', 8),
(1966, 'CRESPO', '-32.0346490', '-60.3107510', 8),
(1967, 'DIAMANTE', '-32.0671550', '-60.6377370', 8),
(1968, 'DON CRISTOBAL', '-32.0752590', '-59.9943230', 8),
(1969, 'DURAZNO', '-31.9865850', '-59.2804620', 8),
(1970, 'EL BRILLANTE', '-32.1797670', '-58.2122330', 8),
(1971, 'EL CIMARRON', '-30.9868630', '-58.9777570', 8),
(1972, 'EL COLORADO', '-32.1819020', '-58.1918560', 8),
(1973, 'EL PALENQUE', '-31.6625750', '-60.1751140', 8),
(1974, 'EL PINGO', '-31.5838500', '-59.8938070', 8),
(1975, 'EL RAMBLON', '-31.8480470', '-60.0927490', 8),
(1976, 'EL SOLAR', '-31.1810120', '-59.7328840', 8),
(1977, 'ENRIQUE CARBO', '-33.1478480', '-59.2089400', 8),
(1978, 'ESTACION ARROYO CLE', '-32.6338910', '-59.4016110', 8),
(1979, 'ESTACION CAMPS', '-32.1133210', '-60.2299020', 8),
(1980, 'ESTACION ESCRI?A', '-32.5932360', '-58.9037420', 8),
(1981, 'ESTACION LAZO', '-32.8718400', '-59.4223490', 8),
(1982, 'ESTACION PUIGGARI', '-32.0602300', '-60.4435730', 8),
(1983, 'ESTACION RAICES', '-31.9082480', '-59.2606930', 8),
(1984, 'ESTACION YERUA', '-31.4694330', '-58.2636680', 8),
(1985, 'ESTACION YUQUERI', '-31.3963810', '-58.1611540', 8),
(1986, 'ESTANCIA GRANDE', '-31.4400280', '-58.1246630', 8),
(1987, 'FAUSTINO M. PARERA', '-32.8044310', '-58.8826330', 8),
(1988, 'FEBRE', '-32.4774520', '-59.9217120', 8),
(1989, 'FEDERACION', '-30.9900720', '-57.9183480', 8),
(1990, 'FEDERAL', '-30.9513340', '-58.7851420', 8),
(1991, 'GENERAL ALMADA', '-32.8376330', '-58.8038160', 8),
(1992, 'GENERAL ALVEAR', '-31.9494540', '-60.6779500', 8),
(1993, 'GENERAL CAMPOS', '-31.5246080', '-58.4047740', 8),
(1994, 'GENERAL GALARZA', '-32.7212710', '-59.3958890', 8),
(1995, 'GENERAL RACEDO', '-31.9840160', '-60.4083910', 8),
(1996, 'GENERAL RAMIREZ', '-32.1772710', '-60.1985610', 8),
(1997, 'GILBERT', '-32.5306030', '-58.9339530', 8),
(1998, 'GOBERNADOR ECHAGUE', '-32.3933700', '-59.2758890', 8),
(1999, 'GOBERNADOR MANSILLA', '-32.5464910', '-59.3561470', 8),
(2000, 'GOBERNADOR SOLA', '-32.3372060', '-59.3710910', 8),
(2001, 'GUALEGUAY', '-33.1485560', '-59.3150160', 8),
(2002, 'GUALEGUAYCHU', '-33.0100330', '-58.5164260', 8),
(2003, 'GUARDAMONTE', '-32.0826360', '-59.3082770', 8),
(2004, 'HAMBIS', '-31.9629510', '-58.5082060', 8),
(2005, 'HASENKAMP', '-31.5133050', '-59.8369700', 8),
(2006, 'HERNANDARIAS', '-31.2324500', '-59.9872580', 8),
(2007, 'HERNANDEZ', '-32.3380690', '-60.0301400', 8),
(2008, 'HERRERA', '-32.4346140', '-58.6330140', 8),
(2009, 'HOCKER', '-32.0874960', '-58.3417060', 8),
(2010, 'IBICUY', '-33.7437860', '-59.1550370', 8),
(2011, 'INGENIERO MIGUEL SAJAROFF', '-31.9569340', '-58.8491170', 8),
(2012, 'IRAZUSTA', '-32.9269370', '-58.9534830', 8),
(2013, 'JUBILEO', '-31.7336730', '-58.6340380', 8),
(2014, 'LA CLARITA', '-31.9771380', '-58.3917630', 8),
(2015, 'LA CRIOLLA', '-31.2693710', '-58.1060430', 8),
(2016, 'LA JAULA', '-31.8327180', '-60.6048470', 8),
(2017, 'LA JUANITA', '-31.8753770', '-60.6491220', 8),
(2018, 'LA PAZ', '-30.7415410', '-59.6433540', 8),
(2019, 'LA PICADA', '-31.7267100', '-60.2971790', 8),
(2020, 'LARROQUE', '-33.0354240', '-59.0018540', 8),
(2021, 'LAS GUACHAS', '-32.4700080', '-59.1726630', 8),
(2022, 'LAS MOSCAS', '-32.0926670', '-58.9575920', 8),
(2023, 'LAS TEJAS', '-31.4119400', '-58.0740080', 8),
(2024, 'LAS TUNAS', '-31.8706100', '-59.7324360', 8),
(2025, 'LIBAROS', '-32.2629480', '-58.9066110', 8),
(2026, 'LOS CHARRUAS', '-31.1707840', '-58.1873840', 8),
(2027, 'LOS CONQUISTADORES', '-30.5944070', '-58.4682630', 8),
(2028, 'LUCAS GONZALEZ', '-32.3859290', '-59.5313000', 8),
(2029, 'MACIA', '-32.1724410', '-59.3986790', 8),
(2030, 'MARIA GRANDE', '-31.6660720', '-59.9044380', 8),
(2031, 'MEDANOS', '-33.4361000', '-59.0675950', 8),
(2032, 'MOLINO DOLL', '-32.3100410', '-60.4202060', 8),
(2033, 'NOGOYA', '-32.3956420', '-59.7880760', 8),
(2034, 'NUEVA ESCOCIA', '-31.6473160', '-58.0158130', 8),
(2035, 'NUEVA VIZCAYA', '-30.9685150', '-58.6127480', 8),
(2036, 'ORO VERDE', '-31.8257360', '-60.5182730', 8),
(2037, 'PARAJE LA VIRGEN', '-31.9173630', '-60.6531970', 8),
(2038, 'PARANA', '-31.7415680', '-60.5284150', 8),
(2039, 'PASO DE LA LAGUNA', '-31.8057650', '-59.1651610', 8),
(2040, 'PASTOR BRITOS', '-32.7697430', '-58.9070200', 8),
(2041, 'PEDERNAL', '-31.6714730', '-58.2307910', 8),
(2042, 'PIEDRAS BLANCAS', '-31.1859580', '-59.9521590', 8),
(2043, 'PRONUNCIAMIENTO', '-32.3456510', '-58.4438590', 8),
(2044, 'PUEBLO BELLOCQ', '-31.4287140', '-59.7457890', 8),
(2045, 'PUEBLO BRUGO', '-31.3883020', '-60.0938330', 8),
(2046, 'PUEBLO CAZES', '-32.0030490', '-58.4934830', 8),
(2047, 'PUEBLO GENERAL BELGRANO', '-33.0162890', '-58.4760440', 8),
(2048, 'PUEBLO GENERAL SAN MARTIN', '-31.4636060', '-60.1679620', 8),
(2049, 'PUEBLO LIEBIGS', '-32.1570050', '-58.1976620', 8),
(2050, 'PUEBLO MORENO', '-31.5884910', '-60.0648930', 8),
(2051, 'PUERTO LAS CUEVAS', '-32.3342280', '-60.4872900', 8),
(2052, 'PUERTO RUIZ', '-33.2198400', '-59.3630340', 8),
(2053, 'PUERTO YERUA', '-31.5308340', '-58.0128950', 8),
(2054, 'ROCAMORA', '-32.3459730', '-58.9697450', 8),
(2055, 'ROSARIO DEL TALA', '-32.3026340', '-59.1445790', 8),
(2056, 'SAN BENITO', '-31.7815220', '-60.4419740', 8),
(2057, 'SAN GUSTAVO', '-30.6905070', '-59.3994540', 8),
(2058, 'SAN JAIME DE LA FRONTERA', '-30.3396270', '-58.3080920', 8),
(2059, 'SAN JOSE', '-32.2021610', '-58.2095930', 8),
(2060, 'SAN JOSE DE FELICIANO', '-30.3852710', '-58.7515720', 8),
(2061, 'SAN PEDRO', '-30.7571890', '-58.0818710', 8),
(2062, 'SAN RAMON', '-30.8091640', '-58.2191270', 8),
(2063, 'SAN SALVADOR', '-31.6255230', '-58.5040740', 8),
(2064, 'SAN VICTOR', '-30.4869280', '-59.0316520', 8),
(2065, 'SANTA ANA', '-30.9004970', '-57.9310810', 8),
(2066, 'SANTA ANITA', '-32.1762470', '-58.7864820', 8),
(2067, 'SANTA ELENA', '-30.9466590', '-59.7882850', 8),
(2068, 'SAUCE DE LUNA', '-31.2384740', '-59.2202830', 8),
(2069, 'SAUCE MONTRULL', '-31.7463190', '-60.3552300', 8),
(2070, 'SAUCE PINTO', '-31.8442990', '-60.3747480', 8),
(2071, 'SEGUI', '-31.9588750', '-60.1269830', 8),
(2072, 'SIR LEONARD', '-31.3896680', '-59.5032120', 8),
(2073, 'SOSA', '-31.7385740', '-59.9115080', 8),
(2074, 'STROBEL', '-32.0585360', '-60.6108080', 8),
(2075, 'TABOSSI', '-31.8047080', '-59.9379150', 8),
(2076, 'TEZANOS PINTO', '-31.8735460', '-60.4970240', 8),
(2077, 'UBAJAY', '-31.7925730', '-58.3158520', 8),
(2078, 'URDINARRAIN', '-32.6881310', '-58.8889950', 8),
(2079, 'VIALE', '-31.8714330', '-60.0099230', 8),
(2080, 'VICTORIA', '-32.6205970', '-60.1533130', 8),
(2081, 'VILLA ADELA', '-31.4037430', '-58.0394130', 8),
(2082, 'VILLA CLARA', '-31.8301000', '-58.8233900', 8),
(2083, 'VILLA DEL ROSARIO', '-30.7968320', '-57.9115720', 8),
(2084, 'VILLA DOMINGUEZ', '-31.9870150', '-58.9634180', 8),
(2085, 'VILLA ELISA', '-32.1606200', '-58.4037480', 8),
(2086, 'VILLA FONTANA', '-31.9086470', '-60.4683520', 8),
(2087, 'VILLA GOBERNADOR LUIS F. ETCHEVEHERE', '-31.9342860', '-60.4279740', 8),
(2088, 'VILLA LIBERTADOR SAN MARTIN', '-32.0697560', '-60.4624460', 8),
(2089, 'VILLA MANTERO', '-32.3987090', '-58.7440640', 8),
(2090, 'VILLA PARANACITO', '-33.7156240', '-58.6597630', 8),
(2091, 'VILLA SAN JUSTO', '-32.4463200', '-58.4359140', 8),
(2092, 'VILLA SAN MARCIAL', '-32.1800620', '-58.9301270', 8),
(2093, 'VILLA URQUIZA', '-31.6507510', '-60.3775860', 8),
(2094, 'VILLA ZORRAQUIN', '-31.3299510', '-58.0174850', 8),
(2095, 'VILLAGUAY', '-31.8654410', '-59.0290630', 8),
(2096, 'XX DE SETIEMBRE', '-32.3866240', '-59.6630740', 8),
(2097, 'SE DESCONOCE', '0.0000000', '0.0000000', 9),
(2098, 'BANCO PAYAGUA', '-26.7071300', '-58.3390750', 9),
(2099, 'BARTOLOME DE LAS CASAS', '-25.4941220', '-59.6120580', 9),
(2100, 'BUENA VISTA', '-25.0712120', '-58.3867800', 9),
(2101, 'CLORINDA', '-25.2921610', '-57.7178090', 9),
(2102, 'COLONIA CAMPO VILLAFA?E', '-26.2048680', '-59.0780330', 9),
(2103, 'COLONIA PASTORIL', '-25.6701400', '-58.2626300', 9),
(2104, 'COLONIA SARMIENTO', '-24.6444790', '-59.4332810', 9),
(2105, 'COMANDANTE FONTANA', '-25.3347930', '-59.6828070', 9),
(2106, 'COMUNIDAD ABORIGEN BARTOLOME DE LAS CASAS', '-25.3482560', '-59.6147620', 9),
(2107, 'EL COLORADO', '-26.3117350', '-59.3684430', 9),
(2108, 'EL ESPINILLO', '-24.9799890', '-58.5537880', 9),
(2109, 'EL POTRILLO', '-23.1607660', '-62.0107790', 9),
(2110, 'EL QUEBRACHO', '-23.3394870', '-61.8734660', 9),
(2111, 'EL RECREO', '-25.0663150', '-59.2513510', 9),
(2112, 'ESTANISLAO DEL CAMPO', '-25.0531920', '-60.0939270', 9),
(2113, 'FORMOSA', '-26.1828220', '-58.1733930', 9),
(2114, 'FORTIN CABO 1? LUGONES', '-24.2854860', '-59.8282500', 9),
(2115, 'FORTIN SARGENTO 1? LEYES', '-24.5503050', '-59.3902720', 9),
(2116, 'GENERAL LUCIO V MANSILLA', '-26.6541800', '-58.6293210', 9),
(2117, 'GENERAL MOSCONI', '-23.1827190', '-62.3040690', 9),
(2118, 'GRAN GUARDIA', '-25.8628500', '-58.8859920', 9),
(2119, 'GUADALCAZAR', '-23.6823940', '-61.1611090', 9),
(2120, 'HERRADURA', '-26.4874650', '-58.3122420', 9),
(2121, 'IBARRETA', '-25.2113190', '-59.8570400', 9),
(2122, 'INGENIERO GUILLERMO N. JUAREZ', '-23.8976000', '-61.8538220', 9),
(2123, 'JUAN G. BAZAN', '-24.5418140', '-60.8341900', 9),
(2124, 'LA RINCONADA', '-23.4942750', '-61.5763890', 9),
(2125, 'LA SOLEDAD', '-24.1490610', '-60.6923240', 9),
(2126, 'LAGUNA BLANCA', '-25.1302520', '-58.2458430', 9),
(2127, 'LAGUNA GALLO', '-25.2677750', '-58.7427950', 9),
(2128, 'LAGUNA NAICK-NECK', '-25.2193910', '-58.1230790', 9),
(2129, 'LAGUNA YEMA', '-24.2554650', '-61.2439980', 9),
(2130, 'LAMADRID', '-23.9376980', '-60.7400990', 9),
(2131, 'LAS LOMITAS', '-24.7105780', '-60.5937890', 9),
(2132, 'LOS CHIRIGUANOS', '-24.0986840', '-61.4675870', 9),
(2133, 'MARIANO BOEDO', '-26.1106360', '-58.4884270', 9),
(2134, 'MISION TACAAGLE', '-24.9796510', '-58.8227430', 9),
(2135, 'MOJON DE FIERRO', '-26.0345120', '-58.0499310', 9),
(2136, 'PALMA SOLA', '-25.2475510', '-57.9768400', 9),
(2137, 'PALO SANTO', '-25.5639060', '-59.3360060', 9),
(2138, 'PIRANE', '-25.7306420', '-59.1075210', 9),
(2139, 'PORTON NEGRO', '-24.9663600', '-58.7419750', 9),
(2140, 'POSTA CAMBIO ZALAZAR', '-24.2115850', '-60.1986670', 9),
(2141, 'POZO DE MAZA', '-23.5691830', '-61.7055330', 9),
(2142, 'POZO DEL MORTERO', '-24.4064400', '-61.0313140', 9),
(2143, 'POZO DEL TIGRE', '-24.8976000', '-60.3187890', 9),
(2144, 'PUERTO PILCOMAYO', '-25.3688130', '-57.6524940', 9),
(2145, 'RIACHO HE-HE', '-25.3617120', '-58.2782520', 9),
(2146, 'RIACHO NEGRO', '-25.4224320', '-57.7914550', 9),
(2147, 'SAN FRANCISCO DE LAISHI', '-26.2423010', '-58.6300640', 9),
(2148, 'SAN HILARIO', '-26.0248680', '-58.6500730', 9),
(2149, 'SAN MARTIN I', '-24.5319050', '-59.9020510', 9),
(2150, 'SAN MARTIN II', '-24.4331530', '-59.6563520', 9),
(2151, 'SIETE PALMAS', '-25.2015080', '-58.3306760', 9),
(2152, 'SUBTENIENTE PERIN', '-25.5350400', '-60.0190830', 9),
(2153, 'TATANE', '-26.3987190', '-58.3575600', 9),
(2154, 'TRES LAGUNAS', '-25.2153640', '-58.5132690', 9),
(2155, 'VACA PERDIDA', '-23.4948650', '-61.6499980', 9),
(2156, 'VILLA DEL CARMEN', '-26.2522590', '-58.2525530', 9),
(2157, 'VILLA ESCOLAR', '-26.6211840', '-58.6718340', 9),
(2158, 'VILLA GENERAL GUEMES', '-24.7529460', '-59.4916410', 9),
(2159, 'VILLA GENERAL MANUEL BELGRANO', '-24.9388280', '-59.0290880', 9),
(2160, 'VILLA KILOMETRO 213', '-26.1864630', '-59.3683950', 9),
(2161, 'SE DESCONOCE', '0.0000000', '0.0000000', 10),
(2162, 'ABDON CASTRO TOLAY', '-23.3419370', '-66.0901010', 10),
(2163, 'ABRA PAMPA', '-22.7223530', '-65.6965050', 10),
(2164, 'ABRALAITE', '-23.1692060', '-65.7944000', 10),
(2165, 'AGUA DE CASTILLA', '-23.2167370', '-65.8082740', 10),
(2166, 'AGUAS CALIENTES', '-24.5838760', '-64.9235270', 10),
(2167, 'APARZO', '-23.0992150', '-65.1865390', 10),
(2168, 'ARRAYANAL', '-24.1768080', '-64.8403330', 10),
(2169, 'ARROYO COLORADO', '-24.3365560', '-64.6635810', 10),
(2170, 'BANANAL', '-23.5654400', '-64.5011630', 10),
(2171, 'BARCENA', '-23.9826100', '-65.4550930', 10),
(2172, 'BARRIO EL MILAGRO', '-24.4610010', '-65.1190580', 10),
(2173, 'BARRIO LA UNION', '-24.4043300', '-65.0697400', 10),
(2174, 'BARRIOS', '-22.2477580', '-65.5290430', 10),
(2175, 'BERMEJITO', '-23.7881110', '-64.7300580', 10),
(2176, 'CAIMANCITO', '-23.7390270', '-64.5927670', 10),
(2177, 'CALILEGUA', '-23.7758080', '-64.7714500', 10),
(2178, 'CANGREJILLOS', '-22.4237910', '-65.5798720', 10),
(2179, 'CARAHUNCO', '-24.3076480', '-65.0834470', 10),
(2180, 'CASA COLORADA', '-22.3253950', '-66.2837650', 10),
(2181, 'CASABINDO', '-22.9850220', '-66.0328010', 10),
(2182, 'CASIRA', '-21.9788190', '-65.8958560', 10),
(2183, 'CASPALA', '-23.3626170', '-65.0914950', 10),
(2184, 'CATUA', '-23.8697880', '-67.0052750', 10),
(2185, 'CENTRO FORESTAL', '-24.2287300', '-65.1776470', 10),
(2186, 'CHALICAN', '-24.0701320', '-64.8068640', 10),
(2187, 'CIANZO', '-23.1732330', '-65.1578180', 10),
(2188, 'CIENEGA', '-22.1769690', '-66.4139610', 10),
(2189, 'CIENEGUILLAS', '-22.1009000', '-65.8672100', 10),
(2190, 'COCHINOCA', '-22.7442650', '-65.8951220', 10),
(2191, 'COCTACA', '-23.1543350', '-65.2936640', 10),
(2192, 'COLONIA SAN JOSE', '-23.4023540', '-65.3910450', 10),
(2193, 'CORANZULI', '-23.0145480', '-66.3666370', 10),
(2194, 'COYAGUAIMA', '-22.7704440', '-66.4404270', 10),
(2195, 'CUSI CUSI', '-22.3402230', '-66.4926400', 10),
(2196, 'DON EMILIO', '-24.3167330', '-64.9078890', 10),
(2197, 'EL ACHERAL', '-24.4035870', '-64.8010500', 10),
(2198, 'EL AGUILAR', '-23.2139850', '-65.6788750', 10),
(2199, 'EL ANGOSTO', '-21.8764900', '-66.1886430', 10),
(2200, 'EL CARMEN', '-24.3891100', '-65.2605450', 10),
(2201, 'EL CEIBAL', '-24.3013920', '-65.2794380', 10),
(2202, 'EL CONDOR', '-22.3866190', '-65.3395950', 10),
(2203, 'EL FUERTE', '-24.2605600', '-64.4155130', 10),
(2204, 'EL MORENO', '-23.8509120', '-65.8316510', 10),
(2205, 'EL PIQUETE', '-24.1791480', '-64.6776330', 10),
(2206, 'EL PUESTO', '-24.1989200', '-64.7892890', 10),
(2207, 'EL QUEMADO', '-24.1058570', '-64.8230620', 10),
(2208, 'EL TALAR', '-23.5555610', '-64.3643100', 10),
(2209, 'EL TORO', '-23.0836530', '-66.7015910', 10),
(2210, 'FLEMING', '-24.5873760', '-64.9240580', 10),
(2211, 'FRAILE PINTADO', '-23.9420210', '-64.8029450', 10),
(2212, 'GUERRERO', '-24.1859720', '-65.4487120', 10),
(2213, 'HIPOLITO YRIGOYEN', '-22.9790990', '-65.3527980', 10),
(2214, 'HUACALERA', '-23.4369570', '-65.3498230', 10),
(2215, 'HUANCAR', '-23.5638430', '-66.4093160', 10),
(2216, 'HUMAHUACA', '-23.2118260', '-65.3507420', 10),
(2217, 'JAMA', '-23.2381700', '-67.0272650', 10),
(2218, 'JUELLA', '-23.5175110', '-65.4081710', 10),
(2219, 'LA ALMONA', '-24.2656800', '-65.3972040', 10),
(2220, 'LA CIENEGA', '-21.9606330', '-66.2630850', 10),
(2221, 'LA ESPERANZA', '-24.1691300', '-64.7828730', 10),
(2222, 'LA INTERMEDIA', '-22.4230490', '-65.7004230', 10),
(2223, 'LA MANGA', '-24.1910270', '-64.8471400', 10),
(2224, 'LA MENDIETA', '-24.3164920', '-64.9670190', 10),
(2225, 'LA QUIACA', '-22.1064370', '-65.5957260', 10),
(2226, 'LA REDONDA', '-22.5294610', '-65.5222830', 10),
(2227, 'LA TOMA', '-24.3374800', '-65.3652400', 10),
(2228, 'LAGUNILLAS DE FARALLON', '-22.4621490', '-66.6281060', 10),
(2229, 'LEON', '-24.0395230', '-65.4309580', 10),
(2230, 'LIBERTAD', '-23.7623860', '-64.7259950', 10),
(2231, 'LIBERTADOR GENERAL SAN MARTIN', '-23.8226030', '-64.9000070', 10),
(2232, 'LIVIARA', '-22.5205430', '-66.3370940', 10),
(2233, 'LLULLUCHAYOC', '-22.5507610', '-65.3872650', 10),
(2234, 'LOMA BLANCA', '-22.4715310', '-66.4842000', 10),
(2235, 'LOS ALISOS', '-24.2694290', '-65.3038290', 10),
(2236, 'LOS LAPACHOS', '-24.4759200', '-65.0776010', 10),
(2237, 'LOS NOGALES', '-24.0840270', '-65.4760850', 10),
(2238, 'LOTEO NAVEA', '-24.2701430', '-65.2740650', 10),
(2239, 'LOZANO', '-24.0820550', '-65.4037790', 10),
(2240, 'MAIMARA', '-23.6251650', '-65.4090900', 10),
(2241, 'MAIZ NEGRO', '-23.9506320', '-64.7736230', 10),
(2242, 'MANANTIALES', '-24.5336970', '-64.9771550', 10),
(2243, 'MINA PROVIDENCIA', '-23.2654410', '-66.6556620', 10),
(2244, 'MIRAFLORES', '-24.2247850', '-64.8201210', 10),
(2245, 'MISARRUMI', '-22.2593870', '-66.3668610', 10),
(2246, 'MONTERRICO', '-24.4421180', '-65.1622510', 10),
(2247, 'NUESTRA SE?ORA DEL ROSARIO', '-24.3184050', '-65.4009230', 10),
(2248, 'NUEVO PIRQUITAS', '-22.6879550', '-66.4563760', 10),
(2249, 'OCLOYAS', '-23.9440580', '-65.2322150', 10),
(2250, 'OLACAPATO', '-24.1152810', '-66.7186510', 10),
(2251, 'OLAROZ CHICO', '-23.3934650', '-66.8017390', 10),
(2252, 'ORATORIO', '-22.0991710', '-66.1325560', 10),
(2253, 'OROSMAYO', '-22.5570560', '-66.3563630', 10),
(2254, 'PAICONE', '-22.2193200', '-66.4252600', 10),
(2255, 'PALCA DE APARZO', '-23.1220410', '-65.1348060', 10),
(2256, 'PALCA DE VARAS', '-23.1018610', '-65.1129210', 10),
(2257, 'PALMA SOLA', '-23.9678430', '-64.3034680', 10),
(2258, 'PALOS BLANCOS', '-24.3269090', '-64.9472510', 10),
(2259, 'PALPALA', '-24.2660500', '-65.2120270', 10),
(2260, 'PAMPA BLANCA', '-24.5325320', '-65.0742520', 10),
(2261, 'PAMPICHUELA', '-23.5548850', '-65.0066890', 10),
(2262, 'PARAPETI', '-24.2364440', '-64.8448510', 10),
(2263, 'PASTOS CHICOS', '-23.7667800', '-66.4362240', 10),
(2264, 'PAULINA', '-23.8445380', '-64.7389850', 10),
(2265, 'PERICO', '-24.3807800', '-65.1162070', 10),
(2266, 'PIEDRITAS', '-24.2961710', '-64.8821860', 10),
(2267, 'PILA PARDO', '-24.5598830', '-64.9141980', 10),
(2268, 'PUEBLO LEDESMA', '-23.8273070', '-64.7913610', 10),
(2269, 'PUENTE LAVAYEN', '-24.2725270', '-64.7161870', 10),
(2270, 'PUERTA DE COLORADOS', '-23.5715100', '-65.6980000', 10),
(2271, 'PUESTO DEL MARQUEZ', '-22.5384290', '-65.6978920', 10),
(2272, 'PUESTO SEY', '-23.9450800', '-66.4880710', 10),
(2273, 'PUESTO VIEJO', '-24.4850040', '-64.9670260', 10),
(2274, 'PUMAHUASI', '-22.2899360', '-65.6798830', 10),
(2275, 'PURMAMARCA', '-23.7450540', '-65.5003900', 10),
(2276, 'QUEBRALE?A', '-23.2857890', '-65.7701490', 10),
(2277, 'QUERA', '-23.1008300', '-65.7627640', 10),
(2278, 'RINCONADA', '-22.4403480', '-66.1673740', 10),
(2279, 'RINCONADILLAS', '-23.3846030', '-65.9573750', 10),
(2280, 'RIO BLANCO', '-24.2342340', '-65.2300750', 10),
(2281, 'RODEITO', '-24.2716140', '-64.7689710', 10),
(2282, 'RODERO', '-23.0621840', '-65.3260430', 10),
(2283, 'ROSARIO DE RIO GRANDE', '-24.3085250', '-64.9316450', 10),
(2284, 'SAN ANTONIO', '-24.3672400', '-65.3377010', 10),
(2285, 'SAN ANTONIO', '-24.2196720', '-64.8045170', 10),
(2286, 'SAN FRANCISCO', '-23.6213390', '-64.9501640', 10),
(2287, 'SAN FRANCISCO DE ALFARCITO', '-23.3198700', '-65.9744060', 10),
(2288, 'SAN ISIDRO', '-24.5556370', '-64.9424210', 10),
(2289, 'SAN JOSE', '-22.1378270', '-65.3097890', 10),
(2290, 'SAN JUAN DE OROS', '-22.2243860', '-66.2489980', 10),
(2291, 'SAN JUAN DE QUILLAQUES', '-23.2303530', '-66.3437120', 10),
(2292, 'SAN JUANCITO', '-24.3843860', '-64.9937380', 10),
(2293, 'SAN LUCAS', '-24.2685960', '-64.8642890', 10),
(2294, 'SAN PABLO DE REYES', '-24.1436590', '-65.4829200', 10),
(2295, 'SAN PEDRO', '-24.2313020', '-64.8681690', 10),
(2296, 'SAN SALVADOR DE JUJUY', '-24.1844140', '-65.3039990', 10),
(2297, 'SAN VICENTE', '-24.4293250', '-65.1843970', 10),
(2298, 'SANTA ANA', '-23.3564320', '-64.9877250', 10),
(2299, 'SANTA ANA DE LA PUNA', '-23.1248830', '-66.0521610', 10),
(2300, 'SANTA CATALINA', '-21.9457400', '-66.0524460', 10),
(2301, 'SANTA CLARA', '-24.3078150', '-64.6610650', 10),
(2302, 'SANTUARIO DE TRES POZOS', '-23.5332450', '-65.9632840', 10),
(2303, 'SAUZAL', '-24.2987580', '-64.9571560', 10),
(2304, 'SUSQUES', '-23.3993490', '-66.3663510', 10),
(2305, 'TAMBILLOS', '-22.8968710', '-65.9620230', 10),
(2306, 'TESORERO', '-23.9486190', '-65.2985110', 10),
(2307, 'TILCARA', '-23.5758630', '-65.3936940', 10),
(2308, 'TRES CRUCES', '-22.9169380', '-65.5878330', 10),
(2309, 'TUMBAYA', '-23.8561960', '-65.4663650', 10),
(2310, 'TUSAQUILLAS', '-23.1901130', '-65.9890160', 10),
(2311, 'UQUIA', '-23.3041910', '-65.3565580', 10),
(2312, 'VALLE COLORADO', '-23.4139540', '-64.9337730', 10),
(2313, 'VALLE GRANDE', '-23.4758470', '-64.9469050', 10),
(2314, 'VINALITO', '-23.6681880', '-64.4131180', 10),
(2315, 'VOLCAN', '-23.9165990', '-65.4655060', 10),
(2316, 'YACORAITE', '-23.4023540', '-65.3910450', 10),
(2317, 'YALA', '-24.1217550', '-65.4145730', 10),
(2318, 'YAVI CHICO', '-22.0983780', '-65.4559190', 10),
(2319, 'YOSCABA', '-22.1671930', '-66.0247360', 10),
(2320, 'YUTO', '-23.6473910', '-64.4683380', 10),
(2321, 'SE DESCONOCE', '0.0000000', '0.0000000', 11),
(2322, 'ABRAMO', '-37.8943310', '-63.8515030', 11),
(2323, 'ADOLFO VAN PRAET', '-35.0179130', '-64.0351180', 11),
(2324, 'AGUSTONI', '-35.7811020', '-63.3932490', 11),
(2325, 'ALGARROBO DEL AGUILA', '-36.4011470', '-67.1484020', 11),
(2326, 'ALPACHIRI', '-37.3758810', '-63.7738740', 11),
(2327, 'ALTA ITALIA', '-35.3338600', '-64.1182410', 11),
(2328, 'ANGUIL', '-36.5279230', '-64.0105560', 11),
(2329, 'ANZOATEGUI', '-38.9630530', '-63.8608880', 11),
(2330, 'ARATA', '-35.6381230', '-64.3574130', 11),
(2331, 'ATALIVA ROCA', '-37.0323320', '-64.2865720', 11),
(2332, 'BERNARDO LARROUDE', '-35.0240770', '-63.5814790', 11),
(2333, 'BERNASCONI', '-37.9020680', '-63.7450790', 11),
(2334, 'CACHIRULO', '-36.7473960', '-64.3673910', 11),
(2335, 'CALEUFU', '-35.5928650', '-64.5586840', 11),
(2336, 'CARRO QUEMADO', '-36.4755650', '-65.3429160', 11),
(2337, 'CASA DE PIEDRA', '-38.2230520', '-67.1709260', 11),
(2338, 'CATRILO', '-36.4077410', '-63.4231240', 11),
(2339, 'CEBALLOS', '-35.2904850', '-63.7758610', 11),
(2340, 'CHACHARRAMENDI', '-37.3318150', '-65.6507730', 11),
(2341, 'COLONIA BARON', '-36.1513890', '-63.8541960', 11),
(2342, 'COLONIA SAN JOSE', '-36.1170510', '-63.9040710', 11),
(2343, 'COLONIA SANTA MARIA', '-37.4952440', '-64.2248810', 11),
(2344, 'CONHELO', '-35.9994880', '-64.5959230', 11),
(2345, 'CORONEL HILARIO LAGOS', '-35.0223100', '-63.9123150', 11),
(2346, 'CUCHILLO CO', '-38.3336780', '-64.6422530', 11),
(2347, 'DAMIAN MAISONAVE', '-35.0415560', '-64.3847130', 11),
(2348, 'DOBLAS', '-37.1521840', '-64.0140550', 11),
(2349, 'DORILA', '-35.7763230', '-63.7168410', 11),
(2350, 'EDUARDO CASTEX', '-35.9165900', '-64.2945870', 11),
(2351, 'EMBAJADOR MARTINI', '-35.3861850', '-64.2836860', 11),
(2352, 'FALUCHO', '-35.1890810', '-64.1038730', 11),
(2353, 'GENERAL ACHA', '-37.3736730', '-64.6038960', 11),
(2354, 'GENERAL MANUEL J. CAMPOS', '-37.4589890', '-63.5872410', 11),
(2355, 'GENERAL PICO', '-35.6633810', '-63.7609290', 11),
(2356, 'GENERAL SAN MARTIN', '-37.9785300', '-63.6065850', 11),
(2357, 'GOBERNADOR DUVAL', '-38.7413410', '-66.4360650', 11),
(2358, 'GUATRACHE', '-37.6669650', '-63.5415370', 11),
(2359, 'HUCAL', '-37.7849630', '-64.0306680', 11),
(2360, 'INGENIERO FOSTER', '-35.7014890', '-65.1025540', 11),
(2361, 'INGENIERO LUIGGI', '-35.3837500', '-64.4685690', 11),
(2362, 'INTENDENTE ALVEAR', '-35.2368690', '-63.5923270', 11),
(2363, 'JACINTO ARAUZ', '-38.0837590', '-63.4321820', 11),
(2364, 'LA ADELA', '-38.9739620', '-64.0893170', 11),
(2365, 'LA GLORIA', '-36.5079180', '-63.7444080', 11),
(2366, 'LA HUMADA', '-36.3500280', '-68.0141950', 11),
(2367, 'LA MARUJA', '-35.6716890', '-64.9405700', 11),
(2368, 'LA REFORMA', '-37.5520050', '-66.2268540', 11),
(2369, 'LIMAY MAHUIDA', '-37.1597120', '-66.6745400', 11),
(2370, 'LONQUIMAY', '-36.4676260', '-63.6237220', 11),
(2371, 'LOVENTUE', '-36.1887460', '-65.2899700', 11),
(2372, 'LUAN TORO', '-36.2016820', '-65.0972780', 11),
(2373, 'MACACHIN', '-37.1369560', '-63.6671420', 11),
(2374, 'MAURICIO MAYER', '-36.2106630', '-64.0335410', 11),
(2375, 'METILEO', '-35.7732440', '-63.9428310', 11),
(2376, 'MIGUEL CANE', '-36.1549580', '-63.5121540', 11),
(2377, 'MIGUEL RIGLOS', '-36.8538750', '-63.6881850', 11),
(2378, 'MONTE NIEVAS', '-35.8617460', '-64.1569680', 11),
(2379, 'NAICO', '-36.9283870', '-64.3952510', 11),
(2380, 'OJEDA', '-35.3068280', '-64.0054730', 11),
(2381, 'PARERA', '-35.1462930', '-64.5006490', 11),
(2382, 'PERU', '-37.6623850', '-64.1373210', 11),
(2383, 'PICHI HUINCA', '-35.6473420', '-64.7695280', 11),
(2384, 'PUELCHES', '-38.1437720', '-65.9102790', 11),
(2385, 'PUELEN', '-37.3400660', '-67.6218500', 11),
(2386, 'QUEHUE', '-37.1212010', '-64.5133660', 11),
(2387, 'QUEMU QUEMU', '-36.0536770', '-63.5632430', 11),
(2388, 'QUETREQUEN', '-35.0548440', '-64.5213690', 11),
(2389, 'RANCUL', '-35.0661990', '-64.6831150', 11),
(2390, 'REALICO', '-35.0368860', '-64.2454210', 11),
(2391, 'RELMO', '-36.2573840', '-63.4481300', 11),
(2392, 'ROLON', '-37.1668240', '-63.4171580', 11),
(2393, 'RUCANELO', '-36.0429380', '-64.8353210', 11),
(2394, 'SANTA ISABEL', '-36.2298590', '-66.9416700', 11),
(2395, 'SANTA ROSA', '-36.6182900', '-64.2916770', 11),
(2396, 'SANTA TERESA', '-37.5749340', '-63.4328860', 11),
(2397, 'SARAH', '-35.0246920', '-63.6869620', 11),
(2398, 'SPELUZZI', '-35.5472940', '-63.8200400', 11),
(2399, 'TELEN', '-36.2640560', '-65.5097730', 11),
(2400, 'TOAY', '-36.6751580', '-64.3803250', 11),
(2401, 'TOMAS M. ANCHORENA', '-36.8406610', '-63.5205020', 11),
(2402, 'TREBOLARES', '-35.5855840', '-63.5887520', 11),
(2403, 'TRENEL', '-35.6941740', '-64.1359000', 11),
(2404, 'UNANUE', '-37.5439770', '-64.3525550', 11),
(2405, 'URIBURU', '-36.5077570', '-63.8626310', 11),
(2406, 'VERTIZ', '-35.4262410', '-63.9063650', 11),
(2407, 'VICTORICA', '-36.2048590', '-65.4403750', 11),
(2408, 'VILLA MIRASOL', '-36.0757510', '-63.8875840', 11),
(2409, 'WINIFREDA', '-36.2272740', '-64.2348770', 11),
(2410, 'SE DESCONOCE', '0.0000000', '0.0000000', 12),
(2411, 'AICU?A', '-29.4772470', '-67.7729130', 12),
(2412, 'AIMOGASTA', '-28.5589900', '-66.8272850', 12),
(2413, 'ALPASINCHE', '-28.3536420', '-67.0804330', 12),
(2414, 'ALTO CARRIZAL', '-28.8736690', '-67.5689980', 12),
(2415, 'AMANA', '-30.0611120', '-67.5084950', 12),
(2416, 'AMBIL', '-31.1413360', '-66.3603820', 12),
(2417, 'AMINGA', '-28.8554610', '-66.9376620', 12),
(2418, 'AMUSCHINA', '-28.5555820', '-67.1592840', 12),
(2419, 'ANDOLUCAS', '-28.5555820', '-67.1592840', 12),
(2420, 'ANGUINAN', '-29.2060140', '-67.4589850', 12),
(2421, 'ANGULOS', '-28.6595750', '-67.6529610', 12),
(2422, 'ANILLACO', '-28.8155900', '-66.9439250', 12),
(2423, 'ANJULLON', '-28.7272510', '-66.9328940', 12),
(2424, 'ANTINACO', '-28.8250780', '-67.3233200', 12),
(2425, 'ARAUCO', '-28.5834030', '-66.8036410', 12),
(2426, 'BAJO CARRIZAL', '-28.8911010', '-67.5667460', 12),
(2427, 'BANDA FLORIDA', '-29.3032950', '-68.2439880', 12),
(2428, 'BA?ADO DE LOS PANTANOS', '-28.3871790', '-66.8369120', 12),
(2429, 'CAMPANAS', '-28.5560210', '-67.6264410', 12),
(2430, 'CASTRO BARROS', '-30.5956920', '-65.7419370', 12),
(2431, 'CHAMICAL', '-30.3772950', '-66.3240370', 12),
(2432, 'CHA?AR', '-30.5590300', '-65.9735930', 12),
(2433, 'CHA?ARMUYO', '-28.6123450', '-67.5874720', 12),
(2434, 'CHAUPIHUASI', '-28.3536420', '-67.0804330', 12),
(2435, 'CHEPES', '-31.3506190', '-66.6046420', 12),
(2436, 'CHILECITO', '-29.1634980', '-67.5074280', 12),
(2437, 'CHUQUIS', '-28.8979800', '-66.9765190', 12),
(2438, 'COLONIA ANGUINAN', '-29.2540980', '-67.4261370', 12),
(2439, 'COLONIA CATINZACO', '-29.6731660', '-67.3823670', 12),
(2440, 'COLONIA MALLIGASTA', '-29.2029670', '-67.4003470', 12),
(2441, 'COLONIA ORTIZ DE OCAMPO', '-30.9752910', '-66.1953880', 12),
(2442, 'COLONIA VICHIGASTA', '-29.4490720', '-67.4914200', 12),
(2443, 'CUIPAN', '-28.4517970', '-67.1178980', 12),
(2444, 'DESIDERIO TELLO', '-31.2240300', '-66.3334920', 12),
(2445, 'ESTACION MAZAN', '-28.6648260', '-66.5166200', 12),
(2446, 'FAMATINA', '-28.9291000', '-67.5207600', 12),
(2447, 'GUANCHIN', '-29.1927260', '-67.6392750', 12),
(2448, 'GUANDACOL', '-29.5098590', '-68.5522050', 12),
(2449, 'JAGUE', '-28.6604900', '-68.3668740', 12),
(2450, 'LA CUADRA', '-28.4724820', '-67.6918650', 12),
(2451, 'LA PUNTILLA', '-29.1484700', '-67.4191240', 12),
(2452, 'LA RIOJA', '-29.4217830', '-66.8566750', 12),
(2453, 'LAS TALAS', '-28.4517970', '-67.1178980', 12),
(2454, 'LOMA BLANCA', '-30.6446140', '-66.2387420', 12),
(2455, 'LOS MOLINOS', '-28.7544150', '-66.9389200', 12),
(2456, 'LOS PALACIOS', '-29.3713120', '-68.2271330', 12),
(2457, 'LOS ROBLES', '-28.4517970', '-67.1178980', 12),
(2458, 'LOS SARMIENTOS', '-29.1517470', '-67.4826010', 12),
(2459, 'MACHIGASTA', '-28.5410840', '-66.8070300', 12),
(2460, 'MALANZAN', '-30.8155440', '-66.6194810', 12),
(2461, 'MALLIGASTA', '-29.1772020', '-67.4408320', 12),
(2462, 'MILAGRO', '-31.0131720', '-65.9882550', 12),
(2463, 'MIRANDA', '-29.3410380', '-67.6618700', 12),
(2464, 'NACATE', '-30.8640380', '-66.4051060', 12),
(2465, 'NONOGASTA', '-29.3040960', '-67.5072780', 12),
(2466, 'OLPAS', '-30.8195240', '-66.2483100', 12),
(2467, 'OLTA', '-30.6399760', '-66.2780600', 12),
(2468, 'PAGANCILLO', '-29.5412540', '-68.0970400', 12),
(2469, 'PATQUIA', '-30.0522110', '-66.8915890', 12),
(2470, 'PINCHAS', '-28.9370760', '-66.9665170', 12),
(2471, 'PITUIL', '-28.5815080', '-67.4508380', 12),
(2472, 'PLAZA VIEJA', '-28.9731600', '-67.5201320', 12),
(2473, 'POLCO', '-30.4293150', '-66.3586420', 12),
(2474, 'PORTEZUELO', '-30.8476190', '-66.7186800', 12),
(2475, 'PUNTA DE LOS LLANOS', '-30.1654340', '-66.5565750', 12),
(2476, 'SALICAS', '-28.4076260', '-67.0961550', 12),
(2477, 'SAN ANTONIO', '-28.5553800', '-66.8013860', 12),
(2478, 'SAN ANTONIO', '-31.0900910', '-66.7571870', 12),
(2479, 'SAN BLAS', '-28.4076260', '-67.0961550', 12),
(2480, 'SAN MIGUEL', '-29.1846750', '-67.4780830', 12),
(2481, 'SAN NICOLAS', '-29.1217630', '-67.4758960', 12),
(2482, 'SAN PEDRO', '-28.6697090', '-66.9281340', 12),
(2483, 'SANTA CLARA', '-29.3613770', '-68.6264100', 12),
(2484, 'SANTA CRUZ', '-28.4907370', '-67.6899250', 12),
(2485, 'SANTA FLORENTINA', '-29.1330620', '-67.5576080', 12),
(2486, 'SANTA RITA DE CATUNA', '-30.9665200', '-66.2356610', 12),
(2487, 'SANTA VERA CRUZ', '-28.6835040', '-66.9654940', 12),
(2488, 'SANTO DOMINGO', '-28.5600670', '-67.6855700', 12),
(2489, 'SA?OGASTA', '-29.3203740', '-67.6277960', 12),
(2490, 'SHAQUI', '-28.4812200', '-67.1282350', 12),
(2491, 'SURIYACO', '-28.5555820', '-67.1592840', 12),
(2492, 'TAMA', '-30.5173080', '-66.5413790', 12),
(2493, 'TERMAS DE SANTA TERESITA', '-28.5917750', '-66.5563890', 12),
(2494, 'TILIMUQUI', '-29.1494440', '-67.4296650', 12),
(2495, 'TUYUBIL', '-28.5555820', '-67.1592840', 12),
(2496, 'ULAPES', '-31.5829790', '-66.2514030', 12),
(2497, 'VICHIGASTA', '-29.4885970', '-67.5022850', 12),
(2498, 'VILLA CASTELLI', '-29.0207520', '-68.2253710', 12),
(2499, 'VILLA MAZAN', '-28.6586280', '-66.5552760', 12),
(2500, 'VILLA SAN JOSE DE VINCHINA', '-28.7797110', '-68.2060370', 12),
(2501, 'VILLA SANAGASTA', '-29.3064490', '-67.0414100', 12),
(2502, 'VILLA UNION', '-29.3227050', '-68.2230740', 12),
(2503, 'SE DESCONOCE', '0.0000000', '0.0000000', 13),
(2504, 'AGRELO', '-33.1173840', '-68.8960240', 13),
(2505, 'AGUA ESCONDIDA', '-36.1532390', '-68.3048430', 13),
(2506, 'ALTO VERDE', '-33.1195040', '-68.4180220', 13),
(2507, 'ANDRADE', '-33.1624680', '-68.5060670', 13),
(2508, 'BARRANCAS', '-33.0833360', '-68.7343790', 13),
(2509, 'BARRIO 12 DE OCTUBRE', '-33.1912020', '-68.2809620', 13),
(2510, 'BARRIO ADINA I Y II', '-33.0649390', '-68.8877010', 13),
(2511, 'BARRIO ALTO DEL OLVIDO', '-32.6727790', '-68.5922470', 13),
(2512, 'BARRIO BELGRANO NORTE', '-33.3301030', '-69.1359510', 13),
(2513, 'BARRIO CAMPOS EL TOLEDANO', '-34.5736540', '-68.3294340', 13),
(2514, 'BARRIO CARRASCO', '-33.8321070', '-69.0490030', 13),
(2515, 'BARRIO CHIVILCOY', '-33.0411470', '-68.3541530', 13),
(2516, 'BARRIO COOPERATIVA LOS CAMPAMENTOS', '-33.2692490', '-68.4383630', 13),
(2517, 'BARRIO ECHEVERRIA', '-34.6278080', '-68.4330730', 13),
(2518, 'BARRIO EL CEPILLO', '-33.8386530', '-69.1303500', 13),
(2519, 'BARRIO EL NEVADO', '-34.7898640', '-67.9874650', 13),
(2520, 'BARRIO EMANUEL', '-32.8468560', '-68.4100200', 13),
(2521, 'BARRIO EMPLEADOS DE COMERCIO', '-34.5522300', '-68.3032400', 13),
(2522, 'BARRIO INTENDENCIA', '-34.6451010', '-68.2754540', 13),
(2523, 'BARRIO JESUS DE NAZARET', '-33.0103240', '-68.7265920', 13),
(2524, 'BARRIO JOCOLI II', '-32.6740790', '-68.6692700', 13),
(2525, 'BARRIO LA ESPERANZA', '-32.6735730', '-68.3840800', 13),
(2526, 'BARRIO LA ESTACION', '-33.1552900', '-68.3543620', 13),
(2527, 'BARRIO LA PALMERA', '-32.6969330', '-68.5506210', 13),
(2528, 'BARRIO LA PEGA', '-32.8128590', '-68.6835370', 13),
(2529, 'BARRIO LAGUNAS DE BARTOLUZZI', '-32.6111090', '-68.5714750', 13),
(2530, 'BARRIO LAS ROSAS', '-34.6278080', '-68.4330730', 13),
(2531, 'BARRIO LOS CHARABONES', '-32.9785120', '-68.3051020', 13),
(2532, 'BARRIO LOS JARILLEROS', '-32.7153970', '-68.6584020', 13),
(2533, 'BARRIO LOS OLIVOS', '-32.6972160', '-68.3295580', 13),
(2534, 'BARRIO MARIA AUXILIADORA', '-33.2425140', '-68.1826760', 13),
(2535, 'BARRIO MOLINA CABRERA', '-33.1297120', '-68.2037880', 13),
(2536, 'BARRIO NTRA. SRA. DE FATIMA', '-33.1309710', '-68.3512780', 13),
(2537, 'BARRIO PERDRIEL IV', '-33.0753280', '-68.9250400', 13),
(2538, 'BARRIO PRIMAVERA', '-34.6298100', '-68.5105920', 13),
(2539, 'BARRIO RIVADAVIA', '-33.2304640', '-68.4837260', 13),
(2540, 'BARRIO SAN CAYETANO', '-33.6339140', '-69.1879020', 13),
(2541, 'BARRIO VIRGEN DEL ROSARIO', '-32.7027600', '-68.3124920', 13),
(2542, 'BERMEJO', '-32.8674490', '-68.8015980', 13),
(2543, 'BLANCO ENCALADA', '-33.0355490', '-69.0065320', 13),
(2544, 'BOWEN', '-35.0009120', '-67.5161820', 13),
(2545, 'BUENA NUEVA', '-32.8876100', '-68.7797110', 13),
(2546, 'CACHEUTA', '-33.0367100', '-69.1159070', 13),
(2547, 'CAMPO LOS ANDES', '-33.7070790', '-69.1826330', 13),
(2548, 'CAPDEVILA', '-32.7248780', '-68.9085580', 13),
(2549, 'CAPILLA DEL ROSARIO', '-32.9057060', '-68.7753110', 13),
(2550, 'CAPITAN MONTOYA', '-34.5835610', '-68.4654390', 13),
(2551, 'CARMENSA', '-35.1449060', '-67.6629550', 13),
(2552, 'CARRODILLA', '-32.9776580', '-68.8524390', 13),
(2553, 'CHACRAS DE CORIA', '-32.9899030', '-68.8913680', 13),
(2554, 'CHAPANAY', '-32.9801180', '-68.4765250', 13),
(2555, 'CHILECITO', '-33.8934020', '-69.0804630', 13),
(2556, 'CHIVILCOY', '-33.0383360', '-68.4594030', 13),
(2557, 'CIUDAD DE SAN MARTIN', '-33.0732180', '-68.4605130', 13),
(2558, 'COLONIA LAS ROSAS', '-33.6129360', '-69.1126490', 13),
(2559, 'COLONIA SEGOVIA', '-32.8445720', '-68.7264020', 13),
(2560, 'COQUIMBITO', '-32.9792550', '-68.8089840', 13),
(2561, 'CORDON DEL PLATA', '-33.4689490', '-69.1399450', 13),
(2562, 'COSTA DE ARAUJO', '-32.7568940', '-68.4085950', 13),
(2563, 'COSTA FLORES', '-33.0705180', '-68.9343210', 13),
(2564, 'CRUZ DE PIEDRA', '-33.0293390', '-68.7922410', 13),
(2565, 'CUADRO NACIONAL', '-34.6175050', '-68.2817530', 13),
(2566, 'CUADRO ORTEGA', '-33.2829490', '-68.4657440', 13),
(2567, 'DESAGUADERO', '-33.4052270', '-67.1641660', 13),
(2568, 'DORREGO', '-32.9079280', '-68.8402490', 13),
(2569, 'EL ALGARROBAL', '-32.8327490', '-68.7957180', 13),
(2570, 'EL BORBOLLON', '-32.8069210', '-68.7772860', 13),
(2571, 'EL CARMELO', '-32.9551110', '-69.2811920', 13),
(2572, 'EL CARRIZAL', '-33.3037430', '-68.7554950', 13),
(2573, 'EL CHALLAO', '-32.8187510', '-68.9164320', 13),
(2574, 'EL ESPINO', '-33.0773330', '-68.3982840', 13),
(2575, 'EL MANZANO', '-33.6005740', '-69.3350880', 13),
(2576, 'EL MIRADOR', '-33.2906470', '-68.3475560', 13),
(2577, 'EL NIHUIL', '-35.0353710', '-68.6806150', 13),
(2578, 'EL PARAMILLO', '-32.7813090', '-68.5336830', 13),
(2579, 'EL PEDREGAL', '-32.8558810', '-68.6544790', 13),
(2580, 'EL PERAL', '-33.3706550', '-69.1923490', 13),
(2581, 'EL PLUMERILLO', '-32.8468360', '-68.8191470', 13),
(2582, 'EL RAMBLON', '-33.1617710', '-68.2954840', 13),
(2583, 'EL RESGUARDO', '-32.7650500', '-68.7913050', 13),
(2584, 'EL SALTO', '-32.8994780', '-69.3336480', 13),
(2585, 'EL SAUCE', '-32.8664940', '-68.7583330', 13),
(2586, 'EL SOSNEADO', '-35.0821770', '-69.5924130', 13),
(2587, 'EL TROPEZON', '-34.6856450', '-68.2855510', 13),
(2588, 'EL VERGEL', '-32.7623130', '-68.6476010', 13),
(2589, 'EL ZAMPAL', '-33.3989500', '-69.1057370', 13),
(2590, 'EL ZAPALLAR', '-32.8555540', '-68.8280320', 13),
(2591, 'EUGENIO BUSTOS', '-33.7850220', '-69.0729050', 13),
(2592, 'FRAY LUIS BELTRAN', '-33.0049400', '-68.6612380', 13),
(2593, 'GENERAL ALVEAR', '-34.9804690', '-67.7009950', 13),
(2594, 'GENERAL BELGRANO', '-32.8819030', '-68.8087570', 13),
(2595, 'GENERAL GUTIERREZ', '-32.9797720', '-68.7694300', 13),
(2596, 'GOBERNADOR BENEGAS', '-32.9443750', '-68.8651880', 13),
(2597, 'GODOY CRUZ', '-32.9215280', '-68.8549230', 13),
(2598, 'GOUDGE', '-34.6803230', '-68.1358420', 13),
(2599, 'GUAYMALLEN', '-32.8925290', '-68.8200690', 13),
(2600, 'INGENIERO GIAGNONI', '-33.1247750', '-68.4208930', 13),
(2601, 'INGENIERO GUSTAVO ANDRE', '-32.6824000', '-68.3268970', 13),
(2602, 'JAIME PRATS', '-34.9146830', '-67.8191470', 13),
(2603, 'JESUS NAZARENO', '-32.9208010', '-68.7868070', 13),
(2604, 'JOCOLI', '-32.6125410', '-68.6790410', 13),
(2605, 'JOCOLI', '-32.5843190', '-68.6808090', 13),
(2606, 'JOCOLI VIEJO', '-32.7274620', '-68.6602320', 13),
(2607, 'JUNIN', '-33.1450870', '-68.4921160', 13),
(2608, 'LA ARBOLEDA', '-33.3688270', '-69.1247360', 13),
(2609, 'LA CENTRAL', '-33.2736420', '-68.3224070', 13),
(2610, 'LA CIENEGUITA', '-32.8444580', '-68.8646210', 13),
(2611, 'LA COLONIA', '-33.0927990', '-68.4874960', 13),
(2612, 'LA CONSULTA', '-33.7386760', '-69.1281260', 13),
(2613, 'LA DORMIDA', '-33.3499240', '-67.9160460', 13),
(2614, 'LA ESPERANZA', '-33.3170660', '-68.3343430', 13),
(2615, 'LA FLORIDA', '-33.2827920', '-68.4657170', 13),
(2616, 'LA LIBERTAD', '-33.2163870', '-68.5166270', 13),
(2617, 'LA LLAVE NUEVA', '-34.6449300', '-68.0147700', 13),
(2618, 'LA PAZ', '-33.4610190', '-67.5595790', 13),
(2619, 'LA PRIMAVERA', '-32.9212120', '-68.6797680', 13),
(2620, 'LA PUNTILLA', '-32.9609710', '-68.8723320', 13),
(2621, 'LAS CA?AS', '-32.9057700', '-68.8263410', 13),
(2622, 'LAS CARDITAS', '-32.9551110', '-69.2811920', 13),
(2623, 'LAS CATITAS', '-33.3001060', '-68.0532180', 13),
(2624, 'LAS COMPUERTAS', '-33.0343950', '-68.9757200', 13),
(2625, 'LAS CUEVAS', '-32.8079620', '-70.0851820', 13),
(2626, 'LAS HERAS', '-32.8499240', '-68.8452570', 13),
(2627, 'LAS LE?AS', '-35.1539650', '-70.0817910', 13),
(2628, 'LAS MALVINAS', '-34.8384150', '-68.2539360', 13),
(2629, 'LAS TORTUGAS', '-32.9453110', '-68.8411730', 13),
(2630, 'LAS VEGAS', '-33.0058790', '-69.2764000', 13),
(2631, 'LAS VIOLETAS', '-32.8208150', '-68.6164140', 13),
(2632, 'LOS ARBOLES', '-33.1813160', '-68.5759160', 13),
(2633, 'LOS BARRIALES', '-33.1010410', '-68.5675280', 13),
(2634, 'LOS CAMPAMENTOS', '-33.2763610', '-68.4008490', 13),
(2635, 'LOS COMPARTOS', '-34.9792600', '-67.6590890', 13),
(2636, 'LOS CORRALITOS', '-32.8978660', '-68.7059890', 13),
(2637, 'LOS MANANTIALES', '-32.8990130', '-69.3340870', 13),
(2638, 'LOS PENITENTES', '-32.8369500', '-69.8539210', 13),
(2639, 'LOS REYUNOS', '-34.6099290', '-68.6205430', 13),
(2640, 'LOS SAUCES', '-33.5952100', '-69.1840210', 13),
(2641, 'LUJAN DE CUYO', '-33.0328670', '-68.8912070', 13),
(2642, 'LUZURIAGA', '-32.9500580', '-68.8034450', 13),
(2643, 'MAIPU', '-32.9394310', '-68.8068440', 13),
(2644, 'MALARGUE', '-35.4770110', '-69.5886490', 13),
(2645, 'MAYOR DRUMMOND', '-33.0038390', '-68.8612970', 13),
(2646, 'MEDRANO', '-33.1762910', '-68.6231700', 13),
(2647, 'MEDRANO', '-33.1787460', '-68.6219270', 13),
(2648, 'MONTE COMAN', '-34.5971810', '-67.8842900', 13),
(2649, 'MONTECASEROS', '-33.0109970', '-68.3936800', 13),
(2650, 'MUNDO NUEVO', '-33.1753420', '-68.4371730', 13),
(2651, 'NUEVA CALIFORNIA', '-32.7450610', '-68.3354510', 13),
(2652, 'PALMIRA', '-33.0499930', '-68.5490900', 13),
(2653, 'PANQUEHUA', '-32.8349240', '-68.8451650', 13),
(2654, 'PAREDITAS', '-33.9452560', '-69.0824860', 13),
(2655, 'PEDRO MOLINA', '-32.8749830', '-68.8287740', 13),
(2656, 'PERDRIEL', '-33.0690100', '-68.8986010', 13),
(2657, 'PHILLIPS', '-33.2032510', '-68.3832300', 13),
(2658, 'PIEDRAS BLANCAS', '-33.0198800', '-69.3030040', 13),
(2659, 'POBRE DIABLO', '-34.6703590', '-68.3591850', 13),
(2660, 'POLVAREDAS', '-32.8190380', '-69.7097350', 13),
(2661, 'POTRERILLOS', '-32.9454870', '-69.2086450', 13),
(2662, 'PRESIDENTE SARMIENTO', '-32.9171350', '-68.9190970', 13),
(2663, 'PUENTE DE HIERRO', '-32.8597000', '-68.6889630', 13),
(2664, 'PUENTE DEL INCA', '-32.8198840', '-69.9250020', 13),
(2665, 'PUNTA DE VACAS', '-32.8488060', '-69.7763010', 13),
(2666, 'PUNTA DEL AGUA', '-35.5301660', '-68.0825090', 13),
(2667, 'RAMA CAIDA', '-34.7043760', '-68.3708630', 13),
(2668, 'REAL DEL PADRE', '-34.8433150', '-67.7674200', 13),
(2669, 'REDUCCION DE ABAJO', '-33.2063090', '-68.5835150', 13),
(2670, 'RIVADAVIA', '-33.1940320', '-68.4736190', 13),
(2671, 'RODEO DE LA CRUZ', '-32.9233880', '-68.7484040', 13),
(2672, 'RODEO DEL MEDIO', '-32.9880060', '-68.7010650', 13),
(2673, 'RODRIGUEZ PE?A', '-33.1211520', '-68.6046800', 13),
(2674, 'RUSSELL', '-33.0046770', '-68.8012720', 13),
(2675, 'SALTO DE LAS ROSAS', '-34.7269580', '-68.2329030', 13),
(2676, 'SAN CARLOS', '-33.7744490', '-69.0490910', 13),
(2677, 'SAN FRANCISCO DEL MONTE', '-32.9176430', '-68.8127480', 13),
(2678, 'SAN FRANCISCO DEL MONTE', '-32.9301250', '-68.8333390', 13),
(2679, 'SAN JOSE', '-32.8879100', '-68.8336080', 13),
(2680, 'SAN JOSE', '-33.3068450', '-69.1645780', 13),
(2681, 'SAN RAFAEL', '-34.6356100', '-68.3310920', 13),
(2682, 'SAN ROQUE', '-33.0285640', '-68.5981480', 13),
(2683, 'SANTA MARIA DE ORO', '-33.2059810', '-68.4335590', 13),
(2684, 'SANTA ROSA', '-33.2544230', '-68.1567440', 13),
(2685, 'SIERRAS DE ENCALADA', '-32.9869460', '-68.9485090', 13),
(2686, 'TRES PORTE?AS', '-32.8994800', '-68.3990960', 13),
(2687, 'TUNUYAN', '-33.5775550', '-69.0253760', 13),
(2688, 'TUPUNGATO', '-33.3643640', '-69.1513190', 13),
(2689, 'UGARTECHE', '-33.2109450', '-68.8972090', 13),
(2690, 'USPALLATA', '-32.5955350', '-69.3582050', 13),
(2691, 'VALLE DEL SOL', '-33.0174260', '-69.2972910', 13),
(2692, 'VILLA ANTIGUA', '-33.4645160', '-67.6055790', 13),
(2693, 'VILLA ATUEL', '-34.8345020', '-67.9257910', 13),
(2694, 'VILLA ATUEL NORTE', '-34.7606000', '-68.0374060', 13),
(2695, 'VILLA BASTIAS', '-33.3420990', '-69.1487760', 13),
(2696, 'VILLA EL REFUGIO', '-32.9975300', '-69.3176800', 13),
(2697, 'VILLA HIPODROMO', '-32.9085520', '-68.8709990', 13),
(2698, 'VILLA MARINI', '-32.9368990', '-68.8625260', 13),
(2699, 'VILLA NUEVA', '-32.9010420', '-68.8031460', 13),
(2700, 'VILLA TERESA', '-33.0183180', '-68.6288150', 13),
(2701, 'VILLA TULUMAYA', '-32.7196140', '-68.6030440', 13),
(2702, 'VISTA FLORES', '-33.6513550', '-69.1646920', 13),
(2703, 'VISTALBA', '-33.0237920', '-68.9247430', 13),
(2704, 'SE DESCONOCE', '0.0000000', '0.0000000', 14),
(2705, 'ALBA POSSE', '-27.5641500', '-54.6870110', 14),
(2706, 'ALBERDI', '-27.3569660', '-55.2326590', 14),
(2707, 'ALICIA BAJA', '-27.4285420', '-54.3575080', 14),
(2708, 'ALMAFUERTE', '-27.5062140', '-55.4018890', 14),
(2709, 'ALMIRANTE BROWN', '-25.6674360', '-54.0456430', 14),
(2710, 'APOSTOLES', '-27.9098070', '-55.7532130', 14),
(2711, 'ARISTOBULO DEL VALLE', '-27.0952900', '-54.8949050', 14),
(2712, 'ARROYO DEL MEDIO', '-27.6980030', '-55.4064790', 14),
(2713, 'AZARA', '-28.0572510', '-55.6767990', 14),
(2714, 'BARIO ITA', '-26.5283260', '-54.7089180', 14),
(2715, 'BARRA CONCEPCION', '-28.1109520', '-55.5820050', 14),
(2716, 'BARRIO CUATRO BOCAS', '-26.5482210', '-54.6748840', 14),
(2717, 'BARRIO DEL LAGO', '-27.4636030', '-55.8005800', 14),
(2718, 'BARRIO ESCUELA 461', '-27.6169030', '-55.0424750', 14),
(2719, 'BARRIO ESCUELA 633', '-27.4689930', '-55.0771070', 14),
(2720, 'BARRIO GUATAMBU', '-26.6027930', '-54.6955810', 14),
(2721, 'BARRIO NUEVO GARUPA', '-27.4321010', '-55.8261390', 14),
(2722, 'BARRIO RURAL', '-27.8839190', '-55.7857810', 14),
(2723, 'BARRIO TUNGOIL', '-27.1077570', '-55.3881150', 14);
INSERT INTO `ciudades` (`id`, `localidad_nombre`, `latitud`, `longitud`, `idPcia`) VALUES
(2724, 'BERNARDO DE IRIGOYEN', '-26.2546760', '-53.6472130', 14),
(2725, 'BONPLAND', '-27.4820700', '-55.4774200', 14),
(2726, 'CAA - YARI', '-27.4807840', '-55.2992350', 14),
(2727, 'CABUREI', '-25.6820370', '-54.1426090', 14),
(2728, 'CAMPO GRANDE', '-27.2062680', '-54.9790960', 14),
(2729, 'CAMPO RAMON', '-27.4522700', '-55.0237350', 14),
(2730, 'CAMPO VIERA', '-27.3310560', '-55.0528550', 14),
(2731, 'CANDELARIA', '-27.4591650', '-55.7430840', 14),
(2732, 'CAPIOVI', '-26.9292030', '-55.0569370', 14),
(2733, 'CAPIOVICI?O', '-26.8795020', '-55.0705130', 14),
(2734, 'CARAGUATAY', '-26.6563490', '-54.7392270', 14),
(2735, 'CERRO AZUL', '-27.6310350', '-55.4938680', 14),
(2736, 'CERRO CORA', '-27.5086100', '-55.6038620', 14),
(2737, 'COLONIA ALICIA', '-27.3792090', '-54.3673000', 14),
(2738, 'COLONIA AURORA', '-27.4795580', '-54.5154360', 14),
(2739, 'COLONIA POLANA', '-26.9810480', '-55.3170690', 14),
(2740, 'COLONIA VICTORIA', '-26.3298890', '-54.6215570', 14),
(2741, 'CONCEPCION DE LA SIERRA', '-27.9813160', '-55.5209340', 14),
(2742, 'CORPUS', '-27.1278040', '-55.5094180', 14),
(2743, 'CRUCE CABALLERO', '-26.5379470', '-53.9437320', 14),
(2744, 'DOMINGO SAVIO', '-27.3546880', '-55.3368340', 14),
(2745, 'DOS ARROYOS', '-27.6941710', '-55.2587800', 14),
(2746, 'DOS DE MAYO NUCLEO III', '-27.0065770', '-54.6123540', 14),
(2747, 'DOS HERMANAS', '-26.2918650', '-53.7575830', 14),
(2748, 'EL ALCAZAR', '-26.7102590', '-54.8161440', 14),
(2749, 'EL SALTO', '-27.4917330', '-55.1989610', 14),
(2750, 'EL SOBERBIO', '-27.2908600', '-54.2007780', 14),
(2751, 'ELDORADO', '-26.4086210', '-54.6238430', 14),
(2752, 'ESPERANZA', '-26.0232970', '-54.6125090', 14),
(2753, 'ESTACION APOSTOLES', '-27.9079590', '-55.8079580', 14),
(2754, 'FLORENTINO AMEGHINO', '-27.6349580', '-55.0877550', 14),
(2755, 'FRACRAN', '-26.7401510', '-54.3000440', 14),
(2756, 'GARUHAPE', '-26.8186830', '-54.9576120', 14),
(2757, 'GARUPA', '-27.4788130', '-55.8224410', 14),
(2758, 'GENERAL ALVEAR', '-27.4228670', '-55.1702710', 14),
(2759, 'GENERAL URQUIZA', '-27.1077320', '-55.3737660', 14),
(2760, 'GOBERNADOR LOPEZ', '-27.6615250', '-55.2124460', 14),
(2761, 'GOBERNADOR ROCA', '-27.1910170', '-55.4682800', 14),
(2762, 'GUARANI', '-27.5203320', '-55.1613630', 14),
(2763, 'HELVECIA', '-27.1105260', '-55.3438280', 14),
(2764, 'HIPOLITO YRIGOYEN', '-27.0900610', '-55.2870720', 14),
(2765, 'INTEGRACION', '-25.7724730', '-53.8522970', 14),
(2766, 'ITACARUARE', '-27.8655820', '-55.2638530', 14),
(2767, 'JARDIN AMERICA', '-27.0410710', '-55.2320860', 14),
(2768, 'KILOMETRO 17 RUTA 8)', '-27.3105260', '-54.9030560', 14),
(2769, 'LA CORITA', '-27.8884120', '-55.3553000', 14),
(2770, 'LAHARRAGUE', '-26.5328190', '-54.6506740', 14),
(2771, 'LEANDRO N. ALEM', '-27.6018680', '-55.3264660', 14),
(2772, 'LIBERTAD', '-25.9216710', '-54.5821210', 14),
(2773, 'LORETO', '-27.3296010', '-55.5228090', 14),
(2774, 'LOS HELECHOS', '-27.5531850', '-55.0778230', 14),
(2775, 'MARIA MAGDALENA', '-26.2380920', '-54.6018100', 14),
(2776, 'MARTIRES', '-27.4188650', '-55.3777940', 14),
(2777, 'MBOPICUA', '-26.8615010', '-55.0463440', 14),
(2778, 'MOJON GRANDE', '-27.7077680', '-55.1582020', 14),
(2779, 'MONTECARLO', '-26.5661760', '-54.7614270', 14),
(2780, 'NEMESIO PARMA', '-27.3670040', '-55.9982210', 14),
(2781, 'NUCLEO I', '-26.9808940', '-54.7030770', 14),
(2782, 'NUCLEO II', '-27.0234500', '-54.6788260', 14),
(2783, 'NUEVA DELICIA', '-26.1791400', '-54.5836570', 14),
(2784, 'OASIS', '-26.9708360', '-55.2491780', 14),
(2785, 'OBERA', '-27.4816560', '-55.1251550', 14),
(2786, 'OLEGARIO V. ANDRADE', '-27.5658220', '-55.5017250', 14),
(2787, 'PANAMBI', '-27.7185150', '-54.9183710', 14),
(2788, 'PANAMBI KILOMETRO 15', '-27.7043310', '-54.9664320', 14),
(2789, 'PANAMBI KILOMETRO 8', '-27.6631610', '-54.9846520', 14),
(2790, 'PARAISO', '-26.6835660', '-54.2050110', 14),
(2791, 'PINDAPOY', '-27.7474270', '-55.7932490', 14),
(2792, 'PI?ALITO NORTE', '-25.9269850', '-53.9254400', 14),
(2793, 'PI?ALITO SUR', '-26.4160780', '-53.8369130', 14),
(2794, 'PIRAY KILOMETRO 18', '-26.5237920', '-54.5916550', 14),
(2795, 'POSADAS', '-27.3662170', '-55.8940020', 14),
(2796, 'PROFUNDIDAD', '-27.5585200', '-55.7034470', 14),
(2797, 'PUEBLO ILLIA', '-27.1485150', '-54.5624940', 14),
(2798, 'PUEBLO NUEVO', '-26.2445410', '-54.5904680', 14),
(2799, 'PUERTO ANDRESITO', '-25.5880680', '-54.0084920', 14),
(2800, 'PUERTO DESEADO', '-25.7862400', '-54.0382670', 14),
(2801, 'PUERTO IGUAZU', '-25.6010430', '-54.5767370', 14),
(2802, 'PUERTO LEONI', '-26.9840910', '-55.1694840', 14),
(2803, 'PUERTO MADO', '-26.2310900', '-54.6247150', 14),
(2804, 'PUERTO PINARES', '-26.4268170', '-54.6857660', 14),
(2805, 'PUERTO PIRAY', '-26.4674950', '-54.7136760', 14),
(2806, 'PUERTO RICO', '-26.8148520', '-55.0240730', 14),
(2807, 'PUERTO SANTA ANA', '-27.3330800', '-55.5864350', 14),
(2808, 'RINCON DE AZARA', '-28.1080780', '-55.6318880', 14),
(2809, 'ROCA CHICA', '-27.2143690', '-55.4202790', 14),
(2810, 'RUIZ DE MONTOYA', '-26.9665880', '-55.0575900', 14),
(2811, 'SALTO ENCANTADO', '-27.0822800', '-54.8334860', 14),
(2812, 'SAN ALBERTO', '-26.8048950', '-54.9881510', 14),
(2813, 'SAN ANTONIO', '-26.0557840', '-53.7339960', 14),
(2814, 'SAN FRANCISCO DE ASIS', '-27.4597790', '-54.7478070', 14),
(2815, 'SAN GOTARDO', '-26.9225120', '-55.1238740', 14),
(2816, 'SAN IGNACIO', '-27.2573500', '-55.5397360', 14),
(2817, 'SAN JAVIER', '-27.8653230', '-55.1348380', 14),
(2818, 'SAN JOSE', '-27.7653180', '-55.7746920', 14),
(2819, 'SAN MARTIN', '-27.4618130', '-55.2783440', 14),
(2820, 'SAN MIGUEL', '-26.8533370', '-54.8892920', 14),
(2821, 'SAN PEDRO', '-26.6197900', '-54.1146820', 14),
(2822, 'SAN VICENTE', '-26.9953790', '-54.4834970', 14),
(2823, 'SANTA ANA', '-27.3671210', '-55.5805570', 14),
(2824, 'SANTA MARIA', '-27.9292850', '-55.4120570', 14),
(2825, 'SANTA RITA', '-27.5183530', '-54.7305710', 14),
(2826, 'SANTIAGO DE LINIERS', '-26.3905870', '-54.3947100', 14),
(2827, 'SANTO PIPO', '-27.1418560', '-55.4074700', 14),
(2828, 'TARUMA', '-26.7282100', '-54.7278210', 14),
(2829, 'TOBUNA', '-26.4664420', '-53.8919890', 14),
(2830, 'TRES CAPONES', '-28.0000870', '-55.6080430', 14),
(2831, 'VALLE HERMOSO', '-26.3825350', '-54.4652850', 14),
(2832, 'VILLA AKERMAN', '-26.9412650', '-55.0957710', 14),
(2833, 'VILLA BONITA', '-27.4796990', '-54.9639230', 14),
(2834, 'VILLA COOPERATIVA', '-25.9359870', '-54.5384660', 14),
(2835, 'VILLA LIBERTAD', '-27.5583420', '-55.3160860', 14),
(2836, 'VILLA PARODI', '-26.4980180', '-54.6804150', 14),
(2837, 'VILLA ROULET', '-26.4422590', '-54.6405730', 14),
(2838, 'VILLA URRUTIA', '-26.8462680', '-54.7397540', 14),
(2839, 'WANDA', '-25.9713260', '-54.5610260', 14),
(2840, 'SE DESCONOCE', '0.0000000', '0.0000000', 15),
(2841, 'AGUADA SAN ROQUE', '-37.9994790', '-68.9231100', 15),
(2842, 'ALUMINE', '-39.2395010', '-70.9180130', 15),
(2843, 'ANDACOLLO', '-37.1814100', '-70.6690770', 15),
(2844, 'A?ELO', '-38.3514440', '-68.7919720', 15),
(2845, 'ARROYITO', '-39.0744000', '-68.5703350', 15),
(2846, 'BAJADA DEL AGRIO', '-38.4079800', '-70.0276790', 15),
(2847, 'BARRANCAS', '-36.8247370', '-69.9164780', 15),
(2848, 'BARRIO RUCA LUHE', '-38.7543910', '-68.1803400', 15),
(2849, 'BUTA RANQUIL', '-37.0507880', '-69.8738510', 15),
(2850, 'CAVIAHUE', '-37.8741210', '-71.0537790', 15),
(2851, 'CENTENARIO', '-38.8275780', '-68.1532190', 15),
(2852, 'CHORRIACA', '-37.9296240', '-70.0562160', 15),
(2853, 'CHOS MALAL', '-37.3792570', '-70.2723770', 15),
(2854, 'COPAHUE', '-37.8191700', '-71.0991110', 15),
(2855, 'COVUNCO CENTRO', '-38.7532470', '-70.0275920', 15),
(2856, 'CUTRAL CO', '-38.9366020', '-69.2413390', 15),
(2857, 'EL CHOCON', '-39.2589790', '-68.8268720', 15),
(2858, 'EL CHOLAR', '-37.4408650', '-70.6441820', 15),
(2859, 'EL HUECU', '-37.6415830', '-70.5790880', 15),
(2860, 'EL SAUCE', '-39.4750730', '-69.5298230', 15),
(2861, 'HUINGANCO', '-37.1622540', '-70.6240350', 15),
(2862, 'JUNIN DE LOS ANDES', '-39.9494720', '-71.0703340', 15),
(2863, 'LA BUITRERA', '-38.5574700', '-70.3665560', 15),
(2864, 'LAGO MELIQUINA', '-40.3816880', '-71.2616150', 15),
(2865, 'LAS COLORADAS', '-39.5578640', '-70.5932890', 15),
(2866, 'LAS LAJAS', '-38.5292610', '-70.3689500', 15),
(2867, 'LAS OVEJAS', '-36.9881340', '-70.7487000', 15),
(2868, 'LONCOPUE', '-38.0699430', '-70.6124040', 15),
(2869, 'LOS CATUTOS', '-38.8384810', '-70.1962110', 15),
(2870, 'LOS MICHES', '-37.2079270', '-70.8208610', 15),
(2871, 'MANZANO AMARGO', '-36.7475540', '-70.7652790', 15),
(2872, 'MARI MENUCO', '-38.5383040', '-68.5575480', 15),
(2873, 'MARIANO MORENO', '-38.7642590', '-70.0386670', 15),
(2874, 'MOQUEHUE', '-38.9431840', '-71.3282930', 15),
(2875, 'NEUQUEN', '-38.9492860', '-68.0839060', 15),
(2876, 'OCTAVIO PICO', '-37.5865100', '-68.2686080', 15),
(2877, 'PASO AGUERRE', '-39.3393980', '-69.8442150', 15),
(2878, 'PICUN LEUFU', '-39.5191360', '-69.2962670', 15),
(2879, 'PIEDRA DEL AGUILA', '-40.0465540', '-70.0773200', 15),
(2880, 'PLAZA HUINCUL', '-38.9290710', '-69.2021590', 15),
(2881, 'PLOTTIER', '-38.9510560', '-68.2478400', 15),
(2882, 'QUILI MALAL', '-38.3213180', '-69.8143690', 15),
(2883, 'RAMON M. CASTRO', '-38.8655010', '-69.7502650', 15),
(2884, 'RINCON DE LOS SAUCES', '-37.3899080', '-68.9309940', 15),
(2885, 'SAN MARTIN DE LOS ANDES', '-40.1537600', '-71.3550100', 15),
(2886, 'SAN PATRICIO DEL CHA?AR', '-38.6257820', '-68.2986460', 15),
(2887, 'SANTO TOMAS', '-39.8218010', '-70.1028880', 15),
(2888, 'SENILLOSA', '-39.0113030', '-68.4333830', 15),
(2889, 'TAQUIMILAN', '-37.5169100', '-70.2503860', 15),
(2890, 'TRICAO MALAL', '-37.0428490', '-70.3347180', 15),
(2891, 'VARVARCO', '-36.8575630', '-70.6784180', 15),
(2892, 'VILLA DEL CURI LEUVU', '-37.1337370', '-70.3969230', 15),
(2893, 'VILLA DEL NAHUEVE', '-37.1209840', '-70.7687470', 15),
(2894, 'VILLA EL CHOCON', '-39.2610100', '-68.7842560', 15),
(2895, 'VILLA LA ANGOSTURA', '-40.7631760', '-71.6451970', 15),
(2896, 'VILLA PEHUENIA', '-38.8838570', '-71.1721340', 15),
(2897, 'VILLA TRAFUL', '-40.6515340', '-71.4069730', 15),
(2898, 'VISTA ALEGRE NORTE', '-38.7277120', '-68.1721440', 15),
(2899, 'VISTA ALEGRE SUR', '-38.7715540', '-68.1369190', 15),
(2900, 'ZAPALA', '-38.8961690', '-70.0668550', 15),
(2901, 'SE DESCONOCE', '0.0000000', '0.0000000', 16),
(2902, 'AGUADA CECILIO', '-40.8478740', '-65.8393270', 16),
(2903, 'AGUADA DE GUERRA', '-41.0639020', '-68.3843810', 16),
(2904, 'AGUADA GUZMAN', '-39.9787590', '-68.8683980', 16),
(2905, 'ALLEN', '-38.9795110', '-67.8280210', 16),
(2906, 'ARROYO LOS BERROS', '-41.4372540', '-66.0950770', 16),
(2907, 'ARROYO VENTANA', '-41.6653940', '-66.0860140', 16),
(2908, 'BAHIA CREEK', '-41.0954240', '-63.9092240', 16),
(2909, 'BAJO SAN CAYETANO', '-38.7513230', '-68.0085540', 16),
(2910, 'BARDA DEL MEDIO', '-38.7246630', '-68.1580560', 16),
(2911, 'BARRIO BLANCO', '-39.0309640', '-67.7863230', 16),
(2912, 'BARRIO CALLE CIEGA N? 10', '-39.0230090', '-67.8005040', 16),
(2913, 'BARRIO CALLE CIEGA N? 6', '-39.0430890', '-67.7520660', 16),
(2914, 'BARRIO CANALE', '-39.0682960', '-67.6389240', 16),
(2915, 'BARRIO CHACRA MONTE', '-39.0516490', '-67.6345850', 16),
(2916, 'BARRIO COLONIA CONESA', '-40.1405720', '-64.3297430', 16),
(2917, 'BARRIO COSTA ESTE', '-39.0418590', '-67.8075970', 16),
(2918, 'BARRIO COSTA LINDA', '-38.9435970', '-67.9095130', 16),
(2919, 'BARRIO COSTA OESTE', '-39.0280740', '-67.8406950', 16),
(2920, 'BARRIO DESTACAMENTO', '-37.6888020', '-67.8695490', 16),
(2921, 'BARRIO EL LABRADOR', '-38.6719230', '-68.2343300', 16),
(2922, 'BARRIO EL MARUCHITO', '-38.9965480', '-67.7600070', 16),
(2923, 'BARRIO EL PETROLEO', '-39.0639270', '-67.5120160', 16),
(2924, 'BARRIO EL PILAR', '-41.1814200', '-71.3493440', 16),
(2925, 'BARRIO EL TREINTA', '-38.8937120', '-67.9710680', 16),
(2926, 'BARRIO EMERGENTE', '-39.0016520', '-67.8506840', 16),
(2927, 'BARRIO ESPERANZA', '-39.0418770', '-63.9985910', 16),
(2928, 'BARRIO FRONTERA', '-39.0719160', '-67.7129100', 16),
(2929, 'BARRIO GORETTI', '-38.9655980', '-67.9509550', 16),
(2930, 'BARRIO GUERRICO', '-39.0416840', '-67.7340080', 16),
(2931, 'BARRIO ISLA 10', '-38.9966440', '-67.9181460', 16),
(2932, 'BARRIO LA BARDA', '-39.0494650', '-67.2177940', 16),
(2933, 'BARRIO LA COSTA', '-39.0753070', '-67.5392260', 16),
(2934, 'BARRIO LA COSTA', '-39.0923450', '-67.2007280', 16),
(2935, 'BARRIO LA DEFENSA', '-39.0331820', '-67.3862480', 16),
(2936, 'BARRIO LA HERRADURA', '-39.0370770', '-67.7820590', 16),
(2937, 'BARRIO LA LOR', '-38.9245850', '-68.0307900', 16),
(2938, 'BARRIO LA RIBERA - BARRIO APYCAR', '-39.0772590', '-67.5794990', 16),
(2939, 'BARRIO LAS ANGUSTIAS', '-39.0298110', '-67.5009910', 16),
(2940, 'BARRIO LUISILLO', '-39.0514050', '-67.3468990', 16),
(2941, 'BARRIO MAR DEL PLATA', '-39.0827870', '-67.6523990', 16),
(2942, 'BARRIO MARIA ELVIRA', '-38.9901440', '-67.9613100', 16),
(2943, 'BARRIO MO?O AZUL', '-39.1306870', '-66.8941650', 16),
(2944, 'BARRIO MOSCONI', '-39.0907180', '-67.5898600', 16),
(2945, 'BARRIO NORTE', '-38.8637280', '-68.0231910', 16),
(2946, 'BARRIO PINAR', '-37.6748280', '-67.8736520', 16),
(2947, 'BARRIO PINO AZUL', '-39.0557370', '-67.5935300', 16),
(2948, 'BARRIO PLANTA COMPRESORA DE GAS', '-40.0564740', '-64.4726090', 16),
(2949, 'BARRIO PORVENIR', '-39.0430280', '-67.4642040', 16),
(2950, 'BARRIO PRESIDENTE PERON', '-38.7961850', '-68.0734330', 16),
(2951, 'BARRIO PUENTE 83', '-38.9655980', '-67.9509550', 16),
(2952, 'BARRIO PUENTE DE MADERA', '-38.9589650', '-67.9492410', 16),
(2953, 'BARRIO SANTA RITA', '-39.1260790', '-67.1035170', 16),
(2954, 'BARRIO TRES LUCES', '-38.9386790', '-67.9440030', 16),
(2955, 'BARRIO UNION', '-39.1585370', '-66.1856070', 16),
(2956, 'BARRIO UNION', '-38.9791870', '-67.9419760', 16),
(2957, 'CA?ADON CHILENO', '-40.8843060', '-70.0229630', 16),
(2958, 'CATRIEL', '-37.8815290', '-67.7945570', 16),
(2959, 'CERRO POLICIA', '-39.7252940', '-68.4939530', 16),
(2960, 'CERVANTES', '-39.0515790', '-67.3930560', 16),
(2961, 'CHELFORO', '-39.0881630', '-66.5209550', 16),
(2962, 'CHICHINALES', '-39.1148810', '-66.9425150', 16),
(2963, 'CHIMPAY', '-39.1651530', '-66.1447070', 16),
(2964, 'CHOELE CHOEL', '-39.2884540', '-65.6632810', 16),
(2965, 'CINCO SALTOS', '-38.8405540', '-68.0623010', 16),
(2966, 'CIPOLLETTI', '-38.9220600', '-67.9955490', 16),
(2967, 'CLEMENTE ONELLI', '-41.2448350', '-70.0342030', 16),
(2968, 'COLAN CONUE', '-40.6706080', '-69.1112550', 16),
(2969, 'COLONIA FATIMA', '-39.0531680', '-67.4729670', 16),
(2970, 'COLONIA JULIA Y ECHARREN', '-39.0361230', '-64.0139390', 16),
(2971, 'COLONIA SUIZA', '-41.0947500', '-71.5055270', 16),
(2972, 'COMALLO', '-41.0298750', '-70.2699810', 16),
(2973, 'COMICO', '-41.0632760', '-67.5965600', 16),
(2974, 'CONA NIYEU', '-41.8812020', '-66.9407400', 16),
(2975, 'CONTRALMIRANTE CORDERO', '-38.7570060', '-68.0994970', 16),
(2976, 'CORONEL BELISLE', '-39.1858300', '-65.9563190', 16),
(2977, 'DARWIN', '-39.2026910', '-65.7409170', 16),
(2978, 'DINA HUAPI', '-41.0691930', '-71.1621930', 16),
(2979, 'EL BOLSON', '-41.9804860', '-71.5336170', 16),
(2980, 'EL CAIN', '-41.8182870', '-68.0774150', 16),
(2981, 'EL CONDOR', '-41.0430740', '-62.8212340', 16),
(2982, 'EL CUY', '-39.9230910', '-68.3369500', 16),
(2983, 'EL FOYEL', '-41.6571200', '-71.4592780', 16),
(2984, 'EL JUNCAL', '-40.8040460', '-63.1192580', 16),
(2985, 'ESTACION EMPALME', '-40.7066030', '-65.0030740', 16),
(2986, 'FERRI', '-38.8871750', '-68.0068430', 16),
(2987, 'GENERAL CONESA', '-40.1047350', '-64.4529620', 16),
(2988, 'GENERAL ENRIQUE GODOY', '-39.0795500', '-67.1575510', 16),
(2989, 'GENERAL FERNANDEZ ORO', '-38.9543600', '-67.9251090', 16),
(2990, 'GUARDIA MITRE', '-40.4302950', '-63.6719140', 16),
(2991, 'INGENIERO JACOBACCI', '-41.3268130', '-69.5441260', 16),
(2992, 'INGENIERO LUIS A. HUERGO', '-39.0711760', '-67.2328880', 16),
(2993, 'INGENIERO OTTO KRAUSE', '-39.1114280', '-66.9939100', 16),
(2994, 'JUVENTUD UNIDA', '-39.0125650', '-64.0650450', 16),
(2995, 'LA LOBERIA', '-41.1541010', '-63.1234800', 16),
(2996, 'LAGUNA BLANCA', '-40.7925950', '-69.8810400', 16),
(2997, 'LAMARQUE', '-39.4232650', '-65.7014500', 16),
(2998, 'LAS BAYAS', '-41.4504060', '-70.6827890', 16),
(2999, 'LAS GRUTAS', '-40.8060930', '-65.0847020', 16),
(3000, 'LAS PERLAS', '-38.9840690', '-68.1403500', 16),
(3001, 'LOS MENUCOS', '-40.8451910', '-68.0832030', 16),
(3002, 'LOTEO COSTA DE RIO', '-40.8722980', '-62.9146640', 16),
(3003, 'LUIS BELTRAN', '-39.3088800', '-65.7648710', 16),
(3004, 'MAINQUE', '-39.0637560', '-67.3042810', 16),
(3005, 'MALLIN AHOGADO', '-41.8412740', '-71.5091290', 16),
(3006, 'MAMUEL CHOIQUE', '-41.7698420', '-70.1708630', 16),
(3007, 'MAQUINCHAO', '-41.2475170', '-68.7003410', 16),
(3008, 'MENCUE', '-40.4229030', '-69.6143880', 16),
(3009, 'MINA SANTA TERESITA', '-40.9343440', '-69.4116590', 16),
(3010, 'MINISTRO RAMOS MEXIA', '-40.5085400', '-67.2619210', 16),
(3011, 'NAHUEL NIYEU', '-40.5041980', '-66.5657530', 16),
(3012, 'NAUPA HUEN', '-39.8282850', '-69.5089730', 16),
(3013, '?IRIHUAU', '-41.0885590', '-71.1369130', 16),
(3014, '?ORQUINCO', '-41.8434490', '-70.8943930', 16),
(3015, 'OJOS DE AGUA', '-41.5348920', '-69.8546460', 16),
(3016, 'PASO CORDOVA', '-39.1153330', '-67.6264970', 16),
(3017, 'PASO CORDOVA', '-39.1077500', '-67.6277070', 16),
(3018, 'PENINSULA RUCA CO', '-38.7010670', '-68.0277180', 16),
(3019, 'PICHI MAHUIDA', '-38.8296140', '-64.9374200', 16),
(3020, 'PILCANIYEU', '-41.1252900', '-70.7216940', 16),
(3021, 'PILQUINIYEU', '-41.9083870', '-68.3424730', 16),
(3022, 'PILQUINIYEU DEL LIMAY', '-40.5448520', '-70.0532310', 16),
(3023, 'PLAYAS DORADAS', '-41.6276790', '-65.0236750', 16),
(3024, 'POMONA', '-39.4841600', '-65.6124600', 16),
(3025, 'POZO SALADO', '-41.0178490', '-64.1403930', 16),
(3026, 'PRAHUANIYEU', '-41.3591520', '-67.9314760', 16),
(3027, 'PUERTO SAN ANTONIO ESTE', '-40.8008820', '-64.8778970', 16),
(3028, 'PUNTA COLORADA', '-41.6941220', '-65.0245570', 16),
(3029, 'RIO CHICO', '-41.7167230', '-70.4710840', 16),
(3030, 'RIO COLORADO', '-38.9914140', '-64.0874680', 16),
(3031, 'RIO VILLEGAS', '-41.5822160', '-71.5012930', 16),
(3032, 'SACO VIEJO', '-40.8110050', '-64.7581130', 16),
(3033, 'SALTO ANDERSEN', '-38.8229790', '-64.8182780', 16),
(3034, 'SAN ANTONIO OESTE', '-40.7312950', '-64.9552940', 16),
(3035, 'SAN CARLOS DE BARILOCHE', '-41.1192630', '-71.3511420', 16),
(3036, 'SAN JAVIER', '-40.7472510', '-63.2646520', 16),
(3037, 'SANTA LUCIA', '-39.0282520', '-67.2984550', 16),
(3038, 'SARGENTO VIDAL', '-38.6856410', '-68.1580780', 16),
(3039, 'SIERRA COLORADA', '-40.5850990', '-67.7555450', 16),
(3040, 'SIERRA GRANDE', '-41.6071860', '-65.3534020', 16),
(3041, 'SIERRA PAILEMAN', '-41.1812710', '-65.9614290', 16),
(3042, 'TRENETA', '-40.8508280', '-66.9816850', 16),
(3043, 'TRES LUCES', '-38.9655980', '-67.9509550', 16),
(3044, 'VALCHETA', '-40.6778620', '-66.1653260', 16),
(3045, 'VALLE AZUL', '-39.1404830', '-66.7285640', 16),
(3046, 'VIEDMA', '-40.8093230', '-62.9853200', 16),
(3047, 'VILLA ALBERDI', '-39.1283460', '-67.0481130', 16),
(3048, 'VILLA ARELAUQUEN', '-41.1700880', '-71.3851120', 16),
(3049, 'VILLA CAMPANARIO', '-41.0649700', '-71.4726740', 16),
(3050, 'VILLA CATEDRAL', '-41.1666350', '-71.4375750', 16),
(3051, 'VILLA DEL PARQUE', '-39.1258080', '-66.9976300', 16),
(3052, 'VILLA LLANQUIN', '-40.9239100', '-71.0338580', 16),
(3053, 'VILLA LLAO LLAO', '-41.0697600', '-71.5396510', 16),
(3054, 'VILLA LOS COIHUES', '-41.1575790', '-71.4131560', 16),
(3055, 'VILLA MANZANO', '-38.6806040', '-68.2157180', 16),
(3056, 'VILLA MASCARDI', '-41.3495540', '-71.5090420', 16),
(3057, 'VILLA REGINA', '-39.0962970', '-67.0828090', 16),
(3058, 'VILLA SAN ISIDRO', '-38.7064850', '-68.1737460', 16),
(3059, 'YAMINUE', '-40.8429270', '-67.1922500', 16),
(3060, 'SE DESCONOCE', '0.0000000', '0.0000000', 17),
(3061, 'ACOYTE', '-22.2625710', '-64.9993430', 17),
(3062, 'AGUARAY', '-22.2388140', '-63.7283890', 17),
(3063, 'AGUAS BLANCAS', '-22.7245610', '-64.3463190', 17),
(3064, 'ALTO DE LA SIERRA', '-22.6893770', '-62.4527760', 17),
(3065, 'AMPASCACHI', '-25.3554560', '-65.5323040', 17),
(3066, 'ANGASTACO', '-25.6837320', '-66.1630080', 17),
(3067, 'ANIMANA', '-25.9250700', '-65.9634890', 17),
(3068, 'ANTILLA', '-26.1367470', '-64.6079960', 17),
(3069, 'APOLINARIO SARAVIA', '-24.4402120', '-64.0003360', 17),
(3070, 'ATOCHA', '-24.8166720', '-65.4787180', 17),
(3071, 'BARRIO EL CONGRESO', '-24.8774310', '-65.4784640', 17),
(3072, 'BARRIO EL JARDIN DE SAN MARTIN', '-22.4497650', '-63.8856190', 17),
(3073, 'BARRIO EL MILAGRO', '-22.5413250', '-63.7927890', 17),
(3074, 'BARRIO LA ROTONDA', '-25.0825650', '-65.5369940', 17),
(3075, 'BARRIO LAS TUNAS', '-24.8581690', '-65.3991340', 17),
(3076, 'BARRIO LOS OLMOS', '-24.8784310', '-65.4662900', 17),
(3077, 'BARRIO LOS PINARES', '-24.8581690', '-65.3991340', 17),
(3078, 'BARRIO SAN RAFAEL', '-24.8141970', '-65.4579730', 17),
(3079, 'BARRIO SANTA TERESITA', '-25.0370260', '-65.5726460', 17),
(3080, 'CABRA CORRAL', '-25.2900370', '-65.3877850', 17),
(3081, 'CACHI', '-25.1201640', '-66.1679490', 17),
(3082, 'CAFAYATE', '-26.0765380', '-65.9862900', 17),
(3083, 'CAMPAMENTO VESPUCIO', '-22.5800470', '-63.8523230', 17),
(3084, 'CAMPICHUELO', '-23.1062410', '-63.9953140', 17),
(3085, 'CAMPO DURAN', '-22.1925190', '-63.6556170', 17),
(3086, 'CAMPO LA CRUZ', '-22.4282270', '-65.1454050', 17),
(3087, 'CAMPO QUIJANO', '-24.9095600', '-65.6395050', 17),
(3088, 'CAMPO SANTO', '-24.6839920', '-65.1028560', 17),
(3089, 'CAPIAZUTI', '-22.1673390', '-63.7086210', 17),
(3090, 'CAPITAN JUAN PAGE', '-23.7084880', '-62.3817950', 17),
(3091, 'CARBONCITO', '-23.2595020', '-63.8026690', 17),
(3092, 'CC EL TIPAL', '-24.7656880', '-65.4762990', 17),
(3093, 'CC LA ALMUDENA', '-24.7635440', '-65.4639760', 17),
(3094, 'CEIBALITO', '-25.1278600', '-64.2896740', 17),
(3095, 'CENTRO 25 DE JUNIO', '-24.9773190', '-63.8698560', 17),
(3096, 'CERRILLOS', '-24.8997480', '-65.4884060', 17),
(3097, 'CHICOANA', '-25.1056020', '-65.5368900', 17),
(3098, 'COBOS', '-24.7414710', '-65.0839320', 17),
(3099, 'COBRES', '-23.6392000', '-66.2684040', 17),
(3100, 'COLONIA SANTA ROSA', '-23.3664490', '-64.3524070', 17),
(3101, 'COPO QUILE', '-26.0280260', '-64.6831910', 17),
(3102, 'CORONEL CORNEJO', '-22.7366060', '-63.8212340', 17),
(3103, 'CORONEL JUAN SOLA', '-23.4836430', '-62.8913110', 17),
(3104, 'CORONEL MOLDES', '-25.2889400', '-65.4745370', 17),
(3105, 'CORONEL MOLLINEDO', '-24.5136420', '-64.0648840', 17),
(3106, 'CORONEL OLLEROS', '-25.1146920', '-64.2258660', 17),
(3107, 'DRAGONES', '-23.2581870', '-63.3390560', 17),
(3108, 'EL BARRIAL', '-25.9119190', '-65.9509640', 17),
(3109, 'EL BORDO', '-24.6610740', '-65.1054300', 17),
(3110, 'EL CARRIL', '-25.0768550', '-65.4938470', 17),
(3111, 'EL GALPON', '-25.3915860', '-64.6595060', 17),
(3112, 'EL JARDIN', '-26.0938830', '-65.4138420', 17),
(3113, 'EL NARANJO', '-25.7376090', '-65.0197890', 17),
(3114, 'EL POTRERO', '-26.0638950', '-64.6568310', 17),
(3115, 'EL QUEBRACHAL', '-25.3519820', '-64.0287960', 17),
(3116, 'EL TABACAL', '-23.2500270', '-64.2445060', 17),
(3117, 'EL TALA', '-26.1208920', '-65.2873060', 17),
(3118, 'EL TUNAL', '-25.2652650', '-64.4061040', 17),
(3119, 'EMBARCACION', '-23.2350870', '-64.0122930', 17),
(3120, 'GAONA', '-25.2581750', '-64.0470240', 17),
(3121, 'GENERAL BALLIVIAN', '-22.9276110', '-63.8522930', 17),
(3122, 'GENERAL GUEMES', '-24.6684440', '-65.0493530', 17),
(3123, 'GENERAL MOSCONI', '-22.5888630', '-63.8118900', 17),
(3124, 'GENERAL PIZARRO', '-24.2342250', '-63.9910920', 17),
(3125, 'GUACHIPAS', '-25.5235480', '-65.5187640', 17),
(3126, 'HICKMAN', '-23.2174880', '-63.5643620', 17),
(3127, 'HIPOLITO YRIGOYEN', '-23.2382700', '-64.2718130', 17),
(3128, 'HITO 1', '-21.9997110', '-62.8237380', 17),
(3129, 'IRUYA', '-22.7789160', '-65.2063600', 17),
(3130, 'ISLA DE CA?AS', '-22.8864200', '-64.6573760', 17),
(3131, 'JOAQUIN V. GONZALEZ', '-25.1294320', '-64.1385890', 17),
(3132, 'LA CALDERA', '-24.6049490', '-65.3823380', 17),
(3133, 'LA CANDELARIA', '-26.0961790', '-65.0610120', 17),
(3134, 'LA CIENAGA', '-24.8086150', '-65.5127340', 17),
(3135, 'LA MAROMA', '-25.1512350', '-65.4426110', 17),
(3136, 'LA MERCED', '-24.9660900', '-65.4895900', 17),
(3137, 'LA MERCED DEL ENCON', '-24.8709650', '-65.5607600', 17),
(3138, 'LA MISION', '-23.3154630', '-64.4077090', 17),
(3139, 'LA POMA', '-24.7129010', '-66.1997390', 17),
(3140, 'LA PUERTA', '-25.2804540', '-66.4508400', 17),
(3141, 'LA SILLETA', '-24.8784640', '-65.5901790', 17),
(3142, 'LA UNION', '-23.9462050', '-63.1119730', 17),
(3143, 'LA VI?A', '-25.4719720', '-65.5719840', 17),
(3144, 'LAS COSTAS', '-24.7690500', '-65.4860330', 17),
(3145, 'LAS LAJITAS', '-24.7331990', '-64.1994830', 17),
(3146, 'LOS BLANCOS', '-23.6301480', '-62.5972370', 17),
(3147, 'LOS TOLDOS', '-22.2528950', '-64.6816680', 17),
(3148, 'LUIS BURELA', '-24.3977140', '-63.9961110', 17),
(3149, 'LUMBRERAS', '-25.2172580', '-64.9306860', 17),
(3150, 'MACAPILLO', '-25.4215690', '-63.9896050', 17),
(3151, 'METAN VIEJO', '-25.5418040', '-64.9849390', 17),
(3152, 'MISION CHAQUE?A', '-23.2761410', '-63.7361800', 17),
(3153, 'MISION EL CRUCE', '-22.5413250', '-63.7927890', 17),
(3154, 'MISION KILOMETRO 6', '-22.5060230', '-63.7399720', 17),
(3155, 'MISION TIERRAS FISCALES', '-23.2644560', '-64.0052650', 17),
(3156, 'MOLINOS', '-25.4442430', '-66.3088500', 17),
(3157, 'NAZARENO', '-22.4818540', '-65.0949730', 17),
(3158, 'NUESTRA SE?ORA DE TALAVERA', '-25.4810730', '-63.7880010', 17),
(3159, 'OLACAPATO', '-24.1197750', '-66.7142590', 17),
(3160, 'PACARA', '-22.4452720', '-63.4354320', 17),
(3161, 'PADRE LOZANO', '-23.2157250', '-63.8426470', 17),
(3162, 'PAYOGASTA', '-25.0489480', '-66.1027100', 17),
(3163, 'PICHANAL', '-23.3133900', '-64.2197520', 17),
(3164, 'PIQUETE CABADO', '-24.8260410', '-64.1855790', 17),
(3165, 'PIQUIRENDA', '-22.3335490', '-63.7596850', 17),
(3166, 'PLUMA DE PATO', '-23.3808430', '-63.0980560', 17),
(3167, 'POSCAYA', '-22.4336270', '-65.0678960', 17),
(3168, 'PROFESOR SALVADOR MAZZA', '-22.0542630', '-63.6872830', 17),
(3169, 'PUEBLO VIEJO', '-22.8263430', '-65.2018360', 17),
(3170, 'RECAREDO', '-22.4497650', '-63.8856190', 17),
(3171, 'RIO DEL VALLE', '-24.6839690', '-64.2017890', 17),
(3172, 'RIO PIEDRAS', '-25.3211820', '-64.9173290', 17),
(3173, 'RIVADAVIA', '-24.1928480', '-62.8855850', 17),
(3174, 'ROSARIO DE LA FRONTERA', '-25.8088970', '-64.9840620', 17),
(3175, 'ROSARIO DE LERMA', '-24.9780010', '-65.5804320', 17),
(3176, 'SALTA', '-24.7865550', '-65.3976350', 17),
(3177, 'SAN AGUSTIN', '-24.9967900', '-65.4377600', 17),
(3178, 'SAN ANTONIO DE LOS COBRES', '-24.2099310', '-66.3154360', 17),
(3179, 'SAN CARLOS', '-25.8954500', '-65.9374120', 17),
(3180, 'SAN FELIPE', '-25.7231130', '-64.8260630', 17),
(3181, 'SAN JOSE DE METAN', '-25.5077210', '-64.9821250', 17),
(3182, 'SAN JOSE DE ORQUERA', '-25.2783090', '-64.0850560', 17),
(3183, 'SAN MARCOS', '-22.5090050', '-65.1012420', 17),
(3184, 'SAN RAMON DE LA NUEVA ORAN', '-23.1298140', '-64.3185880', 17),
(3185, 'SANTA MARIA', '-22.1394980', '-62.8383250', 17),
(3186, 'SANTA ROSA', '-24.0763770', '-63.1236770', 17),
(3187, 'SANTA ROSA DE LOS PASTOS GRANDES', '-24.4781060', '-66.6785400', 17),
(3188, 'SANTA VICTORIA', '-22.2294620', '-64.9503260', 17),
(3189, 'SANTA VICTORIA ESTE', '-22.2772900', '-62.7043720', 17),
(3190, 'SECLANTAS', '-25.3305100', '-66.2484470', 17),
(3191, 'TALAPAMPA', '-25.5463750', '-65.5596730', 17),
(3192, 'TARTAGAL', '-22.5098650', '-63.7970470', 17),
(3193, 'TOBANTIRENDA', '-22.1383320', '-63.7061820', 17),
(3194, 'TOLAR GRANDE', '-24.5579850', '-67.4369650', 17),
(3195, 'TOLLOCHE', '-25.5466460', '-63.5342920', 17),
(3196, 'TOLOMBOM', '-26.2029570', '-65.9467960', 17),
(3197, 'TRANQUITAS', '-22.4076170', '-63.7681400', 17),
(3198, 'URUNDEL', '-23.5516310', '-64.3965190', 17),
(3199, 'VAQUEROS', '-24.6945210', '-65.4026940', 17),
(3200, 'VILLA LOS ALAMOS', '-24.8640290', '-65.4641820', 17),
(3201, 'VILLA SAN LORENZO', '-24.7333010', '-65.4847890', 17),
(3202, 'YACUY', '-22.3765770', '-63.7654300', 17),
(3203, 'SE DESCONOCE', '0.0000000', '0.0000000', 18),
(3204, 'ALTO DE SIERRA', '-31.5265280', '-68.4106010', 18),
(3205, 'ANGUALASTO', '-30.0536460', '-69.1717080', 18),
(3206, 'ASTICA', '-30.9538850', '-67.3006350', 18),
(3207, 'BALDE DEL ROSARIO', '-30.3207150', '-67.6951970', 18),
(3208, 'BARREAL', '-31.6523290', '-69.4796740', 18),
(3209, 'BARRIO JUSTO P. CASTRO IV', '-31.6283030', '-68.3008270', 18),
(3210, 'BARRIO MUNICIPAL', '-31.7523490', '-68.5597210', 18),
(3211, 'BARRIO RUTA 40', '-31.8595310', '-68.5345170', 18),
(3212, 'BARRIO SADOP', '-31.5367180', '-68.3955680', 18),
(3213, 'BELLA VISTA', '-30.4401530', '-69.2447870', 18),
(3214, 'BERMEJO', '-31.5918360', '-67.6623620', 18),
(3215, 'CALINGASTA', '-31.3354100', '-69.4273820', 18),
(3216, 'CAMPO AFUERA', '-31.4165330', '-68.5316140', 18),
(3217, 'CA?ADA HONDA', '-31.9850530', '-68.5481910', 18),
(3218, 'CARPINTERIA', '-31.8301410', '-68.5420990', 18),
(3219, 'CAUCETE', '-31.6514790', '-68.2821400', 18),
(3220, 'CHIMBAS', '-31.4929010', '-68.4840480', 18),
(3221, 'CHUCUMA', '-31.0688860', '-67.2788290', 18),
(3222, 'CIENAGUITA', '-32.0763380', '-68.6907630', 18),
(3223, 'COLONIA FIORITO', '-31.5551790', '-68.4205990', 18),
(3224, 'COLONIA FISCAL', '-31.9027440', '-68.4696590', 18),
(3225, 'COLONIA GUTIERREZ', '-31.5173970', '-68.4546490', 18),
(3226, 'DIVISADERO', '-32.0104980', '-68.6904860', 18),
(3227, 'DOS ACEQUIAS', '-31.4913860', '-68.4185300', 18),
(3228, 'EL ENCON', '-32.2163730', '-67.7930570', 18),
(3229, 'EL FISCAL', '-30.2202750', '-68.6909970', 18),
(3230, 'EL MEDANITO', '-31.5834830', '-68.4697870', 18),
(3231, 'EL MEDANO', '-30.1293830', '-68.6791730', 18),
(3232, 'EL MOGOTE', '-31.4800260', '-68.4821820', 18),
(3233, 'EL RINCON', '-31.6648790', '-68.3211580', 18),
(3234, 'EL RINCON', '-31.4480940', '-68.5425140', 18),
(3235, 'GRAN CHINA', '-30.1225270', '-68.7162000', 18),
(3236, 'GUANACACHE', '-32.0753810', '-68.5856950', 18),
(3237, 'HUACO', '-30.1570670', '-68.4809370', 18),
(3238, 'IGLESIA', '-30.4128220', '-69.2051640', 18),
(3239, 'LA CA?ADA', '-31.4475640', '-68.4817210', 18),
(3240, 'LA CHIMBERA', '-31.8505510', '-68.3094620', 18),
(3241, 'LA FALDA', '-30.1628730', '-68.6652630', 18),
(3242, 'LA RINCONADA', '-31.6952380', '-68.5923030', 18),
(3243, 'LAS CHACRITAS', '-31.5936420', '-68.4077200', 18),
(3244, 'LAS FLORES', '-30.3242640', '-69.2453070', 18),
(3245, 'LAS LAGUNAS', '-32.0443780', '-68.3778990', 18),
(3246, 'LAS PIEDRITAS', '-31.6294740', '-68.6080770', 18),
(3247, 'LAS TALAS', '-31.6009570', '-68.2979740', 18),
(3248, 'LAS TAPIAS', '-31.4084470', '-68.3999430', 18),
(3249, 'LOS BALDECITOS', '-30.2241890', '-67.7014210', 18),
(3250, 'LOS BERROS', '-31.9514580', '-68.6510940', 18),
(3251, 'LOS MEDANOS', '-31.6267500', '-68.2618590', 18),
(3252, 'MARAYES', '-31.4776700', '-67.3093650', 18),
(3253, 'MOGNA', '-30.6845100', '-68.3775540', 18),
(3254, 'NIQUIVIL', '-30.4006750', '-68.6910630', 18),
(3255, 'PAMPA VIEJA', '-30.2202750', '-68.6909970', 18),
(3256, 'PEDERNAL', '-31.9950080', '-68.7590870', 18),
(3257, 'PIE DE PALO', '-31.6609350', '-68.2204020', 18),
(3258, 'PISMANTA', '-30.2709800', '-69.2286100', 18),
(3259, 'PUNTA DEL MEDANO', '-31.8946040', '-68.4183100', 18),
(3260, 'QUINTO CUARTEL', '-31.6140360', '-68.6001750', 18),
(3261, 'RAWSON', '-31.5696190', '-68.5577690', 18),
(3262, 'RIVADAVIA', '-31.5335200', '-68.5920690', 18),
(3263, 'RODEO', '-30.2099580', '-69.1336130', 18),
(3264, 'SAN ISIDRO', '-30.1488920', '-68.7044950', 18),
(3265, 'SAN ISIDRO', '-31.4870990', '-68.3251340', 18),
(3266, 'SAN JOSE DE JACHAL', '-30.2427670', '-68.7454930', 18),
(3267, 'SAN JUAN', '-31.5371970', '-68.5250180', 18),
(3268, 'SANTA LUCIA', '-31.5130350', '-68.4565990', 18),
(3269, 'TAMBERIAS', '-30.1822860', '-68.7277860', 18),
(3270, 'TAMBERIAS', '-31.4603770', '-69.4229130', 18),
(3271, 'TUDCUM', '-30.1883780', '-69.2702840', 18),
(3272, 'TUPELI', '-31.8390320', '-68.3573940', 18),
(3273, 'USNO', '-30.5640050', '-67.5403270', 18),
(3274, 'VALLECITO', '-31.7403740', '-67.9885250', 18),
(3275, 'VILLA ABERASTAIN', '-31.6570130', '-68.5736090', 18),
(3276, 'VILLA AMPACAMA', '-31.3864090', '-68.4572410', 18),
(3277, 'VILLA BARBOZA', '-31.5921800', '-68.5723920', 18),
(3278, 'VILLA BASILIO NIEVAS', '-31.5438790', '-68.7407760', 18),
(3279, 'VILLA BOLA?OS', '-31.6292970', '-68.4706680', 18),
(3280, 'VILLA BORJAS', '-31.8100070', '-68.3289620', 18),
(3281, 'VILLA CENTENARIO', '-31.6684030', '-68.5222920', 18),
(3282, 'VILLA DOMINGUITO', '-31.5591210', '-68.2976450', 18),
(3283, 'VILLA DON BOSCO', '-31.5518880', '-68.3390190', 18),
(3284, 'VILLA EL SALVADOR', '-31.4454020', '-68.4176400', 18),
(3285, 'VILLA EL SALVADOR', '-31.4639040', '-68.4095850', 18),
(3286, 'VILLA EL TANGO', '-31.7632690', '-68.2222970', 18),
(3287, 'VILLA GENERAL SAN MARTIN', '-31.4210710', '-68.4907610', 18),
(3288, 'VILLA IBA?EZ', '-31.4659390', '-68.7353340', 18),
(3289, 'VILLA INDEPENDENCIA', '-31.6245290', '-68.3138150', 18),
(3290, 'VILLA KRAUSE', '-31.5837190', '-68.5410820', 18),
(3291, 'VILLA MALVINAS ARGENTINAS', '-30.2142410', '-68.7165560', 18),
(3292, 'VILLA MEDIA AGUA', '-31.9810020', '-68.4270030', 18),
(3293, 'VILLA MERCEDES', '-30.1088720', '-68.7009430', 18),
(3294, 'VILLA NACUSI', '-31.6219380', '-68.5359580', 18),
(3295, 'VILLA PAULA ALBARRACIN', '-31.4936360', '-68.5357080', 18),
(3296, 'VILLA PITUIL', '-31.6528320', '-69.4815390', 18),
(3297, 'VILLA SAN AGUSTIN', '-30.6367080', '-67.4650600', 18),
(3298, 'VILLA SAN MARTIN', '-31.5167620', '-68.3526470', 18),
(3299, 'VILLA SANTA ROSA', '-31.7448090', '-68.3142410', 18),
(3300, 'VILLA SEFAIR TALACASTO)', '-31.4439400', '-68.4217690', 18),
(3301, 'VILLA TACU', '-31.5293320', '-68.7253410', 18),
(3302, 'SE DESCONOCE', '0.0000000', '0.0000000', 19),
(3303, 'ALTO PELADO', '-33.8425030', '-66.1375990', 19),
(3304, 'ALTO PENCOSO', '-33.4306360', '-66.9279670', 19),
(3305, 'ANCHORENA', '-35.6746450', '-65.4244230', 19),
(3306, 'ARIZONA', '-35.7229150', '-65.3187210', 19),
(3307, 'BAGUAL', '-35.1448480', '-65.5676650', 19),
(3308, 'BALDE', '-33.3432700', '-66.6260470', 19),
(3309, 'BATAVIA', '-34.7755330', '-65.6862990', 19),
(3310, 'BEAZLEY', '-33.7577340', '-66.6459600', 19),
(3311, 'BUENA ESPERANZA', '-34.7582790', '-65.2503690', 19),
(3312, 'CANDELARIA', '-32.0607490', '-65.8276910', 19),
(3313, 'CAROLINA', '-32.8128570', '-66.0932330', 19),
(3314, 'CARPINTERIA', '-32.4102500', '-65.0113930', 19),
(3315, 'CAZADOR', '-33.8576580', '-66.3696150', 19),
(3316, 'CERRO COLORADO', '-33.2550960', '-66.2286550', 19),
(3317, 'CERRO DE ORO', '-32.3851960', '-64.9859440', 19),
(3318, 'CHOSMES', '-33.3959970', '-66.7463970', 19),
(3319, 'CIUDAD DE LA PUNTA', '-33.1816570', '-66.3136080', 19),
(3320, 'CONCARAN', '-32.5607280', '-65.2452810', 19),
(3321, 'CORTADERAS', '-32.5076500', '-64.9869660', 19),
(3322, 'COUNTRY CLUB LOS CALDENES', '-33.7036130', '-65.3290340', 19),
(3323, 'CRUZ DE PIEDRA', '-33.2662670', '-66.2171500', 19),
(3324, 'DESAGUADERO', '-33.4004590', '-67.1480820', 19),
(3325, 'EL CHORRILLO', '-33.2889480', '-66.2580410', 19),
(3326, 'EL TRAPICHE', '-33.1082720', '-66.0633710', 19),
(3327, 'EL VOLCAN', '-33.2512970', '-66.1877020', 19),
(3328, 'ESTANCIA GRANDE', '-33.1905470', '-66.1527990', 19),
(3329, 'FORTIN EL PATRIA', '-34.7697570', '-65.5229350', 19),
(3330, 'FORTUNA', '-35.1282920', '-65.3818220', 19),
(3331, 'FRAGA', '-33.5020870', '-65.7926480', 19),
(3332, 'JARILLA', '-33.3986580', '-67.0274300', 19),
(3333, 'JUAN JORBA', '-33.6132810', '-65.2717500', 19),
(3334, 'JUAN LLERENA', '-33.2811130', '-65.6145770', 19),
(3335, 'JUSTO DARACT', '-33.8585830', '-65.1870410', 19),
(3336, 'LA BAJADA', '-33.1571610', '-66.0131880', 19),
(3337, 'LA CALERA', '-32.8619920', '-66.8506530', 19),
(3338, 'LA FLORIDA', '-33.1167590', '-66.0020090', 19),
(3339, 'LA MAROMA', '-35.2127000', '-66.3264250', 19),
(3340, 'LA PUNILLA', '-33.1429540', '-65.0861310', 19),
(3341, 'LA RIBERA', '-33.6918120', '-65.5007310', 19),
(3342, 'LA TOMA', '-33.0544380', '-65.6226980', 19),
(3343, 'LA VERTIENTE', '-32.7975030', '-65.7568970', 19),
(3344, 'LAFINUR', '-32.0621150', '-65.3496820', 19),
(3345, 'LAS AGUADAS', '-32.3763580', '-65.5012040', 19),
(3346, 'LAS CHACRAS', '-32.5435130', '-65.7446390', 19),
(3347, 'LAS CHACRAS', '-33.2608220', '-66.2381060', 19),
(3348, 'LAS LAGUNAS', '-32.6298120', '-65.5511440', 19),
(3349, 'LAVAISSE', '-33.8221480', '-65.4237930', 19),
(3350, 'LEANDRO N. ALEM', '-32.1047820', '-65.9621120', 19),
(3351, 'LOS CAJONES', '-32.0257510', '-65.3749360', 19),
(3352, 'LOS MOLLES', '-32.4395450', '-65.0106820', 19),
(3353, 'LOS OVEROS', '-35.8808970', '-66.4450140', 19),
(3354, 'LUJAN', '-32.3660350', '-65.9425440', 19),
(3355, 'MARTIN DE LOYOLA', '-35.7111680', '-66.3525280', 19),
(3356, 'MERLO', '-32.3425390', '-65.0141370', 19),
(3357, 'MOSMOTA', '-33.6458920', '-66.9934500', 19),
(3358, 'NACION RANQUEL', '-34.6086190', '-65.7348530', 19),
(3359, 'NAHUEL MAPA', '-34.7833680', '-66.1701500', 19),
(3360, 'NASCHEL', '-32.9168220', '-65.3755480', 19),
(3361, 'NAVIA', '-34.7726730', '-66.5862790', 19),
(3362, 'NOGOLI', '-32.9173750', '-66.3257600', 19),
(3363, 'NUEVA GALIA', '-35.1124750', '-65.2532110', 19),
(3364, 'PAPAGAYOS', '-32.6786410', '-64.9881800', 19),
(3365, 'PASO GRANDE', '-32.8769740', '-65.6345300', 19),
(3366, 'POTRERILLO', '-32.6714010', '-65.6626270', 19),
(3367, 'POTRERO DE LOS FUNES', '-33.2187790', '-66.2307290', 19),
(3368, 'QUINES', '-32.2330820', '-65.8056330', 19),
(3369, 'RENCA', '-32.7717680', '-65.3637610', 19),
(3370, 'RIO GRANDE', '-33.0485050', '-66.0717540', 19),
(3371, 'RIOCITO', '-33.0964300', '-65.9908380', 19),
(3372, 'SALADILLO', '-33.2005660', '-65.8531360', 19),
(3373, 'SALINAS DEL BEBEDERO', '-33.5011250', '-66.6514410', 19),
(3374, 'SAN FRANCISCO DEL MONTE DE ORO', '-32.6006390', '-66.1273700', 19),
(3375, 'SAN JERONIMO', '-33.1383050', '-66.5166860', 19),
(3376, 'SAN JOSE DEL MORRO', '-33.2119850', '-65.4927330', 19),
(3377, 'SAN LUIS', '-33.3023140', '-66.3360880', 19),
(3378, 'SAN MARTIN', '-32.4132690', '-65.6759310', 19),
(3379, 'SAN PABLO', '-32.6583420', '-65.3080920', 19),
(3380, 'SAN ROQUE', '-33.2720250', '-66.2276620', 19),
(3381, 'SANTA ROSA DEL CONLARA', '-32.3423080', '-65.2071210', 19),
(3382, 'TALITA', '-32.2481200', '-65.5838730', 19),
(3383, 'TILISARAO', '-32.7329280', '-65.2915270', 19),
(3384, 'UNION', '-35.1549260', '-65.9424470', 19),
(3385, 'VILLA DE LA QUEBRADA', '-33.0161740', '-66.2920460', 19),
(3386, 'VILLA DE PRAGA', '-32.5339640', '-65.6477040', 19),
(3387, 'VILLA DEL CARMEN', '-32.9411270', '-65.0394660', 19),
(3388, 'VILLA GENERAL ROCA', '-32.6661930', '-66.4524010', 19),
(3389, 'VILLA LARCA', '-32.6175430', '-64.9809090', 19),
(3390, 'VILLA MERCEDES', '-33.6773700', '-65.4731430', 19),
(3391, 'VILLA SALLES', '-33.8429280', '-65.2147610', 19),
(3392, 'ZANJITAS', '-33.8022750', '-66.4154630', 19),
(3393, 'SE DESCONOCE', '0.0000000', '0.0000000', 20),
(3394, 'BAJO CARACOLES', '-47.4461490', '-70.9285160', 20),
(3395, 'CALETA OLIVIA', '-46.4459490', '-67.5251560', 20),
(3396, 'CA?ADON SECO', '-46.5588460', '-67.6168560', 20),
(3397, 'COMANDANTE LUIS PIEDRABUENA', '-49.9859910', '-68.9130820', 20),
(3398, 'EL CALAFATE', '-50.3373210', '-72.2619950', 20),
(3399, 'EL CHALTEN', '-49.3319730', '-72.8916270', 20),
(3400, 'EL TURBIO', '-51.6805340', '-72.0874860', 20),
(3401, 'FITZ ROY', '-47.0257940', '-67.2542860', 20),
(3402, 'GOBERNADOR GREGORES', '-48.7521220', '-70.2442040', 20),
(3403, 'HIPOLITO YRIGOYEN', '-47.5667810', '-71.7434760', 20),
(3404, 'JARAMILLO', '-47.1847030', '-67.1455820', 20),
(3405, 'JULIA DUFOUR', '-51.5406110', '-72.2398970', 20),
(3406, 'KOLUEL KAIKE', '-46.7168270', '-68.2279610', 20),
(3407, 'LAS HERAS', '-46.5424550', '-68.9341770', 20),
(3408, 'LOS ANTIGUOS', '-46.5487480', '-71.6274840', 20),
(3409, 'MINA 3', '-51.5487660', '-72.2333910', 20),
(3410, 'PERITO MORENO', '-46.5921420', '-70.9257280', 20),
(3411, 'PICO TRUNCADO', '-46.7938980', '-67.9575700', 20),
(3412, 'PUERTO DESEADO', '-47.7514650', '-65.9012040', 20),
(3413, 'PUERTO SAN JULIAN', '-49.3077040', '-67.7319700', 20),
(3414, 'PUERTO SANTA CRUZ', '-50.0171890', '-68.5248250', 20),
(3415, 'RIO GALLEGOS', '-51.6214350', '-69.2290510', 20),
(3416, 'ROSPENTEK', '-51.6639330', '-72.1426990', 20),
(3417, 'TELLIER', '-47.6487690', '-66.0446360', 20),
(3418, 'TRES LAGOS', '-49.5990150', '-71.4458020', 20),
(3419, 'YACIMIENTOS RIO TURBIO', '-51.5328380', '-72.3341030', 20),
(3420, 'SE DESCONOCE', '0.0000000', '0.0000000', 21),
(3421, 'AARON CASTELLANOS', '-34.3345320', '-62.3748010', 21),
(3422, 'ACEBAL', '-33.2436510', '-60.8371950', 21),
(3423, 'AGUARA GRANDE', '-30.1093090', '-60.9437540', 21),
(3424, 'ALBARELLOS', '-33.2413030', '-60.6365750', 21),
(3425, 'ALCORTA', '-33.5401980', '-61.1246340', 21),
(3426, 'ALDAO', '-30.9823470', '-61.7439870', 21),
(3427, 'ALDAO', '-32.7069850', '-60.8179520', 21),
(3428, 'ALEJANDRA', '-29.9103570', '-59.8281610', 21),
(3429, 'ALVAREZ', '-33.1306250', '-60.8039630', 21),
(3430, 'ALVEAR', '-33.0614580', '-60.6159770', 21),
(3431, 'AMBROSETTI', '-30.0170000', '-61.5765790', 21),
(3432, 'AMENABAR', '-34.1361180', '-62.4229080', 21),
(3433, 'ANGEL GALLARDO', '-31.5551880', '-60.6783110', 21),
(3434, 'ANGELICA', '-31.5526330', '-61.5462650', 21),
(3435, 'ANGELONI', '-30.8575180', '-60.6486100', 21),
(3436, 'ARBILLA', '-33.0919520', '-60.6993160', 21),
(3437, 'AREQUITO', '-33.1483010', '-61.4713350', 21),
(3438, 'ARMINDA', '-33.2658620', '-60.9669190', 21),
(3439, 'ARMSTRONG', '-32.7846560', '-61.6054820', 21),
(3440, 'AROCENA', '-32.0800270', '-60.9770050', 21),
(3441, 'ARROYO AGUIAR', '-31.4322200', '-60.6676590', 21),
(3442, 'ARROYO CEIBAL', '-28.7250870', '-59.4804160', 21),
(3443, 'ARROYO LEYES', '-31.5577010', '-60.5166670', 21),
(3444, 'ARROYO SECO', '-33.1560230', '-60.5101310', 21),
(3445, 'ARRUFO', '-30.2341500', '-61.7285810', 21),
(3446, 'ARTEAGA', '-33.0911310', '-61.7917110', 21),
(3447, 'ATALIVA', '-30.9981190', '-61.4325190', 21),
(3448, 'AURELIA', '-31.4236020', '-61.4244710', 21),
(3449, 'AVELLANEDA', '-29.1193660', '-59.6592510', 21),
(3450, 'BALNEARIO LA VERDE', '-29.9827370', '-61.2428660', 21),
(3451, 'BALNEARIO MONJE', '-32.3349560', '-60.8760520', 21),
(3452, 'BARRANCAS', '-32.2366360', '-60.9827400', 21),
(3453, 'BARRIO ARROYO DEL MEDIO', '-33.2860670', '-60.2720980', 21),
(3454, 'BARRIO CAIMA', '-31.8320800', '-60.8719650', 21),
(3455, 'BARRIO CICARELLI', '-32.6103780', '-61.3244410', 21),
(3456, 'BARRIO EL PACAA - BARRIO COMIPINI', '-32.1313360', '-60.9282690', 21),
(3457, 'BARRIO MITRE', '-33.2555950', '-60.3897760', 21),
(3458, 'BARRIOS ACAPULCO Y VERACRUZ', '-31.4192520', '-62.0591460', 21),
(3459, 'BAUER Y SIGEL', '-31.2731230', '-61.9448850', 21),
(3460, 'BELLA ITALIA', '-31.2839800', '-61.4093430', 21),
(3461, 'BERAVEBU', '-33.3414150', '-61.8622810', 21),
(3462, 'BERNA', '-29.2752680', '-59.8472220', 21),
(3463, 'BERNARDO DE IRIGOYEN', '-32.1709310', '-61.1572750', 21),
(3464, 'BIGAND', '-33.3761180', '-61.1855010', 21),
(3465, 'BOMBAL', '-33.4600620', '-61.3189320', 21),
(3466, 'BOUQUET', '-32.4248000', '-61.8903350', 21),
(3467, 'BUSTINZA', '-32.7399960', '-61.2915870', 21),
(3468, 'CABAL', '-31.1039910', '-60.7271530', 21),
(3469, 'CACIQUE ARIACAIQUIN', '-30.6581360', '-60.2307360', 21),
(3470, 'CAFFERATA', '-33.4414160', '-62.0868710', 21),
(3471, 'CALCHAQUI', '-29.8905440', '-60.2857380', 21),
(3472, 'CAMPO ANDINO', '-31.2410700', '-60.5311890', 21),
(3473, 'CANDIOTI', '-31.3995240', '-60.7491150', 21),
(3474, 'CA?ADA DE GOMEZ', '-32.8166870', '-61.3899660', 21),
(3475, 'CA?ADA DEL UCLE', '-33.4103440', '-61.6070430', 21),
(3476, 'CA?ADA OMBU', '-28.3108300', '-59.9837170', 21),
(3477, 'CA?ADA RICA', '-33.5174180', '-60.6132970', 21),
(3478, 'CA?ADA ROSQUIN', '-32.0562930', '-61.6025430', 21),
(3479, 'CAPITAN BERMUDEZ', '-32.8282350', '-60.7168210', 21),
(3480, 'CAPIVARA', '-30.4615030', '-61.2722740', 21),
(3481, 'CARCARA?A', '-32.8588280', '-61.1523500', 21),
(3482, 'CARLOS PELLEGRINI', '-32.0526640', '-61.7889500', 21),
(3483, 'CARMEN', '-33.7327790', '-61.7609270', 21),
(3484, 'CARMEN DEL SAUCE', '-33.2376880', '-60.8118680', 21),
(3485, 'CARRERAS', '-33.5982830', '-61.3117680', 21),
(3486, 'CARRIZALES', '-32.5112870', '-61.0305150', 21),
(3487, 'CASALEGNO', '-32.2638310', '-61.1261490', 21),
(3488, 'CASAS', '-32.1279980', '-61.5421280', 21),
(3489, 'CASILDA', '-33.0424960', '-61.1693310', 21),
(3490, 'CASTELAR', '-31.6691690', '-62.0899870', 21),
(3491, 'CASTELLANOS', '-31.2085400', '-61.7255960', 21),
(3492, 'CAVOUR', '-31.3666330', '-61.0172250', 21),
(3493, 'CAYASTA', '-31.2023250', '-60.1614500', 21),
(3494, 'CAYASTACITO', '-31.1150070', '-60.5814000', 21),
(3495, 'CENTENO', '-32.2980240', '-61.4107240', 21),
(3496, 'CEPEDA', '-33.3984210', '-60.6241110', 21),
(3497, 'CERES', '-29.8823370', '-61.9452370', 21),
(3498, 'CHABAS', '-33.2470670', '-61.3575940', 21),
(3499, 'CHA?AR LADEADO', '-33.3258410', '-62.0386500', 21),
(3500, 'CHAPUY', '-33.8005300', '-61.7440180', 21),
(3501, 'CHOVET', '-33.6007830', '-61.6046650', 21),
(3502, 'CHRISTOPHERSEN', '-34.1846190', '-62.0235320', 21),
(3503, 'CLASSON', '-32.4634200', '-61.2910430', 21),
(3504, 'COLMENA', '-28.7658190', '-60.0880420', 21),
(3505, 'COLONIA ANA', '-30.1450000', '-61.9147920', 21),
(3506, 'COLONIA BELGRANO', '-31.9118940', '-61.4023840', 21),
(3507, 'COLONIA BICHA', '-30.8557810', '-61.8509150', 21),
(3508, 'COLONIA BOSSI', '-30.6691250', '-61.7896030', 21),
(3509, 'COLONIA CELLO', '-31.4338500', '-61.8417020', 21),
(3510, 'COLONIA DOLORES', '-30.3836830', '-60.3307250', 21),
(3511, 'COLONIA DURAN', '-29.5607540', '-59.9270690', 21),
(3512, 'COLONIA MARGARITA', '-31.6868330', '-61.6492970', 21),
(3513, 'COLONIA MEDICI', '-32.5988900', '-61.3767120', 21),
(3514, 'COLONIA RAQUEL', '-30.8392240', '-61.4897110', 21),
(3515, 'COLONIA ROSA', '-30.3022790', '-61.9844910', 21),
(3516, 'CONSTANZA', '-30.6646340', '-61.3207550', 21),
(3517, 'CORONDA', '-31.9756470', '-60.9201340', 21),
(3518, 'CORONEL ARNOLD', '-33.1066180', '-60.9665020', 21),
(3519, 'CORONEL BOGADO', '-33.3175120', '-60.6036350', 21),
(3520, 'CORONEL FRAGA', '-31.1761590', '-61.9194620', 21),
(3521, 'CORONEL RODOLFO S. DOMINGUEZ', '-33.1854760', '-60.7228630', 21),
(3522, 'CORREA', '-32.8494610', '-61.2545570', 21),
(3523, 'CRISPI', '-31.7417250', '-62.0378770', 21),
(3524, 'CUATRO ESQUINAS', '-33.2466230', '-60.7649740', 21),
(3525, 'CULULU', '-31.2053110', '-60.9314000', 21),
(3526, 'CURUPAYTI', '-30.3979120', '-61.6518040', 21),
(3527, 'DESVIO ARIJON', '-31.8727390', '-60.8896990', 21),
(3528, 'DIAZ', '-32.3750590', '-61.0914430', 21),
(3529, 'DIEGO DE ALVEAR', '-34.3743430', '-62.1289270', 21),
(3530, 'EGUSQUIZA', '-31.0976250', '-61.6283120', 21),
(3531, 'EL ARAZA', '-29.1334940', '-59.9473150', 21),
(3532, 'EL CARAMELO', '-33.1288730', '-60.7130390', 21),
(3533, 'EL RABON', '-28.2302080', '-59.2639840', 21),
(3534, 'EL TREBOL', '-32.2030240', '-61.7028940', 21),
(3535, 'ELISA', '-30.6980800', '-61.0487590', 21),
(3536, 'ELORTONDO', '-33.7016560', '-61.6163730', 21),
(3537, 'EMILIA', '-31.0610950', '-60.7464380', 21),
(3538, 'EMPALME SAN CARLOS', '-31.5487780', '-60.8127220', 21),
(3539, 'EMPALME VILLA CONSTITUCION', '-33.2628630', '-60.3804640', 21),
(3540, 'ESMERALDA', '-31.6178590', '-61.9329260', 21),
(3541, 'ESPERANZA', '-31.4505970', '-60.9310070', 21),
(3542, 'ESTACION CLUCELLAS', '-31.5241690', '-61.7206460', 21),
(3543, 'ESTACION PRESIDENTE ROCA', '-31.2319180', '-61.6101080', 21),
(3544, 'ESTACION SAGUIER', '-31.3174600', '-61.6940030', 21),
(3545, 'ESTEBAN RAMS', '-29.7726720', '-61.4881510', 21),
(3546, 'ESTHER', '-31.0434860', '-60.6448660', 21),
(3547, 'EUSEBIA Y CAROLINA', '-30.9476140', '-61.8577740', 21),
(3548, 'EUSTOLIA', '-31.5777450', '-61.7836660', 21),
(3549, 'FELICIA', '-31.2463940', '-61.2128820', 21),
(3550, 'FIGHIERA', '-33.1950190', '-60.4706040', 21),
(3551, 'FIRMAT', '-33.4580500', '-61.4914530', 21),
(3552, 'FIRMAT', '-33.4410240', '-61.4731430', 21),
(3553, 'FLORENCIA', '-28.0427360', '-59.2187470', 21),
(3554, 'FORTIN OLMOS', '-29.0560210', '-60.4143950', 21),
(3555, 'FRANCK', '-31.5888740', '-60.9388950', 21),
(3556, 'FRAY LUIS BELTRAN', '-32.7855580', '-60.7291240', 21),
(3557, 'FRONTERA', '-31.4313990', '-62.0634920', 21),
(3558, 'FUENTES', '-33.1744420', '-61.0750540', 21),
(3559, 'FUNES', '-32.9227830', '-60.8121800', 21),
(3560, 'GABOTO', '-32.4343760', '-60.8185390', 21),
(3561, 'GALVEZ', '-32.0326460', '-61.2199610', 21),
(3562, 'GARABATO', '-28.9553450', '-60.1384380', 21),
(3563, 'GARIBALDI', '-31.6520280', '-61.8053910', 21),
(3564, 'GATO COLORADO', '-28.0245790', '-61.1879370', 21),
(3565, 'GENERAL GELLY', '-33.6018430', '-60.5989380', 21),
(3566, 'GENERAL LAGOS', '-33.1121590', '-60.5665740', 21),
(3567, 'GESSLER', '-31.8770450', '-61.1288370', 21),
(3568, 'GOBERNADOR CRESPO', '-30.3648350', '-60.4011680', 21),
(3569, 'GODEKEN', '-33.4024060', '-61.8449310', 21),
(3570, 'GODOY', '-33.3697100', '-60.5094130', 21),
(3571, 'GOLONDRINA', '-28.5588710', '-60.0251920', 21),
(3572, 'GRANADERO BAIGORRIA', '-32.8613640', '-60.7062160', 21),
(3573, 'GREGORIA PEREZ DE DENIS', '-28.2296230', '-61.5297530', 21),
(3574, 'GRUTLY', '-31.2705030', '-61.0727540', 21),
(3575, 'GUADALUPE NORTE', '-28.9453020', '-59.5634150', 21),
(3576, 'HELVECIA', '-31.0992710', '-60.0881510', 21),
(3577, 'HERSILIA', '-30.0056770', '-61.8396470', 21),
(3578, 'HIPATIA', '-31.1282520', '-61.0327680', 21),
(3579, 'HUANQUEROS', '-30.0136750', '-61.2192950', 21),
(3580, 'HUGHES', '-33.8028560', '-61.3358030', 21),
(3581, 'HUMBERTO PRIMO', '-30.8702090', '-61.3485900', 21),
(3582, 'HUMBOLDT', '-31.4009210', '-61.0825520', 21),
(3583, 'IBARLUCEA', '-32.8512560', '-60.7884940', 21),
(3584, 'INGENIERO CHANOURDIE', '-28.7598140', '-59.5772320', 21),
(3585, 'INTIYACO', '-28.6779250', '-60.0724680', 21),
(3586, 'IRIGOYEN', '-32.1607730', '-61.1104260', 21),
(3587, 'JACINTO L. ARAUZ', '-30.7370340', '-60.9759510', 21),
(3588, 'JOSEFINA', '-31.4079690', '-61.9921850', 21),
(3589, 'JUAN B. MOLINA', '-33.4960210', '-60.5122130', 21),
(3590, 'JUNCAL', '-33.7176150', '-61.0500180', 21),
(3591, 'KILOMETRO 101', '-33.0605850', '-60.6856440', 21),
(3592, 'KILOMETRO 115', '-28.8247510', '-60.2256040', 21),
(3593, 'LA BRAVA', '-30.4477830', '-60.1409360', 21),
(3594, 'LA CABRAL', '-30.0876440', '-61.1797070', 21),
(3595, 'LA CHISPA', '-33.5446700', '-61.9736320', 21),
(3596, 'LA CRIOLLA', '-30.2261580', '-60.3664970', 21),
(3597, 'LA GALLARETA', '-29.5854890', '-60.3799390', 21),
(3598, 'LA ISLETA', '-28.4939360', '-59.2950750', 21),
(3599, 'LA LUCILA', '-30.4196640', '-61.0033070', 21),
(3600, 'LA PELADA', '-30.8679480', '-60.9718120', 21),
(3601, 'LA PENCA Y CARAGUATA', '-30.3484960', '-60.5217850', 21),
(3602, 'LA RUBIA', '-30.1113970', '-61.7927610', 21),
(3603, 'LA SARITA', '-28.9728530', '-59.8484990', 21),
(3604, 'LA VANGUARDIA', '-33.3596260', '-60.6584570', 21),
(3605, 'LABORDEBOY', '-33.7196530', '-61.3149210', 21),
(3606, 'LAGUNA PAIVA', '-31.3092620', '-60.6607820', 21),
(3607, 'LANDETA', '-32.0138150', '-62.0611770', 21),
(3608, 'LANTERI', '-28.8429710', '-59.6379290', 21),
(3609, 'LARGUIA', '-32.5539810', '-61.2198000', 21),
(3610, 'LARRECHEA', '-31.9361310', '-61.0477170', 21),
(3611, 'LAS AVISPAS', '-29.8953130', '-61.2911990', 21),
(3612, 'LAS BANDURRIAS', '-32.1991900', '-61.4927940', 21),
(3613, 'LAS GARZAS', '-28.8490100', '-59.5005780', 21),
(3614, 'LAS PALMERAS', '-30.6326350', '-61.6277230', 21),
(3615, 'LAS PAREJAS', '-32.6826840', '-61.5185800', 21);
INSERT INTO `ciudades` (`id`, `localidad_nombre`, `latitud`, `longitud`, `idPcia`) VALUES
(3616, 'LAS PETACAS', '-31.8247280', '-62.1089910', 21),
(3617, 'LAS ROSAS', '-32.4785770', '-61.5748040', 21),
(3618, 'LAS TOSCAS', '-28.3540750', '-59.2595520', 21),
(3619, 'LAS TUNAS', '-31.5722370', '-60.9959290', 21),
(3620, 'LAZZARINO', '-34.1663300', '-62.4280380', 21),
(3621, 'LEHMANN', '-31.1272470', '-61.4529570', 21),
(3622, 'LLAMBI CAMPBELL', '-31.1862570', '-60.7484790', 21),
(3623, 'LOGRO?O', '-29.5042810', '-61.6967330', 21),
(3624, 'LOMA ALTA', '-31.9614430', '-61.1783800', 21),
(3625, 'LOPEZ', '-31.9069670', '-61.2799300', 21),
(3626, 'LOS AMORES', '-28.1063720', '-59.9786650', 21),
(3627, 'LOS CARDOS', '-32.3243030', '-61.6321110', 21),
(3628, 'LOS LAURELES', '-29.3701210', '-59.7378680', 21),
(3629, 'LOS MOLINOS', '-33.1054900', '-61.3265020', 21),
(3630, 'LOS MUCHACHOS - LA ALBORADA', '-33.0915730', '-60.7354250', 21),
(3631, 'LOS NOGALES', '-33.1430060', '-61.6066130', 21),
(3632, 'LOS QUIRQUINCHOS', '-33.3769920', '-61.7121940', 21),
(3633, 'LOS ZAPALLOS', '-31.4956370', '-60.4286470', 21),
(3634, 'LUCIO  V. LOPEZ', '-32.7147300', '-61.0226070', 21),
(3635, 'LUIS PALACIOS', '-32.7848700', '-60.9076380', 21),
(3636, 'MACIEL', '-32.4587650', '-60.8931130', 21),
(3637, 'MAGGIOLO', '-33.7244240', '-62.2478390', 21),
(3638, 'MALABRIGO', '-29.3506760', '-59.9705880', 21),
(3639, 'MARCELINO ESCALADA', '-30.5819490', '-60.4693860', 21),
(3640, 'MARGARITA', '-29.6910880', '-60.2524650', 21),
(3641, 'MARIA JUANA', '-31.6766280', '-61.7536010', 21),
(3642, 'MARIA LUISA', '-31.0126440', '-60.9114330', 21),
(3643, 'MARIA SUSANA', '-32.2654860', '-61.9010250', 21),
(3644, 'MARIA TERESA', '-34.0062850', '-61.9004400', 21),
(3645, 'MATILDE', '-31.7932160', '-60.9818060', 21),
(3646, 'MAXIMO PAZ', '-33.4851440', '-60.9567890', 21),
(3647, 'MELINCUE', '-33.6619140', '-61.4576890', 21),
(3648, 'MIGUEL TORRES', '-33.5299500', '-61.4662070', 21),
(3649, 'MOISES VILLE', '-30.7182010', '-61.4691400', 21),
(3650, 'MONIGOTES', '-30.4901360', '-61.6348220', 21),
(3651, 'MONJE', '-32.3587360', '-60.9429040', 21),
(3652, 'MONTE FLORES', '-33.0800070', '-60.6355230', 21),
(3653, 'MONTE VERA', '-31.5184860', '-60.6781000', 21),
(3654, 'MONTEFIORE', '-29.6678700', '-61.8671080', 21),
(3655, 'MONTES DE OCA', '-32.5679970', '-61.7680760', 21),
(3656, 'MURPHY', '-33.6428620', '-61.8577970', 21),
(3657, 'NARE', '-30.9510760', '-60.4682100', 21),
(3658, 'NELSON', '-31.2670750', '-60.7621360', 21),
(3659, 'NUEVA LEHMANN', '-31.1189050', '-61.5151980', 21),
(3660, 'NUEVO TORINO', '-31.3468820', '-61.2357260', 21),
(3661, '?ANDUCITA', '-30.3724600', '-61.1326020', 21),
(3662, 'OLIVEROS', '-32.5758220', '-60.8553520', 21),
(3663, 'PALACIOS', '-30.7106690', '-61.6236950', 21),
(3664, 'PARAJE 29', '-29.1097650', '-60.2391300', 21),
(3665, 'PARAJE CHACO CHICO', '-31.5673000', '-60.6617470', 21),
(3666, 'PARAJE LA COSTA', '-31.5177970', '-60.6115160', 21),
(3667, 'PARAJE SAN MANUEL', '-28.8716620', '-59.8656040', 21),
(3668, 'PAVON', '-33.2430750', '-60.4062760', 21),
(3669, 'PAVON ARRIBA', '-33.3134170', '-60.8249760', 21),
(3670, 'PEDRO GOMEZ CELLO', '-30.0384740', '-60.3152430', 21),
(3671, 'PEREZ', '-32.9988110', '-60.7721590', 21),
(3672, 'PEYRANO', '-33.5411380', '-60.8043300', 21),
(3673, 'PIAMONTE', '-32.1458670', '-61.9811200', 21),
(3674, 'PILAR', '-31.4420160', '-61.2600250', 21),
(3675, 'PI?ERO', '-33.1112070', '-60.7964960', 21),
(3676, 'PLAZA CLUCELLAS', '-31.4545510', '-61.7074760', 21),
(3677, 'PLAZA MATILDE', '-31.7974830', '-61.0111680', 21),
(3678, 'PLAZA SAGUIER', '-31.3251050', '-61.6777370', 21),
(3679, 'POZO BORRADO', '-28.9399420', '-61.7056000', 21),
(3680, 'POZO DE LOS INDIOS', '-28.9451310', '-60.2520040', 21),
(3681, 'PRESIDENTE ROCA', '-31.2296980', '-61.6101040', 21),
(3682, 'PROGRESO', '-31.1397690', '-60.9902540', 21),
(3683, 'PROVIDENCIA', '-30.9845870', '-61.0218280', 21),
(3684, 'PUEBLO ANDINO', '-32.6717910', '-60.8761810', 21),
(3685, 'PUEBLO ESTHER', '-33.0730970', '-60.5789200', 21),
(3686, 'PUEBLO MARINI', '-31.0409750', '-61.8898830', 21),
(3687, 'PUEBLO MU?OZ', '-33.1744830', '-60.8971400', 21),
(3688, 'PUEBLO SANTA LUCIA', '-29.2838160', '-60.4038560', 21),
(3689, 'PUEBLO URANGA', '-33.2645300', '-60.7083350', 21),
(3690, 'PUERTO ARAGON', '-32.2447220', '-60.9239840', 21),
(3691, 'PUERTO ARROYO SECO', '-33.1315110', '-60.5078880', 21),
(3692, 'PUERTO GENERAL SAN MARTIN', '-32.7190030', '-60.7334930', 21),
(3693, 'PUERTO RECONQUISTA', '-29.2349870', '-59.5802690', 21),
(3694, 'PUJATO', '-33.0195730', '-61.0438320', 21),
(3695, 'RAFAELA', '-31.2482480', '-61.4998120', 21),
(3696, 'RAMAYON', '-30.6758150', '-60.4995550', 21),
(3697, 'RAMONA', '-31.0937040', '-61.9032320', 21),
(3698, 'RECONQUISTA', '-29.1451470', '-59.6510730', 21),
(3699, 'RECREO', '-31.4935810', '-60.7354110', 21),
(3700, 'RICARDONE', '-32.7736810', '-60.7869280', 21),
(3701, 'RINCON NORTE', '-31.5644330', '-60.4149550', 21),
(3702, 'RINCON POTRERO', '-31.5286180', '-60.4756660', 21),
(3703, 'ROLDAN', '-32.9023880', '-60.9108830', 21),
(3704, 'ROMANG', '-29.5018290', '-59.7485930', 21),
(3705, 'ROSARIO', '-32.9538140', '-60.6515380', 21),
(3706, 'RUEDA', '-33.3358550', '-60.4608740', 21),
(3707, 'RUFINO', '-34.2636100', '-62.7117040', 21),
(3708, 'SA PEREYRA', '-31.5721510', '-61.3782230', 21),
(3709, 'SALADERO MARIANO CABAL', '-30.9229850', '-60.0481150', 21),
(3710, 'SALTO GRANDE', '-32.6680220', '-61.0890490', 21),
(3711, 'SAN AGUSTIN', '-31.6847780', '-60.9413150', 21),
(3712, 'SAN ANTONIO', '-31.2128130', '-61.7257200', 21),
(3713, 'SAN ANTONIO DE OBLIGADO', '-28.3823470', '-59.2645740', 21),
(3714, 'SAN BERNARDO', '-28.6300340', '-61.5069220', 21),
(3715, 'SAN BERNARDO', '-30.8905400', '-60.5751460', 21),
(3716, 'SAN CARLOS CENTRO', '-31.7284180', '-61.0913960', 21),
(3717, 'SAN CARLOS NORTE', '-31.6743110', '-61.0762590', 21),
(3718, 'SAN CARLOS SUD', '-31.7575950', '-61.1007510', 21),
(3719, 'SAN CRISTOBAL', '-30.3116870', '-61.2386440', 21),
(3720, 'SAN EDUARDO', '-33.8723970', '-62.0917160', 21),
(3721, 'SAN EUGENIO', '-32.0768950', '-61.1174230', 21),
(3722, 'SAN FABIAN', '-32.1383720', '-60.9832660', 21),
(3723, 'SAN FRANCISCO DE SANTA FE', '-33.5905400', '-62.1244690', 21),
(3724, 'SAN GENARO', '-32.3735380', '-61.3606570', 21),
(3725, 'SAN GENARO NORTE', '-32.3658070', '-61.3401800', 21),
(3726, 'SAN GREGORIO', '-34.3265190', '-62.0379530', 21),
(3727, 'SAN GUILLERMO', '-30.3602100', '-61.9178270', 21),
(3728, 'SAN JAVIER', '-30.5822070', '-59.9313990', 21),
(3729, 'SAN JERONIMO DEL SAUCE', '-31.6112120', '-61.1425180', 21),
(3730, 'SAN JERONIMO NORTE', '-31.5545320', '-61.0785140', 21),
(3731, 'SAN JERONIMO SUD', '-32.8787350', '-61.0243900', 21),
(3732, 'SAN JORGE', '-31.8980040', '-61.8603290', 21),
(3733, 'SAN JOSE DE LA ESQUINA', '-33.1140490', '-61.7033120', 21),
(3734, 'SAN JOSE DEL RINCON', '-31.6061470', '-60.5696320', 21),
(3735, 'SAN JUSTO', '-30.7908670', '-60.5940370', 21),
(3736, 'SAN LORENZO', '-32.7523070', '-60.7356210', 21),
(3737, 'SAN MARIANO', '-31.6702110', '-61.3480210', 21),
(3738, 'SAN MARTIN DE LAS ESCOBAS', '-31.8596740', '-61.5702160', 21),
(3739, 'SAN MARTIN NORTE', '-30.3493000', '-60.3040550', 21),
(3740, 'SAN VICENTE', '-31.6999510', '-61.5688420', 21),
(3741, 'SANCTI SPIRITU', '-34.0095290', '-62.2424500', 21),
(3742, 'SANFORD', '-33.1477730', '-61.2778570', 21),
(3743, 'SANTA CLARA DE BUENA VISTA', '-31.7657960', '-61.3210240', 21),
(3744, 'SANTA CLARA DE SAGUIER', '-31.3373590', '-61.8181780', 21),
(3745, 'SANTA FE', '-31.6451650', '-60.7093150', 21),
(3746, 'SANTA ISABEL', '-33.8894890', '-61.6965910', 21),
(3747, 'SANTA MARGARITA', '-28.3149550', '-61.5503300', 21),
(3748, 'SANTA ROSA DE CALCHINES', '-31.4223660', '-60.3348940', 21),
(3749, 'SANTA TERESA', '-33.4385470', '-60.7911540', 21),
(3750, 'SANTO DOMINGO', '-31.1222770', '-60.8888850', 21),
(3751, 'SANTO TOME', '-31.6648420', '-60.7626400', 21),
(3752, 'SANTURCE', '-30.1866450', '-61.1785280', 21),
(3753, 'SARGENTO CABRAL', '-33.4330130', '-60.6301910', 21),
(3754, 'SARMIENTO', '-31.0606020', '-61.1678900', 21),
(3755, 'SASTRE', '-31.7695330', '-61.8294530', 21),
(3756, 'SAUCE VIEJO', '-31.7630680', '-60.8898610', 21),
(3757, 'SERODINO', '-32.6055740', '-60.9481760', 21),
(3758, 'SILVA', '-30.4486400', '-60.4300700', 21),
(3759, 'SOLDINI', '-33.0239870', '-60.7561880', 21),
(3760, 'SOLEDAD', '-30.6225540', '-60.9166110', 21),
(3761, 'STEPHENSON', '-33.4178570', '-60.5572140', 21),
(3762, 'SUARDI', '-30.5361450', '-61.9616810', 21),
(3763, 'SUNCHALES', '-30.9468560', '-61.5612500', 21),
(3764, 'SUSANA', '-31.3575960', '-61.5164390', 21),
(3765, 'TACUARENDI', '-28.4202060', '-59.2556740', 21),
(3766, 'TACURAL', '-30.8481070', '-61.5924020', 21),
(3767, 'TARTAGAL', '-28.6722100', '-59.8468200', 21),
(3768, 'TEODELINA', '-34.1916130', '-61.5272260', 21),
(3769, 'THEOBALD', '-33.3122170', '-60.3120510', 21),
(3770, 'TIMBUES', '-32.6696250', '-60.7943550', 21),
(3771, 'TOBA', '-29.2675880', '-60.1726560', 21),
(3772, 'TORTUGAS', '-32.7482980', '-61.8203360', 21),
(3773, 'TOSTADO', '-29.2344730', '-61.7719820', 21),
(3774, 'TOTORAS', '-32.5863520', '-61.1673290', 21),
(3775, 'TRAILL', '-31.9225990', '-61.7024470', 21),
(3776, 'VENADO TUERTO', '-33.7473150', '-61.9695360', 21),
(3777, 'VERA', '-29.4629200', '-60.2133480', 21),
(3778, 'VERA Y PINTADO', '-30.1436430', '-60.3373530', 21),
(3779, 'VIDELA', '-30.9465030', '-60.6564410', 21),
(3780, 'VILA', '-31.1923710', '-61.8336140', 21),
(3781, 'VILLA ADELINA', '-31.7077600', '-60.7883380', 21),
(3782, 'VILLA AMELIA', '-33.1771930', '-60.6677300', 21),
(3783, 'VILLA ANA', '-28.4933210', '-59.6141210', 21),
(3784, 'VILLA CA?AS', '-34.0061340', '-61.6063880', 21),
(3785, 'VILLA CONSTITUCION', '-33.2324130', '-60.3324990', 21),
(3786, 'VILLA DEL PLATA', '-33.1271770', '-60.7090280', 21),
(3787, 'VILLA ELOISA', '-32.9643240', '-61.5478330', 21),
(3788, 'VILLA ELVIRA', '-32.6429190', '-60.8177100', 21),
(3789, 'VILLA GOBERNADOR GALVEZ', '-33.0224080', '-60.6336420', 21),
(3790, 'VILLA GUILLERMINA', '-28.2450750', '-59.4547600', 21),
(3791, 'VILLA JOSEFINA', '-31.4418600', '-62.0297170', 21),
(3792, 'VILLA LA RIVERA - OLIVEROS', '-32.6334310', '-60.8208780', 21),
(3793, 'VILLA LA RIVERA - PUEBLO ANDINO', '-32.6413860', '-60.8234180', 21),
(3794, 'VILLA LAURA', '-31.3738960', '-60.6647180', 21),
(3795, 'VILLA MINETTI', '-28.6247100', '-61.6279860', 21),
(3796, 'VILLA MUGUETA', '-33.3139350', '-61.0570700', 21),
(3797, 'VILLA OCAMPO', '-28.4904510', '-59.3587640', 21),
(3798, 'VILLA SAN JOSE', '-31.3391350', '-61.6225880', 21),
(3799, 'VILLA SARALEGUI', '-30.5427030', '-60.7477100', 21),
(3800, 'VILLA TRINIDAD', '-30.2176460', '-61.8775680', 21),
(3801, 'VILLADA', '-33.3503090', '-61.4460370', 21),
(3802, 'VIRGINIA', '-30.7402530', '-61.3409670', 21),
(3803, 'WHEELWRIGHT', '-33.7942940', '-61.2114410', 21),
(3804, 'WILDERMUTH', '-31.9469900', '-61.4025550', 21),
(3805, 'ZAVALLA', '-33.0215700', '-60.8793030', 21),
(3806, 'ZENON PEREYRA', '-31.5643970', '-61.8984250', 21),
(3807, 'SE DESCONOCE', '0.0000000', '0.0000000', 22),
(3808, 'ABRA GRANDE', '-27.2931340', '-64.3790660', 22),
(3809, 'AEROLITO', '-27.2367910', '-62.3796550', 22),
(3810, 'ALHUAMPA', '-27.1327720', '-62.5491670', 22),
(3811, 'ANCAJAN', '-28.4309060', '-64.9233000', 22),
(3812, 'ANTAJE', '-27.6273170', '-64.2527820', 22),
(3813, 'A?ATUYA', '-28.4645610', '-62.8371550', 22),
(3814, 'ARDILES', '-27.4150070', '-64.5005840', 22),
(3815, 'ARGENTINA', '-29.5347580', '-62.2668040', 22),
(3816, 'ARRAGA', '-28.0530240', '-64.2227940', 22),
(3817, 'AVERIAS', '-28.7471560', '-62.4500330', 22),
(3818, 'BANDERA', '-28.8825050', '-62.2661990', 22),
(3819, 'BANDERA BAJADA', '-27.2724260', '-63.5140110', 22),
(3820, 'BELTRAN', '-27.8315910', '-64.0613790', 22),
(3821, 'BREA POZO', '-28.2433820', '-63.9464100', 22),
(3822, 'CAMPO GALLO', '-26.5815890', '-62.8521380', 22),
(3823, 'CA?ADA ESCOBAR', '-27.7093510', '-64.0345630', 22),
(3824, 'CASARES', '-28.9529390', '-62.8005350', 22),
(3825, 'CASPI CORRAL', '-27.3907600', '-63.5489560', 22),
(3826, 'CHA?AR POZO DE ABAJO', '-27.5668160', '-64.6802360', 22),
(3827, 'CHAUCHILLAS', '-27.5214740', '-64.5558860', 22),
(3828, 'CHAUPI POZO', '-27.5090070', '-64.4230090', 22),
(3829, 'CHILCA JULIANA', '-28.7964590', '-63.5791250', 22),
(3830, 'CHOYA', '-28.4942400', '-64.8563030', 22),
(3831, 'CLODOMIRA', '-27.5762760', '-64.1322400', 22),
(3832, 'COLONIA ALPINA', '-30.0603800', '-62.1051310', 22),
(3833, 'COLONIA DORA', '-28.6031170', '-62.9510730', 22),
(3834, 'COLONIA EL SIMBOLAR', '-27.7226470', '-63.8598770', 22),
(3835, 'COLONIA SAN JUAN', '-27.6175440', '-63.3018780', 22),
(3836, 'COLONIA TINCO', '-27.4319200', '-64.9313040', 22),
(3837, 'CORONEL MANUEL L. RICO', '-26.3836120', '-61.8096460', 22),
(3838, 'CUATRO BOCAS', '-28.8813440', '-61.8646070', 22),
(3839, 'DONADEU', '-26.7266820', '-62.7208020', 22),
(3840, 'EL 49', '-29.0559760', '-63.9559620', 22),
(3841, 'EL ARENAL', '-26.7716730', '-64.6015460', 22),
(3842, 'EL BOBADAL', '-26.7184010', '-64.3982910', 22),
(3843, 'EL CABURE', '-26.0165510', '-62.3330210', 22),
(3844, 'EL CHARCO', '-27.2257680', '-64.7003030', 22),
(3845, 'EL CHARCO', '-27.2348880', '-64.6978220', 22),
(3846, 'EL COLORADO', '-27.9168520', '-62.1779640', 22),
(3847, 'EL CRUCERO', '-27.5779250', '-63.3309310', 22),
(3848, 'EL CUADRADO', '-28.2978510', '-61.8013600', 22),
(3849, 'EL DEAN', '-27.7173430', '-64.3318930', 22),
(3850, 'EL MOJON', '-26.0941780', '-64.3077510', 22),
(3851, 'EL MOJON', '-27.9899320', '-64.2133550', 22),
(3852, 'EL RINCON', '-26.7333690', '-64.4768350', 22),
(3853, 'EL ZANJON', '-27.8750410', '-64.2433910', 22),
(3854, 'ESTACION ATAMISQUI', '-28.4946170', '-63.9414270', 22),
(3855, 'ESTACION LA PUNTA', '-28.4119640', '-64.7564290', 22),
(3856, 'ESTACION ROBLES', '-28.0511950', '-63.9907280', 22),
(3857, 'ESTACION TABOADA', '-28.0088250', '-63.7454950', 22),
(3858, 'ESTACION TACA?ITAS', '-28.6254000', '-62.6050050', 22),
(3859, 'FERNANDEZ', '-27.9241250', '-63.8937760', 22),
(3860, 'FORTIN INCA', '-29.1249940', '-61.9377330', 22),
(3861, 'FRIAS', '-28.6399180', '-65.1306370', 22),
(3862, 'GARZA', '-28.1529580', '-63.5345160', 22),
(3863, 'GRAMILLA', '-27.3020070', '-64.6130860', 22),
(3864, 'GRAMILLA', '-27.2971940', '-64.6107540', 22),
(3865, 'GUARDIA ESCOLTA', '-28.9901980', '-62.1274460', 22),
(3866, 'HASSE', '-27.0720920', '-62.6462010', 22),
(3867, 'HERNAN MEJIA MIRAVAL', '-27.1785920', '-62.4685540', 22),
(3868, 'HERRERA', '-28.4852360', '-63.0697580', 22),
(3869, 'HUYAMAMPA', '-27.3875690', '-64.2962550', 22),
(3870, 'ICA?O', '-28.6784710', '-62.8846260', 22),
(3871, 'INGENIERO FORRES', '-27.8774910', '-63.9791360', 22),
(3872, 'ISCA YACU', '-27.0297710', '-64.6107280', 22),
(3873, 'ISCA YACU SEMAUL', '-27.0332820', '-64.6122140', 22),
(3874, 'KILOMETRO 30', '-27.3845040', '-63.5296770', 22),
(3875, 'LA AURORA', '-27.4964060', '-64.2315610', 22),
(3876, 'LA BANDA', '-27.7339060', '-64.2389610', 22),
(3877, 'LA CA?ADA', '-27.7113500', '-63.7764660', 22),
(3878, 'LA DARSENA', '-27.6984440', '-64.2891590', 22),
(3879, 'LA FIRMEZA', '-25.9734490', '-63.1213350', 22),
(3880, 'LA INVERNADA', '-27.3853380', '-63.4863110', 22),
(3881, 'LA NENA', '-28.4600120', '-61.8401410', 22),
(3882, 'LA NUEVA DONOSA', '-27.4563910', '-64.9277000', 22),
(3883, 'LAPRIDA', '-28.3756320', '-64.5305520', 22),
(3884, 'LAS DELICIAS', '-26.6821240', '-64.0011050', 22),
(3885, 'LAS TINAJAS', '-27.4618190', '-62.9188080', 22),
(3886, 'LAVALLE', '-28.1989650', '-65.1121670', 22),
(3887, 'LIBERTAD', '-27.0762150', '-63.0708910', 22),
(3888, 'LILO VIEJO', '-26.9408020', '-62.9565690', 22),
(3889, 'LOS CARDOZOS', '-27.9125130', '-64.1953800', 22),
(3890, 'LOS JURIES', '-28.4678990', '-62.1097290', 22),
(3891, 'LOS MIRANDA', '-27.4719470', '-64.6159940', 22),
(3892, 'LOS NU?EZ', '-27.5338400', '-64.5310860', 22),
(3893, 'LOS PIRPINTOS', '-26.1336340', '-62.0624000', 22),
(3894, 'LOS QUIROGA', '-27.6541810', '-64.3550860', 22),
(3895, 'LOS SORIA', '-27.6278440', '-64.3665480', 22),
(3896, 'LOS TELARES', '-28.9858790', '-63.4474430', 22),
(3897, 'LOS TIGRES', '-25.9094980', '-62.5920550', 22),
(3898, 'LUGONES', '-28.3346450', '-63.3436020', 22),
(3899, 'MACO', '-27.8684490', '-64.2176850', 22),
(3900, 'MALBRAN', '-29.3480280', '-62.4374720', 22),
(3901, 'MANSUPA', '-27.4611340', '-64.9065550', 22),
(3902, 'MAQUITO', '-27.8830720', '-64.2103650', 22),
(3903, 'MATARA', '-28.1104140', '-63.1950710', 22),
(3904, 'MEDELLIN', '-28.6499390', '-63.7875450', 22),
(3905, 'MINERVA', '-27.5383380', '-63.3844470', 22),
(3906, 'MONTE QUEMADO', '-25.8055240', '-62.8421850', 22),
(3907, 'MORALES', '-27.6811370', '-64.3628120', 22),
(3908, 'NUEVA ESPERANZA', '-26.2029490', '-64.2386860', 22),
(3909, 'NUEVA ESPERANZA', '-26.0338470', '-63.3180060', 22),
(3910, 'NUEVA FRANCIA', '-28.1833430', '-64.1968110', 22),
(3911, 'PALO NEGRO', '-29.6773080', '-62.1374430', 22),
(3912, 'PAMPA DE LOS GUANACOS', '-26.2344070', '-61.8376680', 22),
(3913, 'PATAY', '-26.8432670', '-62.9328920', 22),
(3914, 'POZO BETBEDER', '-26.4117980', '-64.3406020', 22),
(3915, 'POZO HONDO', '-27.1646220', '-64.4833860', 22),
(3916, 'POZUELOS', '-27.3041200', '-64.7530800', 22),
(3917, 'PUEBLO PABLO TORELO', '-27.3309030', '-62.2263990', 22),
(3918, 'PUESTO DE SAN ANTONIO', '-27.6663890', '-64.3770290', 22),
(3919, 'QUIMILI', '-27.6502220', '-62.4162410', 22),
(3920, 'RAMIREZ DE VELAZCO', '-29.2346590', '-63.4745900', 22),
(3921, 'RAPELLI', '-26.3973760', '-64.5044630', 22),
(3922, 'REAL SAYANA', '-28.8166330', '-62.8455340', 22),
(3923, 'RODEO DE VALDEZ', '-27.5527260', '-64.5111170', 22),
(3924, 'ROVERSI', '-27.5934680', '-61.9454400', 22),
(3925, 'SACHAYOJ', '-26.6714340', '-61.8174310', 22),
(3926, 'SAN JOSE DEL BOQUERON', '-26.1204000', '-63.7053350', 22),
(3927, 'SAN PEDRO', '-27.9463560', '-64.1638900', 22),
(3928, 'SAN PEDRO', '-28.4601110', '-64.8665610', 22),
(3929, 'SAN PEDRO', '-27.9573060', '-65.1704510', 22),
(3930, 'SAN PEDRO', '-26.7405310', '-64.3965510', 22),
(3931, 'SANTA MARIA', '-27.9515160', '-64.2196920', 22),
(3932, 'SANTIAGO DEL ESTERO', '-27.7906470', '-64.2622740', 22),
(3933, 'SANTO DOMINGO', '-26.2295350', '-63.7775040', 22),
(3934, 'SANTOS LUGARES', '-26.6920900', '-63.5584890', 22),
(3935, 'SAUZAL', '-27.4916710', '-64.6013990', 22),
(3936, 'SELVA', '-29.7604900', '-62.0525060', 22),
(3937, 'SIMBOL', '-28.1030540', '-64.2130480', 22),
(3938, 'SIMBOLAR', '-27.6504840', '-64.1912420', 22),
(3939, 'SOL DE JULIO', '-29.5623400', '-63.4575920', 22),
(3940, 'SUMAMAO', '-28.1717130', '-64.1010410', 22),
(3941, 'SUMAMPA', '-29.3856770', '-63.4739810', 22),
(3942, 'SUMAMPA VIEJO', '-29.3873860', '-63.4413440', 22),
(3943, 'SUNCHO CORRAL', '-27.9373440', '-63.4286560', 22),
(3944, 'TAPSO', '-28.4037800', '-65.0964320', 22),
(3945, 'TERMAS DE RIO HONDO', '-27.5012560', '-64.8552590', 22),
(3946, 'TINTINA', '-27.0269430', '-62.7014760', 22),
(3947, 'TOMAS YOUNG', '-28.6023460', '-62.1835150', 22),
(3948, 'TRAMO 16', '-27.6966790', '-64.1719810', 22),
(3949, 'TRAMO 20', '-27.7241700', '-64.1199540', 22),
(3950, 'URUTAU', '-25.7123770', '-63.0412760', 22),
(3951, 'VACA HUA?UNA', '-27.4744910', '-63.4699370', 22),
(3952, 'VILELAS', '-27.9593450', '-62.6095800', 22),
(3953, 'VILLA ATAMISQUI', '-28.4939260', '-63.8205160', 22),
(3954, 'VILLA FIGUEROA', '-27.7220220', '-63.5077020', 22),
(3955, 'VILLA GENERAL MITRE', '-29.1446440', '-62.6542000', 22),
(3956, 'VILLA GIMENEZ', '-27.5749900', '-64.4753060', 22),
(3957, 'VILLA LA PUNTA', '-28.3713650', '-64.7921190', 22),
(3958, 'VILLA MAILIN', '-28.4831040', '-63.2790900', 22),
(3959, 'VILLA NUEVA', '-28.3143320', '-63.9957670', 22),
(3960, 'VILLA OJO DE AGUA', '-29.5029030', '-63.6939740', 22),
(3961, 'VILLA RIO HONDO', '-27.5983200', '-64.8739940', 22),
(3962, 'VILLA SALAVINA', '-28.8049330', '-63.4286950', 22),
(3963, 'VILLA SAN MARTIN', '-28.3039640', '-64.1851460', 22),
(3964, 'VILLA SILIPICA', '-28.1105010', '-64.1476920', 22),
(3965, 'VILLA TURISTICA DEL EMBALSE', '-27.5168490', '-64.9027290', 22),
(3966, 'VILLA UNION', '-29.4169970', '-62.7903870', 22),
(3967, 'VILMER', '-27.7878020', '-64.1510010', 22),
(3968, 'VINARA', '-27.3797060', '-64.7967470', 22),
(3969, 'VUELTA DE LA BARRANCA', '-27.8762020', '-64.1878790', 22),
(3970, 'WEISBURD', '-27.3177470', '-62.5883450', 22),
(3971, 'YANDA', '-27.9106240', '-64.2300550', 22),
(3972, 'YUCHAN', '-27.7812830', '-62.9762830', 22),
(3973, 'SE DESCONOCE', '0.0000000', '0.0000000', 23),
(3974, 'LAGUNA ESCONDIDA', '-54.6376860', '-67.7669410', 23),
(3975, 'RIO GRANDE', '-53.7870470', '-67.7132350', 23),
(3976, 'TOLHUIN', '-54.5113870', '-67.1958040', 23),
(3977, 'USHUAIA', '-54.8036400', '-68.3160620', 23),
(3978, 'SE DESCONOCE', '0.0000000', '0.0000000', 24),
(3979, 'ACHERAL', '-27.1207210', '-65.4705650', 24),
(3980, 'AGUILARES', '-27.4298510', '-65.6204070', 24),
(3981, 'ALDERETES', '-26.8220640', '-65.1385920', 24),
(3982, 'ALPACHIRI', '-27.3364640', '-65.7560710', 24),
(3983, 'ALTO VERDE', '-27.3793990', '-65.6079260', 24),
(3984, 'AMAICHA DEL VALLE', '-26.5936380', '-65.9279890', 24),
(3985, 'ARCADIA', '-27.3069480', '-65.5760670', 24),
(3986, 'ATAHONA', '-27.4175000', '-65.2878400', 24),
(3987, 'BANDA DEL RIO SALI', '-26.8438680', '-65.1632840', 24),
(3988, 'BARRIO AEROPUERTO', '-26.8498780', '-65.1293140', 24),
(3989, 'BARRIO ARAUJO', '-26.8418180', '-65.2753560', 24),
(3990, 'BARRIO CASA ROSADA', '-27.0430590', '-65.4291440', 24),
(3991, 'BARRIO EL CRUCE', '-26.7081440', '-65.2200820', 24),
(3992, 'BARRIO LOMAS DE TAFI', '-26.7465810', '-65.2334170', 24),
(3993, 'BARRIO MUTUAL SAN MARTIN', '-26.7180170', '-65.2249110', 24),
(3994, 'BARRIO PARADA 14', '-26.7527990', '-65.2484270', 24),
(3995, 'BARRIO SAN FELIPE', '-26.8749840', '-65.2322260', 24),
(3996, 'BARRIO SAN JORGE', '-26.6843400', '-65.0481350', 24),
(3997, 'BARRIO SAN JOSE III', '-26.7954020', '-65.2653910', 24),
(3998, 'BARRIO U.T.A. II', '-26.7562640', '-65.2390250', 24),
(3999, 'BELLA VISTA', '-27.0310040', '-65.3086380', 24),
(4000, 'CAMPO DE HERRERA', '-27.0256030', '-65.3464720', 24),
(4001, 'CAPITAN CACERES', '-27.1895220', '-65.6039650', 24),
(4002, 'CHOROMORO', '-26.4107460', '-65.3199730', 24),
(4003, 'COLALAO DEL VALLE', '-26.3605360', '-65.9589200', 24),
(4004, 'COLOMBRES', '-26.8835750', '-65.0999410', 24),
(4005, 'COLONIA MAYO - BARRIO LA MILAGROSA', '-26.8339560', '-64.9893800', 24),
(4006, 'CONCEPCION', '-27.3421790', '-65.5985580', 24),
(4007, 'COUNTRY JOCKEY CLUB', '-26.7629680', '-65.3079480', 24),
(4008, 'DIAG. NORTE - LUZ Y FUERZA - LOS POCITOS', '-26.7815250', '-65.2193040', 24),
(4009, 'EL BRACHO', '-26.9921020', '-65.1812450', 24),
(4010, 'EL CADILLAL', '-26.6325440', '-65.2057410', 24),
(4011, 'EL CHA?AR', '-26.7583610', '-65.0693890', 24),
(4012, 'EL CORTE', '-26.8184460', '-65.1556780', 24),
(4013, 'EL MANANTIAL', '-26.8445600', '-65.2856690', 24),
(4014, 'EL MOLLAR', '-26.9392210', '-65.7081540', 24),
(4015, 'EL NARANJO', '-26.6571860', '-65.0483600', 24),
(4016, 'EL PARAISO', '-26.8346470', '-65.0955590', 24),
(4017, 'ESTACION ARAOZ', '-27.0571150', '-64.9218120', 24),
(4018, 'EX INGENIO ESPERANZA', '-26.8440190', '-65.0924760', 24),
(4019, 'EX INGENIO LOS RALOS', '-26.8771000', '-64.9748990', 24),
(4020, 'EX INGENIO LUJAN', '-26.8541670', '-65.0915200', 24),
(4021, 'EX INGENIO NUEVA BAVIERA', '-27.0697370', '-65.3999010', 24),
(4022, 'EX INGENIO SAN JOSE', '-26.7992050', '-65.2646760', 24),
(4023, 'FAMAILLA', '-27.0450460', '-65.3956360', 24),
(4024, 'GARMENDIA', '-26.5736890', '-64.5576860', 24),
(4025, 'GRANEROS', '-27.6485250', '-65.4389220', 24),
(4026, 'ILTICO', '-27.3359620', '-65.6527260', 24),
(4027, 'INGENIO FRONTERITA', '-27.0354710', '-65.4556160', 24),
(4028, 'INGENIO LA FLORIDA', '-26.8167180', '-65.0802670', 24),
(4029, 'INGENIO SAN PABLO', '-26.8739970', '-65.3103500', 24),
(4030, 'INGENIO SANTA BARBARA', '-27.4557980', '-65.6064960', 24),
(4031, 'JUAN BAUTISTA ALBERDI', '-27.5859770', '-65.6208440', 24),
(4032, 'LA COCHA', '-27.7730050', '-65.5864570', 24),
(4033, 'LA FLORIDA', '-26.8190590', '-65.0943210', 24),
(4034, 'LA RAMADA', '-26.6881470', '-64.9464370', 24),
(4035, 'LA REDUCCION', '-26.9601340', '-65.3514730', 24),
(4036, 'LA TRINIDAD', '-27.4134730', '-65.5152310', 24),
(4037, 'LAMADRID', '-27.6466140', '-65.2504930', 24),
(4038, 'LAS CEJAS', '-26.8878170', '-64.7430770', 24),
(4039, 'LASTENIA', '-26.8621610', '-65.1625830', 24),
(4040, 'LOS GUTIERREZ', '-26.8020460', '-65.1258770', 24),
(4041, 'LOS PUESTOS', '-27.2809000', '-65.0190300', 24),
(4042, 'LOS SARMIENTOS', '-27.4137210', '-65.6954400', 24),
(4043, 'LULES', '-26.9239380', '-65.3364020', 24),
(4044, 'MACOMITAS', '-26.7303440', '-65.0113600', 24),
(4045, 'MANUEL GARCIA FERNANDEZ', '-26.9557030', '-65.2720730', 24),
(4046, 'MEDINA', '-27.4188360', '-65.5333450', 24),
(4047, 'MONTEAGUDO', '-27.5109100', '-65.2776930', 24),
(4048, 'MONTEROS', '-27.1674770', '-65.4987770', 24),
(4049, 'NUEVA TRINIDAD', '-27.4845110', '-65.4912510', 24),
(4050, 'PACARA', '-26.8992130', '-65.1492860', 24),
(4051, 'PALA PALA', '-27.0563440', '-65.2181040', 24),
(4052, 'PIEDRABUENA', '-26.7398610', '-64.6493040', 24),
(4053, 'PUEBLO INDEPENDENCIA', '-27.2207850', '-65.5274170', 24),
(4054, 'RANCHILLOS', '-26.9547870', '-65.0483780', 24),
(4055, 'RIO CHICO', '-27.4809960', '-65.6214060', 24),
(4056, 'RIO COLORADO', '-27.1496800', '-65.3560510', 24),
(4057, 'RIO SECO', '-27.2690480', '-65.5593460', 24),
(4058, 'SAN ANDRES', '-26.8884970', '-65.1963400', 24),
(4059, 'SAN JOSE DE LA COCHA', '-27.7315970', '-65.5827600', 24),
(4060, 'SAN MIGUEL DE TUCUMAN', '-26.8290100', '-65.2105440', 24),
(4061, 'SAN PEDRO DE COLALAO', '-26.2357650', '-65.4938520', 24),
(4062, 'SAN ROQUE', '-27.3293620', '-65.5823860', 24),
(4063, 'SANTA ANA', '-27.4722320', '-65.6841680', 24),
(4064, 'SANTA CRUZ', '-27.3865620', '-65.4563890', 24),
(4065, 'SANTA LUCIA', '-27.0930810', '-65.5325620', 24),
(4066, 'SANTA ROSA DE LEALES', '-27.1378930', '-65.2614170', 24),
(4067, 'SARGENTO MOYA', '-27.2278200', '-65.6598560', 24),
(4068, 'SIMOCA', '-27.2624230', '-65.3552890', 24),
(4069, 'SOLDADO MALDONADO', '-27.1423360', '-65.5656820', 24),
(4070, 'TACO RALO', '-27.8350680', '-65.1946020', 24),
(4071, 'TAFI DEL VALLE', '-26.8527980', '-65.7085570', 24),
(4072, 'TAFI VIEJO', '-26.7312680', '-65.2558180', 24),
(4073, 'TENIENTE BERDINA', '-27.0500350', '-65.4875830', 24),
(4074, 'VILLA BELGRANO', '-27.5271410', '-65.6146130', 24),
(4075, 'VILLA BENJAMIN ARAOZ', '-26.5561600', '-64.7983840', 24),
(4076, 'VILLA BURRUYACU', '-26.5003320', '-64.7419940', 24),
(4077, 'VILLA CARMELA', '-26.7677750', '-65.2708440', 24),
(4078, 'VILLA CHICLIGASTA', '-27.4352230', '-65.1635440', 24),
(4079, 'VILLA CLODOMIRO HILERET', '-27.4739470', '-65.6592300', 24),
(4080, 'VILLA DE LEALES', '-27.1942610', '-65.3095560', 24),
(4081, 'VILLA DE TRANCAS', '-26.2307320', '-65.2851660', 24),
(4082, 'VILLA FIAD - INGENIO LEALES', '-27.0677470', '-65.2354490', 24),
(4083, 'VILLA LAS FLORES', '-26.7695780', '-65.2336100', 24),
(4084, 'VILLA MARIANO MORENO - EL COLMENAR', '-26.7759820', '-65.2019700', 24),
(4085, 'VILLA PADRE MONTI', '-26.5064030', '-64.9998990', 24),
(4086, 'VILLA QUINTEROS', '-27.2536710', '-65.5524720', 24),
(4087, 'VILLA RECASTE', '-26.8868080', '-65.0074360', 24),
(4088, 'VILLA TERCERA', '-26.8914690', '-65.0131820', 24),
(4089, 'YERBA BUENA - MARCOS PAZ', '-26.8088450', '-65.3106990', 24);

-- --------------------------------------------------------

--
-- Estructura de tabla para la tabla `convivientes`
--

CREATE TABLE `convivientes` (
  `id` int(11) UNSIGNED NOT NULL,
  `nombre_y_apellido` varchar(100) DEFAULT NULL,
  `edad` int(22) DEFAULT NULL,
  `vinculo_victima` int(11) DEFAULT NULL,
  `vinculo_otro` varchar(60) DEFAULT '0',
  `niveleducativo_id` int(11) DEFAULT NULL,
  `condiciones_de_trabajo` int(11) DEFAULT NULL,
  `idCaso` int(11) DEFAULT NULL,
  `idVictim` int(11) DEFAULT NULL,
  `created_at` timestamp NULL DEFAULT NULL,
  `userID_create` int(11) DEFAULT NULL,
  `updated_at` timestamp NULL DEFAULT NULL,
  `userID_modify` int(11) DEFAULT NULL,
  `activo` int(11) DEFAULT NULL
) ENGINE=InnoDB DEFAULT CHARSET=latin1;

--
-- Volcado de datos para la tabla `convivientes`
--

INSERT INTO `convivientes` (`id`, `nombre_y_apellido`, `edad`, `vinculo_victima`, `vinculo_otro`, `niveleducativo_id`, `condiciones_de_trabajo`, `idCaso`, `idVictim`, `created_at`, `userID_create`, `updated_at`, `userID_modify`, `activo`) VALUES
(1, 'ESTEBAN LOPEZ', 25, 2, NULL, 2, 2, 5, 12, '2019-05-03 04:19:29', 1, '2019-05-03 04:19:29', NULL, NULL),
(2, 'JUAN SALVADOR', 20, 4, NULL, 3, 1, 5, 12, '2019-05-03 04:19:53', 1, '2019-05-03 04:19:53', NULL, NULL),
(3, 'JORGE SALINAS', 50, 2, NULL, 4, 2, 5, 17, '2019-05-03 04:41:09', 1, '2019-05-03 04:41:09', NULL, NULL),
(4, 'ESTEBAN SALINAS', 20, 3, NULL, 2, 2, 5, 17, '2019-05-03 04:41:46', 1, '2019-05-03 04:41:46', NULL, NULL),
(5, 'MARIA LUISA ROSA', 33, 4, NULL, 5, 1, 5, 14, '2019-05-03 04:51:57', 1, '2019-05-03 05:42:16', 1, NULL),
(6, 'PABLO PEREZ', 25, 3, NULL, 2, 2, 6, 18, '2019-05-03 06:39:53', 1, '2019-05-03 06:39:53', NULL, NULL),
(7, NULL, NULL, NULL, NULL, NULL, NULL, 7, 20, '2019-05-03 22:02:37', 1, '2019-05-03 22:02:37', NULL, NULL),
(8, 'ROSANA', 20, 1, NULL, 2, 1, 8, 23, '2019-05-03 22:19:33', 1, '2019-05-03 22:19:33', NULL, NULL),
(9, 'RAUL ROMERO', 23, 3, NULL, 3, 3, 8, 24, '2019-05-03 22:22:26', 1, '2019-05-03 22:22:26', NULL, NULL),
(10, 'VICTORIA OCAMPO', 80, 4, NULL, 1, 1, 9, 25, '2019-05-04 02:26:13', 1, '2019-05-04 02:26:13', NULL, NULL),
(11, 'SANTIAGO OCAMPO', 20, 1, NULL, 1, 1, 9, 25, '2019-05-04 02:26:36', 1, '2019-05-04 02:26:36', NULL, NULL),
(12, 'VICTOR HUGO', 23, 4, NULL, 3, 3, 9, 26, '2019-05-04 02:33:04', 1, '2019-05-04 02:33:04', NULL, NULL),
(13, 'JUAN PEREZ', 25, 1, NULL, 4, 3, 11, 27, '2019-05-05 17:38:19', 1, '2019-05-05 17:38:19', NULL, NULL),
(14, 'ROSA MARIA ANA', 33, 6, 'OTRO VINCULO CASUAL', 1, 1, 11, 31, '2019-05-06 01:31:09', 1, '2019-05-06 01:37:21', 1, NULL),
(15, 'MARIA ESTHER', 20, 1, NULL, 5, 4, 11, 31, '2019-05-06 01:34:46', 1, '2019-05-06 01:34:46', NULL, NULL),
(16, 'CARLOS ALBERTO', 28, 3, NULL, 7, 2, 11, 31, '2019-05-06 01:45:08', 1, '2019-05-06 01:45:08', NULL, NULL),
(17, 'NUEVO REFERENTE AFEC', 40, 1, NULL, 2, 2, 11, 31, '2019-05-06 02:07:45', 1, '2019-05-06 02:08:04', 1, NULL),
(18, 'LUIS LIMA', 25, 3, NULL, 1, 2, 13, 32, '2019-05-06 05:16:03', 1, '2019-05-06 05:16:03', NULL, NULL),
(19, 'SANDRA PEREZ', 23, 6, 'OTRO VINCULO', 6, 2, 14, 34, '2019-05-07 02:59:25', 1, '2019-05-07 02:59:25', NULL, NULL),
(20, 'ANALIA PAZ', 0, 2, NULL, 1, 2, 14, 34, '2019-05-07 03:00:07', 1, '2019-05-07 03:00:07', NULL, NULL),
(21, 'MARIO LUIS', 33, 1, NULL, 5, 2, 14, 35, '2019-05-07 03:08:53', 1, '2019-05-07 03:08:53', NULL, NULL),
(22, 'SERGIO RAMOS PEREZ', 20, 2, NULL, 6, 3, 14, 34, '2019-05-07 03:57:54', 1, '2019-05-07 03:59:27', 1, NULL),
(23, 'EMILIO JUAREZ', 28, 4, NULL, 3, 2, 15, 37, '2019-05-16 19:25:34', 1, '2019-05-16 19:25:34', NULL, NULL),
(24, 'ARMANDO', 33, 2, NULL, 2, 2, 24, 39, '2019-05-31 04:38:54', 114, '2019-05-31 04:38:54', NULL, NULL),
(25, 'PABLO LUIS', 30, 2, NULL, 2, 3, 28, 41, '2019-06-02 16:42:39', 114, '2019-06-02 16:42:39', NULL, NULL),
(26, 'LORENA TAURO', 20, 1, NULL, 1, 1, 28, 41, '2019-06-02 16:43:04', 114, '2019-06-02 16:43:04', NULL, NULL),
(27, 'LORENA SIMON', 18, 1, NULL, 2, 2, 28, 42, '2019-06-02 16:49:30', 114, '2019-06-02 16:49:30', NULL, NULL),
(28, 'REFERENTE AGREGADO', 45, 2, NULL, 3, 1, 28, 43, '2019-06-02 16:54:00', 114, '2019-06-02 16:54:00', NULL, NULL),
(29, 'RAUL LOPEZ', 33, 2, NULL, 1, 1, 29, 45, '2019-06-03 18:43:35', 114, '2019-06-14 04:28:23', 114, NULL),
(30, 'MARTA SANCHEZ', 45, 6, 'OTRO VINCULO', 5, 2, 29, 45, '2019-06-03 18:44:04', 114, '2019-06-14 04:28:49', 114, NULL),
(31, 'JORGE ROJAS', 33, 3, NULL, 3, 1, 32, 47, '2019-06-11 19:59:09', 114, '2019-06-12 05:17:39', 114, NULL),
(32, 'MARIELA RAMOS', 20, 5, NULL, 2, 2, 32, 47, '2019-06-11 19:59:31', 114, '2019-06-12 03:28:04', 114, NULL),
(33, 'MATIAS SOLER', 33, 6, 'ex pareja', 5, 1, 32, 48, '2019-06-11 23:32:11', 114, '2019-06-12 03:29:46', 114, NULL),
(34, 'ESTEBAN LOPEZ', 30, 5, NULL, 2, 2, 32, 48, '2019-06-11 23:33:03', 114, '2019-06-12 03:01:21', 114, NULL),
(35, 'JOSE LEON SUAREZ', 33, 2, NULL, 2, 2, 32, 48, '2019-06-12 00:59:44', 114, '2019-06-12 03:26:21', 114, NULL),
(36, 'JOSE PEREZ', 20, 6, 'CONOCIDO OCACIONAL', 4, 2, 33, 50, '2019-06-12 14:01:10', 114, '2019-06-12 14:09:32', 114, NULL),
(37, 'PEDRO LLANOS', 20, 5, NULL, 1, 1, 33, 52, '2019-06-12 14:06:33', 114, '2019-06-12 14:06:59', 114, NULL),
(45, 'LUIS AVELLANEDA', 30, 4, NULL, 4, 2, 36, 57, '2019-06-12 19:36:12', 114, '2019-06-12 19:36:21', 114, NULL),
(46, 'LUIS PEREZ', 23, 6, 'OTRO', 4, 3, 37, 58, '2019-06-13 00:11:56', 114, '2019-06-13 03:58:52', 114, NULL),
(47, 'JOSE LUIS', 30, 6, 'OTRO JOSE LUIS', 2, 2, 38, 62, '2019-06-13 05:20:23', 114, '2019-06-13 05:26:10', 114, NULL),
(48, 'PABLO LUIS', 20, 5, NULL, 2, 2, 39, 64, '2019-06-13 13:50:02', 114, '2019-06-13 19:17:46', 114, NULL),
(49, 'CARLOS SALAS', 20, 6, 'CARLOS SALAS', 2, 2, 39, 64, '2019-06-13 13:50:48', 114, '2019-06-13 19:12:32', 114, NULL),
(50, 'JUAN SOLAS', 33, 2, NULL, 2, 1, 29, 45, '2019-06-14 04:04:15', 114, '2019-06-14 04:04:15', NULL, NULL),
(51, 'NUEVO REFERENTE', 40, 2, NULL, 6, 3, 29, 45, '2019-06-14 04:09:44', 114, '2019-06-14 04:09:44', NULL, NULL),
(52, 'NORMA SERRANO', 33, 4, NULL, 3, 2, 40, 66, '2019-06-14 14:11:57', 114, '2019-06-14 14:15:16', 114, NULL),
(53, 'OSCAR L', 27, 1, NULL, 5, 4, 41, 68, '2019-06-14 19:38:55', 114, '2019-06-14 19:44:01', 114, NULL),
(54, 'MARIA ESTHER', 29, 6, 'ENCUENTRO CASUAL', 2, 1, 41, 68, '2019-06-14 19:39:30', 114, '2019-06-14 19:44:12', 114, NULL),
(55, 'MARATA LIDIA', 24, 2, NULL, 5, 3, 42, 70, '2019-06-17 00:57:31', 114, '2019-06-17 06:04:51', 114, NULL),
(56, 'PABLO LUIS', 30, 6, 'OTRO PABLO LUIS', 4, 2, 42, 70, '2019-06-17 00:57:58', 114, '2019-06-17 02:58:33', 114, NULL),
(57, 'NUEVO REFEREFTE', 32, 4, NULL, 7, 1, 42, 71, '2019-06-17 02:48:48', 114, '2019-06-17 02:48:48', NULL, NULL),
(58, 'JOSE SALAS', 28, 2, NULL, 2, 3, 43, 73, '2019-06-17 04:27:15', 114, '2019-06-17 04:36:51', 114, NULL),
(59, 'JOSE MOLINA', 33, 6, 'OTRO', 4, 2, 45, 76, '2019-06-17 20:02:36', 114, '2019-06-17 20:16:34', 114, NULL),
(60, 'HECTOR PEREZ', 33, 6, 'OTRO VINCULO', 2, 2, 46, 79, '2019-06-18 18:05:47', 114, '2019-06-18 18:16:08', 114, NULL),
(61, 'MATIAS PEREZ', 0, 3, NULL, 4, 2, 46, 79, '2019-06-18 18:06:13', 114, '2019-06-18 18:24:07', 114, NULL);

-- --------------------------------------------------------

--
-- Estructura de tabla para la tabla `delitos`
--

CREATE TABLE `delitos` (
  `id` int(10) UNSIGNED NOT NULL,
  `nombre` varchar(255) DEFAULT NULL
) ENGINE=InnoDB DEFAULT CHARSET=latin1;

--
-- Volcado de datos para la tabla `delitos`
--

INSERT INTO `delitos` (`id`, `nombre`) VALUES
(1, ' Abandono de persona'),
(2, ' Abuso sexual'),
(3, ' Abuso sexual seguido de muerte'),
(4, ' Acoso sexual'),
(5, ' Amenazas'),
(6, ' Averiguación de causales de muerte'),
(7, ' Bullying'),
(8, ' Catástrofes naturales'),
(9, ' Desaparición de personas'),
(10, ' Femicidio'),
(11, ' Femicidio indirecto'),
(12, ' Grooming'),
(13, ' Homicidio '),
(14, ' Instigación o ayuda al suicidio'),
(15, ' Lesiones '),
(16, ' Pornografía de menores'),
(17, ' Privación ilegal de la libertad '),
(18, ' Promoción y facilitación de corrupción de menores'),
(19, ' Promoción y facilitación de prostitución de mayores'),
(20, ' Promoción y facilitación de prostitución de menores'),
(21, ' Reducción a la servidumbre'),
(22, ' Robo agravado'),
(23, ' Robo seguido de muerte (criminis causa, art. 80 inc. 7)'),
(24, ' Secuestro'),
(25, ' Secuestro seguido de muerte'),
(26, ' Siniestro vial'),
(27, ' Suicidio '),
(28, ' Tentativa de homicidio'),
(29, ' Tentativa de suicidio'),
(30, ' Tortura'),
(31, ' Usurpación'),
(32, ' Violencia de género'),
(33, ' Violencia en espectáculos deportivos '),
(34, ' Violencia institucional'),
(35, ' Violencia familiar'),
(36, ' Otro'),
(37, ' Abuso sexual infantil');

-- --------------------------------------------------------

--
-- Estructura de tabla para la tabla `demandas`
--

CREATE TABLE `demandas` (
  `id` int(11) UNSIGNED NOT NULL,
  `fecha_ingreso` varchar(20) DEFAULT NULL,
  `nombre_y_apellido_de_la_victima` varchar(255) DEFAULT NULL,
  `delito` int(11) DEFAULT NULL,
  `otro_delito` varchar(255) DEFAULT NULL,
  `pais_hecho` varchar(20) DEFAULT NULL,
  `provincia_hecho` varchar(20) DEFAULT NULL,
  `localidad_hecho` varchar(20) DEFAULT NULL,
  `modalidad_ingreso` int(11) DEFAULT NULL,
  `organismo` int(11) DEFAULT NULL,
  `otro_organismo` varchar(255) DEFAULT NULL,
  `sede` varchar(255) DEFAULT NULL,
  `created_at` timestamp NULL DEFAULT NULL,
  `updated_at` timestamp NULL DEFAULT NULL,
  `userID_create` int(11) DEFAULT NULL,
  `activo` int(11) DEFAULT NULL
) ENGINE=InnoDB DEFAULT CHARSET=latin1;

--
-- Volcado de datos para la tabla `demandas`
--

INSERT INTO `demandas` (`id`, `fecha_ingreso`, `nombre_y_apellido_de_la_victima`, `delito`, `otro_delito`, `pais_hecho`, `provincia_hecho`, `localidad_hecho`, `modalidad_ingreso`, `organismo`, `otro_organismo`, `sede`, `created_at`, `updated_at`, `userID_create`, `activo`) VALUES
(1, '2019-04-01', 'MARIA ROMA', 51, NULL, '1', '1', '2', 1, 0, NULL, 'LA PLATA', '2019-05-01 00:17:16', '2019-05-01 00:20:28', 1, 1),
(2, '2019-04-30', 'JOSE LIMA', 47, NULL, '1', '8', '0', 1, 0, NULL, 'LINCOLN', '2019-05-01 00:30:15', '2019-05-01 00:30:15', 1, 1),
(3, '2018-05-05', 'AGUSTINA PAEZ', 42, NULL, '1', '2', '2', 1, 0, NULL, 'LINCOLN', '2019-05-05 17:55:08', '2019-05-05 17:56:08', 1, 1),
(4, '2019-05-17', 'JUAN JOSE SALERNO', 73, 'NUEVO', '1', '3', '943', 3, 12, NULL, 'LINCOLN', '2019-05-17 16:33:27', '2019-05-17 16:33:27', 1, 1);

-- --------------------------------------------------------

--
-- Estructura de tabla para la tabla `departamentos`
--

CREATE TABLE `departamentos` (
  `id` int(10) UNSIGNED NOT NULL,
  `nombre` varchar(255) DEFAULT NULL
) ENGINE=InnoDB DEFAULT CHARSET=latin1;

--
-- Volcado de datos para la tabla `departamentos`
--

INSERT INTO `departamentos` (`id`, `nombre`) VALUES
(1, 'Azul'),
(2, 'Bahía Blanca'),
(3, 'Dolores'),
(4, 'General San Martín '),
(5, 'Junín '),
(6, 'La Matanza '),
(7, 'La Plata '),
(8, 'Lomas de Zamora '),
(9, 'Mar del Plata '),
(10, 'Mercedes'),
(11, 'Moreno - General Rodríguez '),
(12, 'Morón '),
(13, 'Necochea '),
(14, 'Pergamino '),
(15, 'Quilmes '),
(16, 'San Isidro '),
(17, 'San Nicolás '),
(18, 'Trenque Lauquen'),
(19, 'Zárate - Campana');

-- --------------------------------------------------------

--
-- Estructura de tabla para la tabla `derivaciones`
--

CREATE TABLE `derivaciones` (
  `id` int(11) UNSIGNED NOT NULL,
  `fecha_ingreso` varchar(20) DEFAULT NULL,
  `nombre_y_apellido` varchar(100) DEFAULT NULL,
  `contacto` varchar(600) DEFAULT NULL,
  `tipo_demanda` int(11) DEFAULT NULL,
  `otra_demanda` varchar(100) DEFAULT NULL,
  `modalidad_ingreso` int(11) DEFAULT NULL,
  `organismo` int(11) DEFAULT NULL,
  `otro_organismo` int(11) DEFAULT NULL,
  `derivacion` int(11) DEFAULT NULL,
  `derivacion_otro` varchar(100) DEFAULT NULL,
  `estado_derivacion` int(11) DEFAULT NULL,
  `created_at` timestamp NULL DEFAULT NULL,
  `updated_at` timestamp NULL DEFAULT NULL,
  `userID_create` int(11) DEFAULT NULL,
  `sede` varchar(255) DEFAULT NULL,
  `activo` int(11) DEFAULT NULL
) ENGINE=InnoDB DEFAULT CHARSET=latin1;

--
-- Volcado de datos para la tabla `derivaciones`
--

INSERT INTO `derivaciones` (`id`, `fecha_ingreso`, `nombre_y_apellido`, `contacto`, `tipo_demanda`, `otra_demanda`, `modalidad_ingreso`, `organismo`, `otro_organismo`, `derivacion`, `derivacion_otro`, `estado_derivacion`, `created_at`, `updated_at`, `userID_create`, `sede`, `activo`) VALUES
(1, '2019-04-11', 'MARTA LORA', 'PEPE', 2, NULL, 1, 0, NULL, 3, NULL, 1, '2019-05-01 00:31:12', '2019-05-01 00:31:12', 1, 'LA PLATA', 1),
(2, '2018-05-05', 'JOSE', 'CONTACTO', 2, NULL, 1, 0, NULL, 13, NULL, 1, '2019-05-05 17:59:06', '2019-05-05 17:59:06', 1, 'LINCOLN', 1);

-- --------------------------------------------------------

--
-- Estructura de tabla para la tabla `discapacidades`
--

CREATE TABLE `discapacidades` (
  `id` int(10) UNSIGNED NOT NULL,
  `nombre` varchar(255) DEFAULT NULL
) ENGINE=InnoDB DEFAULT CHARSET=latin1;

--
-- Volcado de datos para la tabla `discapacidades`
--

INSERT INTO `discapacidades` (`id`, `nombre`) VALUES
(1, 'físico-motriz'),
(2, 'intelectual-adaptativo'),
(3, 'psíquica'),
(4, 'sensorial'),
(5, 'desconoce');

-- --------------------------------------------------------

--
-- Estructura de tabla para la tabla `documentos`
--

CREATE TABLE `documentos` (
  `id` int(10) UNSIGNED NOT NULL,
  `tipo_documento` varchar(255) DEFAULT NULL,
  `nombre_documento` varchar(255) DEFAULT NULL,
  `archivo` varchar(255) DEFAULT NULL,
  `IdCaso` int(10) DEFAULT NULL,
  `userID_create` int(11) DEFAULT NULL,
  `created_at` timestamp NULL DEFAULT NULL,
  `userID_modify` int(11) DEFAULT NULL,
  `updated_at` timestamp NULL DEFAULT NULL,
  `activo` int(11) DEFAULT NULL
) ENGINE=InnoDB DEFAULT CHARSET=latin1;

--
-- Volcado de datos para la tabla `documentos`
--

INSERT INTO `documentos` (`id`, `tipo_documento`, `nombre_documento`, `archivo`, `IdCaso`, `userID_create`, `created_at`, `userID_modify`, `updated_at`, `activo`) VALUES
(1, '3', 'NOTICIAS', 'T2LKrbk3yTi4kCSjHVcnPd3xIu8gAvJiedld68Oh', 3, 1, '2019-05-02 19:49:31', NULL, '2019-05-02 19:49:31', NULL),
(3, '1', 'DOC', 'T0KGPsueecVMOXBT7Ua5zMlWQNNToqWzutIqi5mk', 5, 1, '2019-05-03 04:54:49', NULL, '2019-05-03 04:54:49', NULL),
(16, '2', 'SJKSKSK', '4p3VhhgQ9Edrd0PhdR1HGVxdu9PoDj4qLcRdjbfm.png', 8, 1, '2019-05-03 22:23:17', NULL, '2019-05-03 22:23:17', NULL),
(50, '2', 'NOTAS', 'V7updOYrQtRNN1ISa6g5lQkHdp0NXNav3cRY1tDw.png', 11, 1, '2019-05-06 01:51:49', NULL, '2019-05-06 01:51:49', NULL),
(51, '3', 'DOC', 'L0nUJwgIg9zJTKKpdLwXeRFeC2LnxU8IcRBQvz2q.png', 13, 1, '2019-05-06 05:20:50', NULL, '2019-05-06 05:20:50', NULL),
(52, '3', 'NOTAS', 'Nt9GB6QEO23RUxHswKHCUbULKSj2h0cLzRHHDEpM.docx', 14, 1, '2019-05-07 03:15:45', NULL, '2019-05-07 03:15:45', NULL),
(53, '3', 'DOCUMENTO', 'xkeh1JvX8vbiKYVE2TA3a3QEeSWyMkjWSKY63AZd.png', 15, 1, '2019-05-16 19:37:15', NULL, '2019-05-16 19:37:15', NULL),
(56, '3', 'NOTAS DOC', 'paucVao1siwxu1RQVFCJTp2tQiX5SyPKJFzRImEo.docx', 28, 114, '2019-06-02 17:26:56', NULL, '2019-06-02 17:26:56', NULL),
(57, '1', 'NOTAS DOC', 'KoJK8ehSM6CL2jhFNfBZkhx1HQ1ApHKaiJCdxgcl.docx', 29, 114, '2019-06-03 19:02:22', NULL, '2019-06-03 19:02:22', NULL),
(58, '2', 'DOC', 'aVM6OIpTuaJP60SZZS1FW1RlBD4VUe0QyjADPDPk.png', 46, 114, '2019-06-18 18:33:02', NULL, '2019-06-18 18:33:02', NULL);

-- --------------------------------------------------------

--
-- Estructura de tabla para la tabla `hechos`
--

CREATE TABLE `hechos` (
  `id` int(11) UNSIGNED NOT NULL,
  `fecha_delito` int(11) NOT NULL,
  `fecha_hecho` varchar(20) DEFAULT '',
  `fecha_hecho_otro` varchar(100) DEFAULT NULL,
  `pais_hecho` varchar(60) NOT NULL DEFAULT '',
  `provincia_hecho` varchar(60) NOT NULL DEFAULT '',
  `localidad_hecho` varchar(60) NOT NULL DEFAULT '',
  `idCaso` int(11) NOT NULL,
  `userID_create` int(11) DEFAULT NULL,
  `created_at` timestamp NULL DEFAULT NULL,
  `userID_modify` int(11) DEFAULT NULL,
  `updated_at` timestamp NULL DEFAULT NULL
) ENGINE=InnoDB DEFAULT CHARSET=latin1;

-- --------------------------------------------------------

--
-- Estructura de tabla para la tabla `imputados`
--

CREATE TABLE `imputados` (
  `id` int(10) UNSIGNED NOT NULL,
  `nombre_y_apellido` varchar(255) DEFAULT NULL,
  `apodo` varchar(50) DEFAULT NULL,
  `tipo_documento_id` varchar(11) DEFAULT NULL,
  `tipo_documento_otro` varchar(50) DEFAULT NULL,
  `documento_nro` int(11) DEFAULT NULL,
  `vinculo_victima` int(11) DEFAULT NULL,
  `vinculo_otro` varchar(100) DEFAULT NULL,
  `caratulacion_judicial` varchar(100) DEFAULT NULL,
  `antecedentes_id` int(11) DEFAULT NULL,
  `antecedentes` varchar(100) DEFAULT NULL,
  `detenido` int(11) DEFAULT NULL,
  `lugar_de_alojamiento` varchar(100) DEFAULT NULL,
  `defensor_particular` int(11) DEFAULT NULL,
  `defensoria_nro` varchar(50) DEFAULT NULL,
  `fiscalia_juzgado` varchar(50) DEFAULT NULL,
  `causa_id_judicial` int(11) DEFAULT NULL,
  `idCaso` int(11) DEFAULT NULL,
  `idVictim` int(11) DEFAULT NULL,
  `userID_create` int(11) DEFAULT NULL,
  `created_at` timestamp NULL DEFAULT NULL,
  `userID_modify` int(11) DEFAULT NULL,
  `updated_at` timestamp NULL DEFAULT NULL,
  `activo` int(11) DEFAULT NULL
) ENGINE=InnoDB DEFAULT CHARSET=latin1;

--
-- Volcado de datos para la tabla `imputados`
--

INSERT INTO `imputados` (`id`, `nombre_y_apellido`, `apodo`, `tipo_documento_id`, `tipo_documento_otro`, `documento_nro`, `vinculo_victima`, `vinculo_otro`, `caratulacion_judicial`, `antecedentes_id`, `antecedentes`, `detenido`, `lugar_de_alojamiento`, `defensor_particular`, `defensoria_nro`, `fiscalia_juzgado`, `causa_id_judicial`, `idCaso`, `idVictim`, `userID_create`, `created_at`, `userID_modify`, `updated_at`, `activo`) VALUES
(1, 'JOSE SANTOS', 'Se desconoce', '3', NULL, 0, NULL, NULL, 'CARAT', 2, NULL, 2, NULL, 2, 'Se desconoce', 'FISCALIA', 123456, 5, 12, 1, '2019-05-03 04:25:23', NULL, '2019-05-03 04:25:23', NULL),
(2, 'SILVIO RODRIGUEZ', 'Se desconoce', '2', NULL, 0, NULL, NULL, 'CARAT', 2, NULL, 3, NULL, 2, '123456', 'FISCAL', 456789, 5, 17, 1, '2019-05-03 04:44:06', NULL, '2019-05-03 04:44:06', NULL),
(5, 'SANTIAGO GARCIA LORENZO', 'Se desconoce', NULL, NULL, 0, NULL, NULL, 'CARAT', 3, NULL, 2, NULL, 2, '123456', 'FISCALIA', 456789, 5, 14, 1, '2019-05-03 05:23:22', NULL, '2019-05-03 05:36:36', NULL),
(6, 'CARLOS MARIN', 'Se desconoce', '2', NULL, 2563256, NULL, NULL, 'CARAT', 2, NULL, 2, NULL, 3, '1245', 'FISCAL', 34567, 6, 18, 1, '2019-05-03 06:40:50', NULL, '2019-05-03 06:40:50', NULL),
(7, 'JUAN CARLOS', 'Se desconoce', '5', NULL, 0, NULL, NULL, 'CARAT', 2, NULL, 2, NULL, 2, '123123', 'FISCAL', 123456, 8, 23, 1, '2019-05-03 22:20:26', NULL, '2019-05-03 22:20:26', NULL),
(8, 'RAMON HERNANDEZ', 'Se desconoce', '1', NULL, 0, NULL, NULL, 'CARAT', 2, NULL, 2, NULL, 1, '123456456', 'FISCALIA', 568963, 9, 25, 1, '2019-05-04 02:29:10', NULL, '2019-05-04 02:29:10', NULL),
(9, 'PABLO HERNANDEZ', 'Se desconoce', '5', NULL, 0, NULL, NULL, 'CARATULACION', 1, 'ROBO', 1, 'SIERRA CHICA', 2, '1223123', 'FICALIA', 789456, 9, 26, 1, '2019-05-04 02:35:01', NULL, '2019-05-04 02:35:01', NULL),
(10, 'JOSE HERNANDEZ', 'PEPE', NULL, NULL, NULL, 1, NULL, 'CARART', 2, NULL, 2, NULL, 1, '1231231', 'JUZ', 12213216, 11, 27, 1, '2019-05-05 17:39:48', NULL, '2019-05-06 04:50:24', NULL),
(11, 'MARCOS JOSE', NULL, NULL, NULL, 0, NULL, NULL, NULL, NULL, NULL, NULL, NULL, NULL, NULL, NULL, NULL, 11, 27, 1, '2019-05-05 20:12:27', NULL, '2019-05-05 23:56:30', NULL),
(12, 'NUEVO IMPUTADO', 'Se desconoce', NULL, NULL, 1521232165, NULL, NULL, 'CARATA', 2, NULL, 3, NULL, 1, 'Se desconoce', 'JUZ', 789456564, 11, 31, 1, '2019-05-06 02:26:11', NULL, '2019-05-06 02:27:04', NULL),
(13, 'NUEVO IMPUTADO', 'Se desconoce', '2', NULL, 15263626, NULL, NULL, 'CARAT', 2, NULL, 2, NULL, 2, '123456789', 'JUZ', 7878978, 11, 31, 1, '2019-05-06 02:30:04', NULL, '2019-05-06 02:30:04', NULL),
(14, 'NUEVO IMPUTADO', 'Se desconoce', '2', NULL, 0, NULL, NULL, 'CRATATAT', 2, NULL, 2, NULL, 1, '45233121', 'FISCAL', 45612, 11, 31, 1, '2019-05-06 02:32:51', NULL, '2019-05-06 02:32:51', NULL),
(15, 'NUEVO IMPUTADO AGREGADO', 'Se desconoce', NULL, NULL, NULL, 1, NULL, 'CARATAT', 2, 'ROBO CALIFICADO', 2, NULL, 1, '500', 'JUAZ', 787899, 11, 31, 1, '2019-05-06 02:33:52', NULL, '2019-05-06 04:46:08', NULL),
(16, 'IMPUTADO BIS', 'Se desconoce', NULL, NULL, NULL, NULL, NULL, 'CARAT', 2, NULL, 2, NULL, 2, 'Se desconoce', 'JUZ', 123456, 11, 31, 1, '2019-05-06 02:57:31', NULL, '2019-05-06 04:48:18', NULL),
(17, 'MARIO LUIS', 'LUCHO', '3', NULL, 0, NULL, NULL, 'CARAT', 2, NULL, 2, NULL, 1, 'Se desconoce', 'JUZ', 12345, 13, 32, 1, '2019-05-06 05:17:06', NULL, '2019-05-06 05:17:06', NULL),
(18, 'MARCOS RAMOS', 'MAQUITO', NULL, NULL, NULL, NULL, NULL, 'CARAT', 3, NULL, 1, 'ALCALDIA', 2, '45123126', 'FISCALIA', 1232125, 14, 34, 1, '2019-05-07 03:02:37', NULL, '2019-05-07 04:12:58', NULL),
(19, 'JUAN RAMOS', 'Se desconoce', '8', NULL, 0, NULL, NULL, 'CARAT', 3, NULL, 3, NULL, 3, 'Se desconoce', 'FISCALIA', 123456, 14, 34, 1, '2019-05-07 03:03:53', NULL, '2019-05-07 03:03:53', NULL),
(20, NULL, NULL, NULL, NULL, NULL, NULL, NULL, NULL, NULL, NULL, NULL, NULL, NULL, NULL, NULL, NULL, 14, 34, 1, '2019-05-07 04:12:40', NULL, '2019-05-07 04:12:40', NULL),
(21, 'JORGE LUIS', 'Se desconoce', NULL, NULL, NULL, 2, NULL, 'CARATA', 2, NULL, 2, NULL, 1, NULL, 'FISCALIA', 4564565, 14, 34, 1, '2019-05-07 05:35:59', NULL, '2019-05-07 05:43:39', NULL),
(22, 'DIEGO TORRES', 'Se desconoce', '1', NULL, 0, 2, NULL, 'CARAT', 2, NULL, 2, NULL, 1, 'Se desconoce', 'FISCALIA', 123456, 15, 37, 1, '2019-05-16 19:29:51', NULL, '2019-05-16 19:29:51', NULL),
(23, 'ROBERTO PEREZ', 'PEPE', '1', NULL, 0, NULL, NULL, 'CARAT', 2, NULL, 2, NULL, 2, '125632', 'FISCALIA', 123456, 24, 39, 114, '2019-05-31 04:40:01', NULL, '2019-05-31 04:40:01', NULL),
(24, 'RAMON JUAREZ', 'Se desconoce', '5', NULL, 253125563, NULL, NULL, 'CARATULACION', 2, NULL, 2, NULL, 2, '1231231', 'FISCALIA', 45642313, 28, 41, 114, '2019-06-02 16:44:19', NULL, '2019-06-02 16:44:19', NULL),
(25, 'JUAN LUIS', 'Se desconoce', NULL, NULL, NULL, 2, NULL, 'CARAT/CAR', 2, NULL, 2, NULL, 1, 'N°233 LA PLATA', 'LA#PLATA', 1231323, 29, 45, 114, '2019-06-03 18:50:35', NULL, '2019-06-14 04:15:52', NULL),
(26, 'RAUL ROSALES', 'Se desconoce', '2', NULL, 0, NULL, NULL, 'CARATULACION', 2, NULL, 2, NULL, 2, 'Se desconoce', 'FISCALIA', 1235, 32, 47, 114, '2019-06-11 20:00:48', NULL, '2019-06-11 20:00:48', NULL),
(27, 'JUAN MOLINA', 'PEPE', '4', NULL, 0, 1, NULL, 'CARAT', 2, NULL, 2, NULL, 2, 'Se desconoce', 'FISCALIA', 123456, 33, 49, 114, '2019-06-12 13:58:01', NULL, '2019-06-12 13:58:01', NULL),
(28, 'LUIS RAMOS', 'Se desconoce', '2', NULL, 0, NULL, NULL, 'CARAT', 2, NULL, 2, NULL, 2, '123221231', 'FISCALIA', 45654546, 35, 54, 114, '2019-06-12 16:48:53', NULL, '2019-06-12 16:48:53', NULL),
(29, 'JORGE PEDRO', 'Se desconoce', '2', NULL, 0, NULL, NULL, 'CARART', 2, NULL, 2, NULL, 2, 'Se desconoce', 'FISCALIA', 123213, 35, 54, 114, '2019-06-12 16:50:35', NULL, '2019-06-12 16:50:35', NULL),
(30, 'ESTEBAN LUIS', 'Se desconoce', '2', NULL, 0, NULL, NULL, 'CARAT', 2, NULL, 2, NULL, 3, 'Se desconoce', 'FISCAL', 123456, 36, 56, 114, '2019-06-12 19:17:31', NULL, '2019-06-12 19:17:31', NULL),
(31, 'JORGE RAUL', 'Se desconoce', '3', NULL, 0, NULL, NULL, 'CARAT', 3, NULL, 3, NULL, 1, '213123213', '2131123123', 123212332, 37, 58, 114, '2019-06-13 00:12:52', NULL, '2019-06-13 00:12:52', NULL),
(32, 'JOSE FLORES', 'Se desconoce', NULL, NULL, NULL, 1, NULL, 'CARAT', 2, NULL, 2, NULL, 3, 'Se desconoce', '12131321312321', 123131, 38, 60, 114, '2019-06-13 04:41:45', NULL, '2019-06-13 05:22:21', NULL),
(33, 'MARITO', 'Se desconoce', NULL, NULL, NULL, NULL, NULL, 'CARAT', 2, NULL, 2, NULL, 2, 'Se desconoce', 'FISCALIA', 123456545, 38, 63, 114, '2019-06-13 05:27:43', NULL, '2019-06-13 05:53:49', NULL),
(34, 'PEDRO WALTER', 'Se desconoce', NULL, NULL, NULL, 3, NULL, 'CARAT', 2, NULL, 2, NULL, 2, 'Se desconoce', '1231313', 2131213, NULL, 64, 114, '2019-06-13 13:52:06', NULL, '2019-06-14 03:36:57', NULL),
(35, 'RAMON JUAREZ', 'Se desconoce', NULL, NULL, NULL, 4, NULL, 'CARAT', 2, NULL, 2, NULL, 2, 'Se desconoce', 'FISCAL', 123123, 40, 66, 114, '2019-06-14 14:13:48', NULL, '2019-06-14 16:29:49', NULL),
(36, 'ANIBAL LOPEZ', 'Se desconoce', NULL, NULL, NULL, 2, NULL, '45451313', 2, NULL, 3, NULL, 2, 'Se desconoce', 'JUZGADO', 4564794, 41, 68, 114, '2019-06-14 19:41:15', NULL, '2019-06-14 19:44:39', NULL),
(38, 'JUAN MOLINA', 'Se desconoce', '1', NULL, 0, NULL, NULL, 'CARAT', 1, 'Se desconoce', 2, NULL, 2, 'Se desconoce', 'JUZGADO', 123456, 42, 71, 114, '2019-06-17 03:26:41', NULL, '2019-06-17 03:26:41', NULL),
(39, 'NUEVO IMPUTADO', 'Se desconoce', '1', NULL, 0, 2, NULL, 'CARAT', 2, NULL, 2, NULL, 3, 'Se desconoce', 'KALKALALA', 54644132, 42, 71, 114, '2019-06-17 03:46:35', NULL, '2019-06-17 03:46:35', NULL),
(40, 'NUEVO IMPUTADO II', 'Se desconoce', '2', NULL, 0, 6, 'OTRO VINCULO', 'CAARATTA', 3, NULL, 2, NULL, 2, '123541233', 'FISCALIA', 879846546, 42, 71, 114, '2019-06-17 03:47:57', NULL, '2019-06-17 03:47:57', NULL),
(41, 'JOSE ANTONIO', 'PEPE', '3', NULL, 0, 6, 'OTRO JOSE ANTONIO', 'CARAT', 2, NULL, 2, NULL, 2, '1234564', 'FISCALIA', 123456879, 43, 73, 114, '2019-06-17 04:29:30', NULL, '2019-06-17 04:42:06', NULL),
(42, 'ROBERTO DIAZ', 'Se desconoce', '2', NULL, 0, 4, NULL, 'CARAT', 2, NULL, 3, NULL, 2, 'Se desconoce', 'FISCAL', 12345689, 45, 77, 114, '2019-06-17 20:18:58', NULL, '2019-06-17 20:18:58', NULL),
(43, 'JUAN RAMON', 'Se desconoce', '3', NULL, 0, 3, NULL, 'CARAT', 2, NULL, 2, NULL, 2, '123333', 'FISCALIA12323', 123145663, 46, 79, 114, '2019-06-18 18:11:17', NULL, '2019-06-18 18:24:39', NULL);

-- --------------------------------------------------------

--
-- Estructura de tabla para la tabla `instituciones`
--

CREATE TABLE `instituciones` (
  `id` int(10) UNSIGNED NOT NULL,
  `organismos_intervinieron` int(11) DEFAULT NULL,
  `cual_otro_organismo` varchar(100) DEFAULT NULL,
  `requiere_asistencia` int(11) DEFAULT NULL,
  `socioeconomica_otro` varchar(255) DEFAULT NULL,
  `organismo_articula_si_no` int(11) DEFAULT NULL,
  `organismos_actual_otro` varchar(100) DEFAULT NULL,
  `pratocinio_gratuito` int(11) DEFAULT NULL,
  `fecha_de_solicitud` datetime DEFAULT NULL,
  `letrado_designado` varchar(100) DEFAULT NULL,
  `pratocinio_conformidad` int(11) DEFAULT NULL,
  `colegio_departamental` int(11) DEFAULT NULL,
  `fecha_designacion` datetime DEFAULT NULL,
  `abogado_particular` varchar(255) DEFAULT NULL,
  `idCaso` int(11) DEFAULT NULL,
  `userID_create` int(11) DEFAULT NULL,
  `created_at` timestamp NULL DEFAULT NULL,
  `userID_modify` int(11) DEFAULT NULL,
  `updated_at` timestamp NULL DEFAULT NULL
) ENGINE=InnoDB DEFAULT CHARSET=latin1;

--
-- Volcado de datos para la tabla `instituciones`
--

INSERT INTO `instituciones` (`id`, `organismos_intervinieron`, `cual_otro_organismo`, `requiere_asistencia`, `socioeconomica_otro`, `organismo_articula_si_no`, `organismos_actual_otro`, `pratocinio_gratuito`, `fecha_de_solicitud`, `letrado_designado`, `pratocinio_conformidad`, `colegio_departamental`, `fecha_designacion`, `abogado_particular`, `idCaso`, `userID_create`, `created_at`, `userID_modify`, `updated_at`) VALUES
(1, 1, 'OPREVIOS', 1, 'SOCIO', 1, 'OARTICULA', 0, NULL, NULL, NULL, NULL, NULL, '1', 29, 114, '2019-06-07 04:55:14', NULL, '2019-06-07 04:55:14'),
(2, 1, 'OTRO ORG', 1, 'OTRA', 1, 'OTRO', 0, NULL, NULL, NULL, NULL, NULL, '1', NULL, 114, '2019-06-08 04:08:52', NULL, '2019-06-08 04:08:52'),
(3, 2, NULL, 2, NULL, 2, NULL, 0, NULL, NULL, NULL, NULL, NULL, '1', NULL, 114, '2019-06-09 00:45:07', NULL, '2019-06-09 00:45:07'),
(4, 2, NULL, 2, NULL, 1, NULL, 0, NULL, NULL, NULL, NULL, NULL, '0', NULL, 114, '2019-06-09 16:05:29', NULL, '2019-06-09 16:05:29'),
(5, 1, 'OTRO ORGANISMO', 1, 'OTRA SOCIEDAD', 1, 'OTRO ORGANISMO', NULL, NULL, NULL, NULL, NULL, NULL, '1', 43, 114, '2019-06-17 05:38:41', NULL, '2019-06-17 05:38:41'),
(6, 1, 'OTRO ORGANISMO', 1, 'OTRO SOCIO', 1, 'OTRO', 3, NULL, 'Se desconoce', 1, 15, '2019-06-18 00:00:00', '2', 46, 114, '2019-06-18 18:32:34', NULL, '2019-06-18 18:32:34');

-- --------------------------------------------------------

--
-- Estructura de tabla para la tabla `institucion_asistencia`
--

CREATE TABLE `institucion_asistencia` (
  `id` int(10) UNSIGNED NOT NULL,
  `institucion_id` int(11) DEFAULT NULL,
  `asistencia_id` int(11) DEFAULT NULL
) ENGINE=InnoDB DEFAULT CHARSET=latin1;

--
-- Volcado de datos para la tabla `institucion_asistencia`
--

INSERT INTO `institucion_asistencia` (`id`, `institucion_id`, `asistencia_id`) VALUES
(1, 1, 1),
(2, 1, 2),
(3, 1, 3),
(4, 2, 1),
(5, 5, 1),
(6, 5, 3),
(7, 6, 1),
(8, 6, 2),
(9, 6, 3);

-- --------------------------------------------------------

--
-- Estructura de tabla para la tabla `institucion_oarticula`
--

CREATE TABLE `institucion_oarticula` (
  `id` int(10) UNSIGNED NOT NULL,
  `institucion_id` int(11) DEFAULT NULL,
  `oarticula_id` int(11) DEFAULT NULL
) ENGINE=InnoDB DEFAULT CHARSET=latin1;

--
-- Volcado de datos para la tabla `institucion_oarticula`
--

INSERT INTO `institucion_oarticula` (`id`, `institucion_id`, `oarticula_id`) VALUES
(1, 1, 5),
(2, 1, 6),
(3, 1, 7),
(4, 1, 24),
(5, 2, 1),
(6, 2, 2),
(7, 2, 24),
(8, 4, 3),
(9, 5, 1),
(10, 5, 2),
(11, 5, 24),
(12, 6, 1),
(13, 6, 2),
(14, 6, 24);

-- --------------------------------------------------------

--
-- Estructura de tabla para la tabla `institucion_oprevio`
--

CREATE TABLE `institucion_oprevio` (
  `id` int(10) UNSIGNED NOT NULL,
  `institucion_id` int(11) DEFAULT NULL,
  `oprevio_id` int(11) DEFAULT NULL
) ENGINE=InnoDB DEFAULT CHARSET=latin1;

--
-- Volcado de datos para la tabla `institucion_oprevio`
--

INSERT INTO `institucion_oprevio` (`id`, `institucion_id`, `oprevio_id`) VALUES
(1, 1, 5),
(2, 1, 6),
(3, 1, 7),
(4, 1, 24),
(5, 2, 2),
(6, 2, 3),
(7, 2, 4),
(8, 2, 24),
(9, 5, 2),
(10, 5, 3),
(11, 5, 24),
(12, 6, 1),
(13, 6, 2),
(14, 6, 24);

-- --------------------------------------------------------

--
-- Estructura de tabla para la tabla `institucion_socioeconomico`
--

CREATE TABLE `institucion_socioeconomico` (
  `id` int(10) UNSIGNED NOT NULL,
  `institucion_id` int(11) DEFAULT NULL,
  `socioeconomico_id` int(11) DEFAULT NULL
) ENGINE=InnoDB DEFAULT CHARSET=latin1;

--
-- Volcado de datos para la tabla `institucion_socioeconomico`
--

INSERT INTO `institucion_socioeconomico` (`id`, `institucion_id`, `socioeconomico_id`) VALUES
(1, 1, 3),
(2, 1, 4),
(3, 1, 6),
(4, 2, 1),
(5, 2, 2),
(6, 2, 6),
(7, 5, 1),
(8, 5, 6),
(9, 6, 1),
(10, 6, 2),
(11, 6, 6);

-- --------------------------------------------------------

--
-- Estructura de tabla para la tabla `intervenciones`
--

CREATE TABLE `intervenciones` (
  `id` int(11) UNSIGNED NOT NULL,
  `fecha_intervencion` varchar(30) DEFAULT NULL,
  `campo_reservado` int(11) DEFAULT NULL,
  `detalle_intervencion` varchar(600) DEFAULT NULL,
  `idCaso` int(11) DEFAULT NULL,
  `userID_create` int(11) DEFAULT NULL,
  `created_at` timestamp NULL DEFAULT NULL,
  `userID_modify` int(11) DEFAULT NULL,
  `updated_at` timestamp NULL DEFAULT NULL,
  `activo` int(11) DEFAULT NULL
) ENGINE=InnoDB DEFAULT CHARSET=latin1;

--
-- Volcado de datos para la tabla `intervenciones`
--

INSERT INTO `intervenciones` (`id`, `fecha_intervencion`, `campo_reservado`, `detalle_intervencion`, `idCaso`, `userID_create`, `created_at`, `userID_modify`, `updated_at`, `activo`) VALUES
(1, '2018-05-03', NULL, 'INTERVENCION', 9, 1, '2019-05-04 02:38:27', NULL, '2019-05-04 02:38:27', NULL),
(2, '2019-05-01', NULL, 'HOY NOS REUNIMOS', 11, 1, '2019-05-05 17:46:11', NULL, '2019-05-05 17:46:11', NULL),
(3, '2019-05-25', NULL, 'PRIMERA INTERVENCION', 14, 1, '2019-05-07 03:17:20', NULL, '2019-05-07 03:17:20', NULL),
(4, '2019-05-17', NULL, 'SEGUNDA INTERVENCION', 14, 1, '2019-05-07 03:23:34', NULL, '2019-05-07 03:23:34', NULL),
(10, '2019-05-01', NULL, 'Lorem Ipsum Lorem Ipsum es un texto de marcador de posición comúnmente utilizado en las industrias gráficas, gráficas y editoriales para previsualizar diseños y maquetas visuales.', 5, 1, '2019-05-08 17:33:56', NULL, '2019-05-08 17:33:56', NULL),
(12, '2019-05-01', NULL, 'Lorem Ipsum Lorem Ipsum es un texto de marcador de posición comúnmente utilizado en las industrias gráficas, gráficas y editoriales para previsualizar diseños y maquetas visuales.', 6, 1, '2019-05-08 17:36:27', NULL, '2019-05-08 17:36:27', NULL),
(13, '2019-05-01', NULL, 'SEGUNDA INTERVECNION', 6, 1, '2019-05-08 17:36:53', NULL, '2019-05-08 17:36:53', NULL),
(14, '2019-05-08', NULL, 'TERCERA INTERVENCION@', 6, 1, '2019-05-08 17:50:21', NULL, '2019-05-08 17:50:21', NULL),
(18, '2019-05-01', NULL, 'NUEVA INTERVENCION AGREGADA', 5, 1, '2019-05-09 21:01:33', NULL, '2019-05-09 21:01:33', NULL),
(20, '2019-05-23', NULL, 'NUEVA INTERVENCION', 8, 2, '2019-05-24 03:36:39', NULL, '2019-05-24 03:36:39', NULL),
(22, '2019-06-01', NULL, 'INTERVINO EL PSICOLOGO', 28, 114, '2019-06-02 17:01:43', NULL, '2019-06-02 17:01:43', NULL),
(24, '2019-06-01', NULL, 'hoy', 28, 114, '2019-06-03 13:56:23', NULL, '2019-06-03 13:56:23', NULL),
(36, '2019-06-11', NULL, 'nueva', 29, 114, '2019-06-11 17:47:22', NULL, '2019-06-11 17:47:22', NULL),
(40, '2019-06-11', NULL, 'prueba 2', 29, 114, '2019-06-11 17:53:23', NULL, '2019-06-11 17:53:23', NULL),
(41, '2019-06-11', NULL, 'nueva prueba', 29, 114, '2019-06-11 17:54:23', NULL, '2019-06-11 17:54:23', NULL),
(42, '2019-06-11', NULL, 'PRUEBA', 29, 114, '2019-06-11 17:58:31', NULL, '2019-06-11 17:58:31', NULL),
(43, '2019-06-11', NULL, 'PRUEBA PRUEBA', 29, 114, '2019-06-11 18:09:44', NULL, '2019-06-11 18:09:44', NULL),
(44, '2019-06-11', NULL, 'PPPPP', 29, 114, '2019-06-11 18:10:27', NULL, '2019-06-11 18:10:27', NULL),
(45, '2019-06-11', NULL, 'MMMMMMMMM', 29, 114, '2019-06-11 18:11:27', NULL, '2019-06-11 18:11:27', NULL),
(46, '2019-06-11', NULL, 'QQQQQQQQQQQQ', 30, 114, '2019-06-11 18:12:37', NULL, '2019-06-11 18:12:37', NULL),
(47, '2019-06-11', NULL, 'QQQQQQQQQQ', 29, 114, '2019-06-11 18:13:29', NULL, '2019-06-11 18:13:29', NULL),
(48, '2019-06-11', NULL, 'RRRRRRR', 29, 114, '2019-06-11 18:41:06', NULL, '2019-06-11 18:41:06', NULL),
(49, '2019-06-06', NULL, 'SSSSSSSSSSSSSSSSSS', 29, 114, '2019-06-11 18:42:25', NULL, '2019-06-11 18:42:25', NULL),
(50, '2019-06-11', NULL, 'TTTTTTTTTTTT', 29, 114, '2019-06-11 18:43:21', NULL, '2019-06-11 18:43:21', NULL),
(51, '2019-06-11', NULL, 'caso', 29, 114, '2019-06-11 18:51:29', NULL, '2019-06-11 18:51:29', NULL),
(52, '2019-06-11', NULL, 'caso2', 29, 114, '2019-06-11 18:52:11', NULL, '2019-06-11 18:52:11', NULL),
(53, '2019-06-11', NULL, 'pruebaaaaaaaaaaaaaaaa', 29, 114, '2019-06-11 18:58:56', NULL, '2019-06-11 18:58:56', NULL),
(55, '2019-06-16', NULL, 'DDDDDDDDDDDDDD', 42, 114, '2019-06-17 05:55:18', NULL, '2019-06-17 05:55:18', NULL),
(56, '2019-06-18', NULL, 'HOY', 46, 114, '2019-06-18 18:34:36', NULL, '2019-06-18 18:34:36', NULL);

-- --------------------------------------------------------

--
-- Estructura de tabla para la tabla `limitaciones`
--

CREATE TABLE `limitaciones` (
  `id` int(10) UNSIGNED NOT NULL,
  `nombre` varchar(255) DEFAULT NULL
) ENGINE=InnoDB DEFAULT CHARSET=latin1;

--
-- Volcado de datos para la tabla `limitaciones`
--

INSERT INTO `limitaciones` (`id`, `nombre`) VALUES
(1, 'Analfabetismo'),
(2, 'Discapacidad'),
(3, 'Idioma'),
(4, 'Otro');

-- --------------------------------------------------------

--
-- Estructura de tabla para la tabla `migrations`
--

CREATE TABLE `migrations` (
  `id` int(10) UNSIGNED NOT NULL,
  `migration` varchar(255) COLLATE utf8mb4_unicode_ci NOT NULL,
  `batch` int(11) NOT NULL
) ENGINE=InnoDB DEFAULT CHARSET=utf8mb4 COLLATE=utf8mb4_unicode_ci;

-- --------------------------------------------------------

--
-- Estructura de tabla para la tabla `modalidades`
--

CREATE TABLE `modalidades` (
  `id` int(10) UNSIGNED NOT NULL,
  `nombre` varchar(255) DEFAULT NULL
) ENGINE=InnoDB DEFAULT CHARSET=latin1;

--
-- Volcado de datos para la tabla `modalidades`
--

INSERT INTO `modalidades` (`id`, `nombre`) VALUES
(1, 'Presentación espontánea'),
(2, 'Intervención de oficio'),
(3, 'Derivación de otro organismo ');

-- --------------------------------------------------------

--
-- Estructura de tabla para la tabla `motivospasivos`
--

CREATE TABLE `motivospasivos` (
  `id` int(10) UNSIGNED NOT NULL,
  `nombre` varchar(255) DEFAULT NULL
) ENGINE=InnoDB DEFAULT CHARSET=latin1;

--
-- Volcado de datos para la tabla `motivospasivos`
--

INSERT INTO `motivospasivos` (`id`, `nombre`) VALUES
(1, 'Se cubrió la demanda inicial'),
(2, 'deja de requerir intervención'),
(3, 'imposibilidad de contacto '),
(4, 'cuál');

-- --------------------------------------------------------

--
-- Estructura de tabla para la tabla `necesidades`
--

CREATE TABLE `necesidades` (
  `id` int(10) UNSIGNED NOT NULL,
  `nombre` varchar(255) DEFAULT NULL
) ENGINE=InnoDB DEFAULT CHARSET=latin1;

--
-- Volcado de datos para la tabla `necesidades`
--

INSERT INTO `necesidades` (`id`, `nombre`) VALUES
(1, 'Vivienda'),
(2, 'Alimentos'),
(3, 'Capacidad Económica'),
(4, 'Salud'),
(5, 'Vestimenta'),
(6, 'Educación'),
(7, 'Trabajo'),
(8, 'Otra');

-- --------------------------------------------------------

--
-- Estructura de tabla para la tabla `oarticulas`
--

CREATE TABLE `oarticulas` (
  `id` int(10) UNSIGNED NOT NULL,
  `nombre` varchar(255) DEFAULT NULL
) ENGINE=InnoDB DEFAULT CHARSET=latin1;

--
-- Volcado de datos para la tabla `oarticulas`
--

INSERT INTO `oarticulas` (`id`, `nombre`) VALUES
(1, ' Colegio de Abogados'),
(2, 'Unidad de Ministro (Ministerio de Justicia)'),
(3, ' Fiscalía'),
(4, 'Portal Mi Provincia'),
(5, 'Defensoría del Pueblo'),
(6, ' Casa de Justicia(Ministerio Público)'),
(7, 'Municipio'),
(8, ' Estado en tu barrio'),
(9, ' Centro de Acceso a Justicia (CAJ)'),
(10, ' ANSES'),
(11, ' Otro CAVAJ'),
(12, ' Organismo Provincial de Niñez y Adolescencia'),
(13, ' Programa Provincial Cerca de Noche'),
(14, ' Dirección Provincial de Equidad de Género y Diversidad Sexual'),
(15, ' Registro Provincial de Información de Personas Menores de Edad Extraviadas (REPIPME)'),
(16, ' Dirección Provincial de Salud Mental y Adicciones'),
(17, ' Policía Federal'),
(18, ' Policía Bonaerense'),
(19, ' Policía Local'),
(20, ' Policía Metropolitana'),
(21, 'Juzgado'),
(22, 'Comisaría'),
(23, 'DDI'),
(24, 'Otro');

-- --------------------------------------------------------

--
-- Estructura de tabla para la tabla `oderivados`
--

CREATE TABLE `oderivados` (
  `id` int(11) UNSIGNED NOT NULL,
  `nombre` varchar(100) DEFAULT NULL
) ENGINE=InnoDB DEFAULT CHARSET=latin1;

--
-- Volcado de datos para la tabla `oderivados`
--

INSERT INTO `oderivados` (`id`, `nombre`) VALUES
(1, 'Defensoría'),
(2, 'Colegio de abogados'),
(3, 'Juzgado de paz'),
(4, 'CAJ'),
(5, 'Consultorios jurídicos gratuitos'),
(6, 'Municipalidad'),
(7, 'Abogado Particular'),
(8, 'Comisaría'),
(9, 'Centro de salud'),
(10, 'CAVAJ'),
(11, 'Servicio local de niñez'),
(12, 'ANSES'),
(13, 'Acción social'),
(14, 'PAMI'),
(15, 'Registro de las personas'),
(16, 'Desarrollo social'),
(17, 'Fiscalía'),
(18, 'Casa de Justicia'),
(19, 'CAV'),
(20, 'Secretaría de Tierras'),
(21, 'Defensa al Consumidor'),
(22, 'Mediación Comunitaria'),
(23, 'Derechos Humanos'),
(24, 'CPA'),
(25, 'Hospitales'),
(26, 'Otro');

-- --------------------------------------------------------

--
-- Estructura de tabla para la tabla `oprevios`
--

CREATE TABLE `oprevios` (
  `id` int(10) UNSIGNED NOT NULL,
  `nombre` varchar(255) DEFAULT NULL
) ENGINE=InnoDB DEFAULT CHARSET=latin1;

--
-- Volcado de datos para la tabla `oprevios`
--

INSERT INTO `oprevios` (`id`, `nombre`) VALUES
(1, 'ANSES'),
(2, ' Comisaría '),
(3, ' DDI '),
(4, ' Defensoría del Pueblo'),
(5, ' Municipio'),
(6, ' Portal Mi Provincia  '),
(7, ' Unidad de Ministro (Ministerio de Justicia) '),
(8, 'Centro de Acceso a Justicia (CAJ)'),
(9, 'Dirección Provincial de Equidad de Género y Diversidad Sexual'),
(10, 'Dirección Provincial de Salud Mental y Adicciones'),
(11, 'Estado en Tu Barrio'),
(12, 'Fiscalía'),
(13, 'Juzgado'),
(14, 'Organismo Provincial de Niñez y Adolescencia'),
(15, 'Otro CAVAJ'),
(16, 'Policía Bonaerense'),
(17, 'Policía Federal'),
(18, 'Policía Local'),
(19, 'Policía Metropolitana'),
(20, 'Programa Provincial Cerca de Noche'),
(21, 'Registro Provincial de Información de Personas Menores de Edad Extraviadas (REPIPME)'),
(22, 'Casa de Justicia (Ministerio Público)'),
(23, 'Colegio de Abogados'),
(24, 'Otro Organismo');

-- --------------------------------------------------------

--
-- Estructura de tabla para la tabla `organismos`
--

CREATE TABLE `organismos` (
  `id` int(10) UNSIGNED NOT NULL,
  `nombre` varchar(255) DEFAULT NULL
) ENGINE=InnoDB DEFAULT CHARSET=latin1;

--
-- Volcado de datos para la tabla `organismos`
--

INSERT INTO `organismos` (`id`, `nombre`) VALUES
(1, 'ANSES'),
(2, ' Comisaría '),
(3, ' DDI '),
(4, ' Defensoría del Pueblo'),
(5, ' Municipio'),
(6, ' Portal Mi Provincia  '),
(7, ' Unidad de Ministro (Ministerio de Justicia) '),
(8, 'Centro de Acceso a Justicia (CAJ)'),
(9, 'Dirección Provincial de Equidad de Género y Diversidad Sexual'),
(10, 'Dirección Provincial de Salud Mental y Adicciones'),
(11, 'Estado en Tu Barrio'),
(12, 'Fiscalía'),
(13, 'Juzgado'),
(14, 'Organismo Provincial de Niñez y Adolescencia'),
(15, 'Otro CAVAJ'),
(16, 'Policía Bonaerense'),
(17, 'Policía Federal'),
(18, 'Policía Local'),
(19, 'Policía Metropolitana'),
(20, 'Programa Provincial Cerca de Noche'),
(21, 'Registro Provincial de Información de Personas Menores de Edad Extraviadas (REPIPME)'),
(22, 'Casa de Justicia (Ministerio Público)'),
(23, 'Colegio de Abogados'),
(24, 'Otro');

-- --------------------------------------------------------

--
-- Estructura de tabla para la tabla `password_resets`
--

CREATE TABLE `password_resets` (
  `email` varchar(191) COLLATE utf8mb4_unicode_ci NOT NULL,
  `token` varchar(191) COLLATE utf8mb4_unicode_ci NOT NULL,
  `created_at` timestamp NULL DEFAULT NULL
) ENGINE=InnoDB DEFAULT CHARSET=utf8mb4 COLLATE=utf8mb4_unicode_ci;

--
-- Volcado de datos para la tabla `password_resets`
--

INSERT INTO `password_resets` (`email`, `token`, `created_at`) VALUES
('xul27@hotmail.com', '$2y$10$64BJSLT4Yla5Lh9r83Yj/.DXU5wAVMElwup5UyNEM2/xkQZtG2ZCi', '2019-06-03 19:20:58');

-- --------------------------------------------------------

--
-- Estructura de tabla para la tabla `personas`
--

CREATE TABLE `personas` (
  `id` int(10) UNSIGNED NOT NULL,
  `nombre_persona_asistida` varchar(255) DEFAULT NULL,
  `vinculo_victima` int(11) DEFAULT NULL,
  `vinculo_otro` varchar(255) DEFAULT NULL,
  `telefono_persona_asistida` int(30) DEFAULT NULL,
  `domicilio_persona_asistida` varchar(255) DEFAULT NULL,
  `localidad_persona_asistida` varchar(255) DEFAULT NULL,
  `idCaso` int(11) DEFAULT NULL,
  `idVictim` int(11) DEFAULT NULL,
  `userID_create` int(11) DEFAULT NULL,
  `created_at` timestamp NULL DEFAULT NULL,
  `userID_modify` int(11) DEFAULT NULL,
  `updated_at` timestamp NULL DEFAULT NULL,
  `activo` int(11) DEFAULT NULL
) ENGINE=InnoDB DEFAULT CHARSET=latin1;

--
-- Volcado de datos para la tabla `personas`
--

INSERT INTO `personas` (`id`, `nombre_persona_asistida`, `vinculo_victima`, `vinculo_otro`, `telefono_persona_asistida`, `domicilio_persona_asistida`, `localidad_persona_asistida`, `idCaso`, `idVictim`, `userID_create`, `created_at`, `userID_modify`, `updated_at`, `activo`) VALUES
(5, 'SONIA LOPEZ', 2, NULL, 0, 'Se desconoce', 'Se desconoce', 4, 4, 1, '2019-05-02 23:18:25', NULL, '2019-05-02 23:18:25', NULL),
(6, 'ESTEBAN LLANOS', 3, NULL, 0, 'Se desconoce', 'Se desconoce', 4, 4, 1, '2019-05-02 23:18:52', NULL, '2019-05-02 23:18:52', NULL),
(7, 'PERSONA ASISTIDA1', 2, NULL, 0, 'Se desconoce', 'Se desconoce', 4, 9, 1, '2019-05-03 01:05:51', NULL, '2019-05-03 01:05:51', NULL),
(8, 'PERSONA ASISTIDA 2', 3, NULL, 0, 'Se desconoce', 'Se desconoce', 4, 9, 1, '2019-05-03 01:06:33', NULL, '2019-05-03 01:06:33', NULL),
(11, 'RAUL RAMOS', 2, NULL, 0, 'Se desconoce', 'Se desconoce', 1, 12, 1, '2019-05-03 04:09:17', NULL, '2019-05-03 04:09:17', NULL),
(12, 'SONIA ROJO', 1, NULL, 0, 'Se desconoce', 'Se desconoce', 5, 12, 1, '2019-05-03 04:18:01', NULL, '2019-05-03 04:18:01', NULL),
(13, 'MARIA', 1, NULL, 0, 'Se desconoce', 'Se desconoce', 5, 13, NULL, '2019-05-03 04:27:29', 1, '2019-05-14 01:24:07', NULL),
(14, 'SOL MARIN', 3, NULL, 0, 'Se desconoce', 'Se desconoce', 6, 18, 1, '2019-05-03 06:37:52', NULL, '2019-05-03 06:37:52', NULL),
(15, 'RAUL MORAN', 1, NULL, 0, 'Se desconoce', 'Se desconoce', 6, 19, 1, '2019-05-03 06:42:32', NULL, '2019-05-03 06:42:32', NULL),
(16, 'RAQUEL', 1, NULL, 0, 'Se desconoce', 'Se desconoce', 6, 19, 1, '2019-05-03 06:46:11', NULL, '2019-05-03 06:46:11', NULL),
(17, 'NUEVA PERSONA', 2, NULL, 0, 'Se desconoce', 'Se desconoce', 6, NULL, 1, '2019-05-03 16:13:50', NULL, '2019-05-03 16:13:50', NULL),
(18, 'NORMA SERRANO', 1, NULL, 0, 'Se desconoce', 'Se desconoce', 29, NULL, NULL, '2019-05-03 16:28:33', 114, '2019-06-20 05:28:02', NULL),
(19, 'LIDIA SERRANO', 1, NULL, 0, 'Se desconoce', 'Se desconoce', 6, NULL, 1, '2019-05-03 16:31:10', NULL, '2019-05-03 16:31:10', NULL),
(20, 'JOAQUIN SERRANO', 3, NULL, 0, 'Se desconoce', 'Se desconoce', 6, NULL, 1, '2019-05-03 16:32:27', NULL, '2019-05-03 16:32:27', NULL),
(21, 'NUEVA PERSONA', 1, NULL, 0, 'Se desconoce', 'Se desconoce', 6, NULL, 1, '2019-05-03 16:40:51', NULL, '2019-05-03 16:40:51', NULL),
(22, 'PABLO NESTOR', 1, NULL, 0, 'Se desconoce', 'Se desconoce', 6, 20, 1, '2019-05-03 17:29:46', NULL, '2019-05-03 17:29:46', NULL),
(23, 'LUCKY LINCH', 1, NULL, 0, 'Se desconoce', 'Se desconoce', 6, 20, 1, '2019-05-03 17:48:41', NULL, '2019-05-03 17:48:41', NULL),
(24, 'LAURA SARA', 4, 'OTRO VINC', 0, 'Se desconoce', 'Se desconoce', 6, 21, 1, '2019-05-03 17:52:00', NULL, '2019-05-03 17:52:00', NULL),
(25, 'ISMAEL', 2, NULL, 0, 'Se desconoce', 'Se desconoce', 6, 20, 1, '2019-05-03 21:50:20', NULL, '2019-05-03 21:50:20', NULL),
(26, 'JUANSE', 1, NULL, 0, 'Se desconoce', 'Se desconoce', 8, 23, 1, '2019-05-03 22:18:43', NULL, '2019-05-03 22:18:43', NULL),
(27, 'JUAN CARLOS', 1, NULL, 0, 'Se desconoce', 'Se desconoce', 8, 24, 1, '2019-05-03 22:21:57', NULL, '2019-05-03 22:21:57', NULL),
(28, 'CRISTINA PEREZ', 1, NULL, 41523263, 'DRAGO 1001', 'LINCOLN', 9, 26, 1, '2019-05-04 02:31:16', NULL, '2019-05-04 02:31:16', NULL),
(29, 'SONIA PEREZ', 1, NULL, 0, 'Se desconoce', 'Se desconoce', 9, 26, 1, '2019-05-04 02:31:55', NULL, '2019-05-04 02:31:55', NULL),
(30, 'ESTEBAN GARCIA', 1, NULL, 0, 'Se desconoce', 'Se desconoce', 9, 26, 1, '2019-05-04 22:40:42', NULL, '2019-05-04 22:40:42', NULL),
(31, 'AGUSTINA FERNANDEZ', 3, NULL, 4256398, 'Se desconoce', 'Se desconoce', 9, 26, 1, '2019-05-04 22:47:24', NULL, '2019-05-04 22:47:24', NULL),
(32, 'NATALIA SOSA', 2, NULL, 0, 'Se desconoce', 'Se desconoce', 9, 26, NULL, '2019-05-05 06:22:33', 1, '2019-05-05 06:45:29', NULL),
(33, 'CRISTIAN RAMOS', 1, NULL, 0, 'Se desconoce', 'Se desconoce', 9, 26, 1, '2019-05-05 06:25:23', NULL, '2019-05-05 06:25:23', NULL),
(34, 'CRISTIAN RAMOS', 3, NULL, 0, 'Se desconoce', 'Se desconoce', 9, 26, 1, '2019-05-05 06:27:28', NULL, '2019-05-05 06:27:28', NULL),
(35, 'CARLOS MARIN', 2, NULL, 0, 'Se desconoce', 'Se desconoce', 9, 26, 1, '2019-05-05 06:47:12', NULL, '2019-05-05 06:47:12', NULL),
(36, 'ANDRES PEREZ', 1, NULL, 0, 'Se desconoce', 'Se desconoce', 11, 27, 1, '2019-05-05 17:37:21', NULL, '2019-05-05 17:37:21', NULL),
(37, 'LAURA PEREZ', 3, NULL, 0, 'Se desconoce', 'Se desconoce', 11, 27, 1, '2019-05-05 17:37:43', NULL, '2019-05-05 17:37:43', NULL),
(38, 'JOSE LUIS', 2, NULL, 0, 'Se desconoce', 'Se desconoce', 11, 28, 1, '2019-05-05 22:39:23', NULL, '2019-05-05 22:39:23', NULL),
(39, 'MARIA LUISA', 1, NULL, 0, 'Se desconoce', 'Se desconoce', 11, 27, 1, '2019-05-06 00:15:48', NULL, '2019-05-06 00:15:48', NULL),
(40, 'MARIA LUISA', 3, NULL, 0, 'Se desconoce', 'Se desconoce', 11, 27, 1, '2019-05-06 00:17:13', NULL, '2019-05-06 00:17:13', NULL),
(41, 'MARIA LUISA', 2, NULL, 0, 'Se desconoce', 'Se desconoce', 11, 27, 1, '2019-05-06 00:18:37', NULL, '2019-05-06 00:18:37', NULL),
(42, 'MARIA LUISA', 3, NULL, 0, 'Se desconoce', 'Se desconoce', 11, 27, 1, '2019-05-06 00:19:11', NULL, '2019-05-06 00:19:11', NULL),
(43, 'MARIA LUISA', 3, NULL, 0, 'Se desconoce', 'Se desconoce', 11, 27, 1, '2019-05-06 00:20:09', NULL, '2019-05-06 00:20:09', NULL),
(44, 'JUAN JOSE', 2, NULL, 0, 'Se desconoce', 'Se desconoce', 11, 27, 1, '2019-05-06 00:21:00', NULL, '2019-05-06 00:21:00', NULL),
(45, 'JUAN JOSE', 1, NULL, 0, 'Se desconoce', 'Se desconoce', 11, 27, 1, '2019-05-06 00:21:40', NULL, '2019-05-06 00:21:40', NULL),
(46, 'MARIA LUISA', 1, NULL, 0, 'Se desconoce', 'Se desconoce', 11, 27, 1, '2019-05-06 00:22:59', NULL, '2019-05-06 00:22:59', NULL),
(47, 'JOSE ANTONIO', 3, NULL, 0, 'Se desconoce', 'Se desconoce', 11, 27, 1, '2019-05-06 00:26:08', NULL, '2019-05-06 00:26:08', NULL),
(48, 'MARCO ANTONIO', 3, NULL, 0, 'Se desconoce', 'Se desconoce', 11, 27, 1, '2019-05-06 00:31:29', NULL, '2019-05-06 00:31:29', NULL),
(49, 'MARIA LUISA', 1, NULL, 0, 'Se desconoce', 'Se desconoce', 11, 27, NULL, '2019-05-06 00:32:20', 1, '2019-05-06 00:40:11', NULL),
(50, 'PABLO LUIS', 2, NULL, 0, 'Se desconoce', 'Se desconoce', 11, 27, 1, '2019-05-06 00:32:46', NULL, '2019-05-06 00:32:46', NULL),
(51, 'JOSE', 2, NULL, 0, 'Se desconoce', 'Se desconoce', 11, 27, NULL, '2019-05-06 00:33:34', 1, '2019-05-06 00:33:54', NULL),
(52, 'JOSE', 1, NULL, 0, 'Se desconoce', 'Se desconoce', 11, 27, 1, '2019-05-06 00:34:22', NULL, '2019-05-06 00:34:22', NULL),
(53, 'PABLO LUIS', 2, NULL, 0, 'Se desconoce', 'Se desconoce', 11, 27, 1, '2019-05-06 00:39:18', NULL, '2019-05-06 00:39:18', NULL),
(54, 'NUEVA PERSONA', 1, NULL, 2147483647, 'Se desconoce', 'Se desconoce', 11, 27, NULL, '2019-05-06 00:55:40', 1, '2019-05-06 00:56:08', NULL),
(55, 'SUSANA SUN', 2, NULL, 0, 'Se desconoce', 'Se desconoce', 11, 31, NULL, '2019-05-06 01:45:59', 1, '2019-05-06 01:46:14', NULL),
(56, 'CARLA SANSO', 1, NULL, 0, 'Se desconoce', 'Se desconoce', 13, 32, 1, '2019-05-06 05:14:01', NULL, '2019-05-06 05:14:01', NULL),
(57, 'PABLO PEREZ', 2, NULL, 0, 'Se desconoce', 'Se desconoce', 13, 33, 1, '2019-05-06 05:18:52', NULL, '2019-05-06 05:18:52', NULL),
(58, 'NORMA LIMA', 1, NULL, 425698796, 'MITRE 1000', 'TRES LOMAS', 14, 34, NULL, '2019-05-07 02:56:59', 1, '2019-05-07 03:39:01', NULL),
(59, 'OSCAR LIMA', 1, NULL, 454123126, '9 DE JULIO Y MITRE', 'JUNIN', 14, 34, 1, '2019-05-07 02:58:28', NULL, '2019-05-07 02:58:28', NULL),
(60, 'JEREMIAS ROJO', 4, 'OTRO VINCULO', 0, 'Se desconoce', 'Se desconoce', 14, 35, 1, '2019-05-07 03:07:52', NULL, '2019-05-07 03:07:52', NULL),
(61, 'MARIO LOPEZ', 4, 'OTRO VINCULO', 45698789, 'MITRE Y DRAGO', 'TRES LOMAS', 14, 34, 1, '2019-05-07 03:37:24', NULL, '2019-05-07 03:37:24', NULL),
(62, 'JORGE PEREZ', 2, NULL, 0, 'Se desconoce', 'Se desconoce', 16, 38, 1, '2019-05-09 21:22:05', NULL, '2019-05-09 21:22:05', NULL),
(63, 'NATALIA BUENO', 1, NULL, 451231223, 'Se desconoce', 'Se desconoce', 15, 37, NULL, '2019-05-16 19:02:21', 1, '2019-05-16 19:02:44', NULL),
(64, 'JOSE FLORES', 1, NULL, 0, 'Se desconoce', 'Se desconoce', 24, 39, 114, '2019-05-31 04:38:19', NULL, '2019-05-31 04:38:19', NULL),
(65, 'JOSE PEREZ', 1, NULL, 21455266, 'DRAGO Y NUEVE DE JULIO', 'LANUS', 28, 41, NULL, '2019-06-02 16:40:37', 114, '2019-06-02 17:14:48', NULL),
(66, 'JOSEFINA PEREZ', 2, NULL, 0, 'Se desconoce', 'Se desconoce', 28, 41, NULL, '2019-06-02 16:40:57', 114, '2019-06-02 17:15:02', NULL),
(67, 'ISMAEL ISAC', 4, 'OTRO VINCULO', 0, 'Se desconoce', 'Se desconoce', 28, 41, 114, '2019-06-02 16:41:34', NULL, '2019-06-02 16:41:34', NULL),
(68, 'MARCOS SIMON', 2, NULL, 0, 'Se desconoce', 'Se desconoce', 28, 42, 114, '2019-06-02 16:48:35', NULL, '2019-06-02 16:48:35', NULL),
(69, 'PERSONA ASISTIDA AGREGADA', 2, NULL, 0, 'Se desconoce', 'Se desconoce', 28, 43, 114, '2019-06-02 16:55:05', NULL, '2019-06-02 16:55:05', NULL),
(70, 'CARLOS PEREZ', 1, NULL, 221, 'Se desconoce', 'Se desconoce', 29, 45, NULL, '2019-06-03 18:42:39', 114, '2019-06-18 05:14:56', NULL),
(71, 'SOFIA LOPEZ', 2, NULL, 0, 'Se desconoce', 'Se desconoce', 29, 45, 114, '2019-06-03 18:43:04', NULL, '2019-06-03 18:43:04', NULL),
(72, 'LAURA OLIVA', 1, NULL, 0, 'Se desconoce', 'Se desconoce', 29, 46, 114, '2019-06-03 18:54:16', NULL, '2019-06-03 18:54:16', NULL),
(73, 'JOSE RAMOS', 1, NULL, 0, 'Se desconoce', 'Se desconoce', 32, 47, 114, '2019-06-11 19:58:42', NULL, '2019-06-11 19:58:42', NULL),
(74, 'JUAN CASTRO', 1, NULL, 0, 'Se desconoce', 'Se desconoce', 33, 49, 114, '2019-06-12 13:55:44', NULL, '2019-06-12 13:55:44', NULL),
(75, 'ROMINA CASTRO', 2, NULL, 0, 'Se desconoce', 'Se desconoce', 33, 49, 114, '2019-06-12 13:56:02', NULL, '2019-06-12 13:56:02', NULL),
(76, 'JOSE SARAMAGO', 1, NULL, 0, 'Se desconoce', 'Se desconoce', 35, 54, 114, '2019-06-12 16:22:35', NULL, '2019-06-12 16:22:35', NULL),
(77, 'LAURA RAMOS', 2, NULL, 0, 'Se desconoce', 'Se desconoce', 35, 54, 114, '2019-06-12 16:22:54', NULL, '2019-06-12 16:22:54', NULL),
(78, 'JOSE PEREZ', 1, NULL, 0, 'Se desconoce', 'Se desconoce', 36, 56, 114, '2019-06-12 19:15:50', NULL, '2019-06-12 19:15:50', NULL),
(79, 'MARISOL PEREZ', 2, NULL, 0, 'Se desconoce', 'Se desconoce', 37, 58, NULL, '2019-06-12 23:35:44', 114, '2019-06-13 03:01:58', NULL),
(80, 'JULIAN GOMEZ', 2, NULL, 0, 'Se desconoce', 'Se desconoce', 37, 58, NULL, '2019-06-12 23:41:24', 114, '2019-06-13 04:00:20', NULL),
(81, 'MARIA GOMEZ', 2, NULL, 0, 'Se desconoce', 'Se desconoce', 37, 58, NULL, '2019-06-13 00:11:32', 114, '2019-06-13 03:04:43', NULL),
(82, 'NUEVA PERSONA', 2, NULL, 0, 'Se desconoce', 'Se desconoce', 37, 59, NULL, '2019-06-13 03:11:18', 114, '2019-06-13 03:11:29', NULL),
(83, 'JOSEFINA MORALES', 4, 'OTRO JOSEFINA', 0, 'Se desconoce', 'Se desconoce', NULL, 60, NULL, '2019-06-13 04:39:45', 114, '2019-06-13 13:42:59', NULL),
(84, 'PABLO MORALES', 4, 'OTRO VINC', 0, 'Se desconoce', 'Se desconoce', 38, 60, NULL, '2019-06-13 04:40:05', 114, '2019-06-13 04:54:43', NULL),
(85, 'ROMINA MAS', 1, NULL, 0, 'Se desconoce', 'Se desconoce', 39, 64, NULL, '2019-06-13 13:48:48', 114, '2019-06-13 22:30:16', NULL),
(86, 'JOSE MAS', 4, 'OTRO JOSE JOSE', 2147483647, 'DRAGO 1035', 'LINCOLN', 39, 64, NULL, '2019-06-13 13:49:20', 114, '2019-06-13 22:42:38', NULL),
(87, 'JORGE LUIS', NULL, NULL, 0, 'Se desconoce', 'Se desconoce', 41, 69, 114, '2019-06-14 19:43:41', NULL, '2019-06-14 19:43:41', NULL),
(88, 'JOSE PEREZ', 1, NULL, 0, 'Se desconoce', 'Se desconoce', 42, 70, NULL, '2019-06-17 00:56:35', 114, '2019-06-17 05:57:11', NULL),
(89, 'NATALIA PEREZ', 1, NULL, 0, 'Se desconoce', 'Se desconoce', 42, 70, NULL, '2019-06-17 00:56:54', 114, '2019-06-17 03:58:24', NULL),
(90, 'JOSEFINA PEREZ', NULL, NULL, 0, 'Se desconoce', 'Se desconoce', 42, 71, 114, '2019-06-17 01:42:03', NULL, '2019-06-17 01:42:03', NULL),
(91, 'OMAR', NULL, NULL, 0, 'Se desconoce', 'Se desconoce', 42, 71, 114, '2019-06-17 02:38:59', NULL, '2019-06-17 02:38:59', NULL),
(92, 'NUEVA PERSONA', NULL, NULL, 0, 'Se desconoce', 'Se desconoce', 42, 72, 114, '2019-06-17 03:58:59', NULL, '2019-06-17 03:58:59', NULL),
(93, 'NUEVA PERSONA II', NULL, NULL, 0, 'Se desconoce', 'Se desconoce', 42, 72, 114, '2019-06-17 03:59:47', NULL, '2019-06-17 03:59:47', NULL),
(94, 'PERSONA NUEVA III', NULL, NULL, 0, 'Se desconoce', 'Se desconoce', 42, 72, 114, '2019-06-17 04:03:43', NULL, '2019-06-17 04:03:43', NULL),
(95, 'OTRA PERSONA', 3, NULL, 0, 'Se desconoce', 'Se desconoce', 42, 72, 114, '2019-06-17 04:12:53', NULL, '2019-06-17 04:12:53', NULL),
(96, 'SILVIA PEREZ', 4, 'OTRO SILVIA', 0, 'Se desconoce', 'Se desconoce', 43, 73, NULL, '2019-06-17 04:23:50', 114, '2019-06-17 04:32:45', NULL),
(97, 'ESTEBAN PEREZ', 2, NULL, 0, 'Se desconoce', 'Se desconoce', 43, 73, NULL, '2019-06-17 04:24:17', 114, '2019-06-17 04:35:57', NULL),
(98, NULL, NULL, NULL, NULL, NULL, NULL, 44, 75, 114, '2019-06-17 17:57:25', NULL, '2019-06-17 17:57:25', NULL),
(99, NULL, NULL, NULL, NULL, NULL, NULL, 44, 75, 114, '2019-06-17 18:01:48', NULL, '2019-06-17 18:01:48', NULL),
(100, NULL, NULL, NULL, NULL, NULL, NULL, 44, 75, 114, '2019-06-17 18:39:46', NULL, '2019-06-17 18:39:46', NULL),
(101, 'JOSE FLORES', 3, NULL, 42156329, 'Se desconoce', 'Se desconoce', 45, 76, NULL, '2019-06-17 20:00:46', 114, '2019-06-17 23:16:25', NULL),
(102, 'JOSEFINA FLOREZ', 1, NULL, 0, 'Se desconoce', 'Se desconoce', 46, 79, NULL, '2019-06-18 18:04:17', 114, '2019-06-18 18:13:45', NULL),
(103, 'MARTA FLORES', 1, NULL, 0, 'Se desconoce', 'Se desconoce', 46, 79, NULL, '2019-06-18 18:04:36', 114, '2019-06-18 18:14:30', NULL),
(104, 'RAUL RAMOS', 3, NULL, 0, 'Se desconoce', 'Se desconoce', 46, 80, NULL, '2019-06-18 18:15:11', 114, '2019-06-18 18:23:21', NULL);

-- --------------------------------------------------------

--
-- Estructura de tabla para la tabla `profesionales`
--

CREATE TABLE `profesionales` (
  `id` int(10) UNSIGNED NOT NULL,
  `nombre_profesional_interviniente` int(3) NOT NULL,
  `nombre_profesional_interviniente_otro` varchar(250) DEFAULT NULL,
  `desde_profesional_interviniente` varchar(20) DEFAULT NULL,
  `actual_profesional_interviniente` int(11) DEFAULT NULL,
  `hasta_profesional_interviniente` varchar(20) DEFAULT NULL,
  `idCaso` int(11) DEFAULT NULL,
  `userID_create` int(11) DEFAULT NULL,
  `created_at` timestamp NULL DEFAULT NULL,
  `userID_modify` int(11) DEFAULT NULL,
  `updated_at` timestamp NULL DEFAULT NULL,
  `activo` int(11) DEFAULT NULL
) ENGINE=InnoDB DEFAULT CHARSET=latin1;

--
-- Volcado de datos para la tabla `profesionales`
--

INSERT INTO `profesionales` (`id`, `nombre_profesional_interviniente`, `nombre_profesional_interviniente_otro`, `desde_profesional_interviniente`, `actual_profesional_interviniente`, `hasta_profesional_interviniente`, `idCaso`, `userID_create`, `created_at`, `userID_modify`, `updated_at`, `activo`) VALUES
(1, 31, '', '2019-05-23', 1, NULL, 1, 3, '2019-05-23 18:01:03', NULL, '2019-05-23 18:01:03', NULL),
(2, 44, '', '2019-05-23', 1, NULL, 1, 3, '2019-05-23 18:09:10', NULL, '2019-05-23 18:09:10', NULL),
(3, 3, '', '2019-05-23', 1, NULL, 2, 2, '2019-05-23 19:08:33', NULL, '2019-05-23 19:08:33', NULL),
(4, 35, '', '2019-05-22', 1, NULL, 2, 2, '2019-05-23 19:09:33', NULL, '2019-05-23 19:09:33', NULL),
(5, 3, '', '2019-05-16', 1, NULL, 3, 1, '2019-05-23 19:55:58', NULL, '2019-05-23 19:55:58', NULL),
(6, 4, '', NULL, NULL, NULL, 4, NULL, NULL, NULL, NULL, NULL),
(7, 56, '', '2019-05-23', 1, NULL, 4, 3, '2019-05-23 21:03:37', NULL, '2019-05-23 21:03:37', NULL),
(8, 3, '', NULL, NULL, NULL, 5, NULL, NULL, NULL, NULL, NULL),
(9, 88, '', '2019-05-23', 1, NULL, 5, 3, '2019-05-23 21:08:03', NULL, '2019-05-23 21:08:03', NULL),
(10, 70, '', '2019-05-23', 1, NULL, 5, 3, '2019-05-23 21:08:56', NULL, '2019-05-23 21:08:56', NULL),
(11, 3, '', NULL, NULL, NULL, 6, NULL, NULL, NULL, NULL, NULL),
(12, 70, '', '2019-05-23', 1, NULL, 6, 3, '2019-05-23 21:12:53', NULL, '2019-05-23 21:12:53', NULL),
(13, 70, '', '2019-05-23', 1, NULL, 6, 3, '2019-05-23 21:12:54', NULL, '2019-05-23 21:12:54', NULL),
(14, 37, '', '2019-05-23', 1, NULL, 6, 3, '2019-05-23 21:13:16', NULL, '2019-05-23 21:13:16', NULL),
(15, 101, '', '2019-05-23', 1, NULL, 6, 3, '2019-05-23 21:13:41', NULL, '2019-05-23 21:13:41', NULL),
(16, 3, '', NULL, NULL, NULL, 7, NULL, NULL, NULL, NULL, NULL),
(17, 93, '', '2019-05-23', 1, NULL, 7, 3, '2019-05-24 00:05:18', NULL, '2019-05-24 00:05:18', NULL),
(19, 3, '', '2019-05-23', 1, NULL, 8, 2, '2019-05-24 00:37:28', NULL, '2019-05-24 00:37:28', NULL),
(20, 12, '', NULL, NULL, NULL, 9, NULL, NULL, NULL, NULL, NULL),
(21, 12, '', NULL, NULL, NULL, 10, NULL, NULL, NULL, NULL, NULL),
(22, 12, '', NULL, NULL, NULL, 11, NULL, NULL, NULL, NULL, NULL),
(23, 3, '', '2019-05-28', 1, NULL, 12, 116, '2019-05-28 20:36:39', NULL, '2019-05-28 20:36:39', NULL),
(24, 107, '', '2019-05-02', 1, NULL, 12, 116, '2019-05-28 20:38:49', NULL, '2019-05-28 20:38:49', NULL),
(25, 87, '', '2019-05-21', 1, NULL, 12, 116, '2019-05-28 20:42:50', NULL, '2019-05-28 20:42:50', NULL),
(26, 87, '', '2019-05-21', 1, NULL, 12, 116, '2019-05-28 20:44:56', NULL, '2019-05-28 20:44:56', NULL),
(27, 12, '', '2019-05-01', 1, NULL, 13, 116, '2019-05-28 23:03:35', NULL, '2019-05-28 23:03:35', NULL),
(28, 12, '', '2019-05-01', 1, NULL, 13, 116, '2019-05-28 23:14:27', NULL, '2019-05-28 23:14:27', NULL),
(29, 12, '', '2019-05-01', 1, NULL, 13, 116, '2019-05-28 23:20:30', NULL, '2019-05-28 23:20:30', NULL),
(30, 12, '', '2019-05-01', 1, NULL, 13, 116, '2019-05-28 23:24:17', NULL, '2019-05-28 23:24:17', NULL),
(31, 12, '', '2019-05-01', 1, NULL, 13, 116, '2019-05-28 23:24:54', NULL, '2019-05-28 23:24:54', NULL),
(32, 12, '', '2019-05-01', 1, NULL, 13, 116, '2019-05-28 23:25:14', NULL, '2019-05-28 23:25:14', NULL),
(33, 12, '', '2019-05-16', 1, NULL, 14, 116, '2019-05-28 23:52:22', NULL, '2019-05-28 23:52:22', NULL),
(34, 35, '', '2019-05-28', 1, NULL, 15, 116, '2019-05-29 02:40:44', NULL, '2019-05-29 02:40:44', NULL),
(35, 35, '', NULL, NULL, NULL, 15, NULL, NULL, NULL, NULL, NULL),
(36, 70, '', '2019-05-09', 1, NULL, 15, 116, '2019-05-29 02:41:01', NULL, '2019-05-29 02:41:01', NULL),
(37, 70, '', NULL, NULL, NULL, 15, NULL, NULL, NULL, NULL, NULL),
(38, 3, '', '2019-05-28', 1, NULL, 15, 116, '2019-05-29 02:41:58', NULL, '2019-05-29 02:41:58', NULL),
(39, 3, '', NULL, NULL, NULL, 15, NULL, NULL, NULL, NULL, NULL),
(40, 73, '', '2019-05-28', 1, NULL, 15, 116, '2019-05-29 02:42:54', NULL, '2019-05-29 02:42:54', NULL),
(41, 73, '', NULL, NULL, NULL, 15, NULL, NULL, NULL, NULL, NULL),
(42, 70, '', '2019-05-28', 1, NULL, 15, 116, '2019-05-29 03:31:23', NULL, '2019-05-29 03:31:23', NULL),
(43, 70, '', NULL, NULL, NULL, 15, NULL, NULL, NULL, NULL, NULL),
(44, 93, '', '2019-05-16', 1, NULL, 15, 116, '2019-05-29 03:31:38', NULL, '2019-05-29 03:31:38', NULL),
(45, 93, '', NULL, NULL, NULL, 15, NULL, NULL, NULL, NULL, NULL),
(46, 34, '', '2019-05-22', 1, NULL, 15, 116, '2019-05-29 03:33:19', NULL, '2019-05-29 03:33:19', NULL),
(47, 34, '', NULL, NULL, NULL, 15, NULL, NULL, NULL, NULL, NULL),
(48, 35, '', '2019-05-15', 1, NULL, 16, 1, '2019-05-29 15:42:48', NULL, '2019-05-29 15:42:48', NULL),
(49, 50, '', '2019-05-29', 1, NULL, 16, 1, '2019-05-29 15:47:45', NULL, '2019-05-29 15:47:45', NULL),
(50, 35, '', '2019-05-29', 1, NULL, 17, 50, '2019-05-29 16:00:37', NULL, '2019-05-29 16:00:37', NULL),
(51, 35, '', '2019-05-29', 1, NULL, 17, 50, '2019-05-29 16:02:23', NULL, '2019-05-29 16:02:23', NULL),
(52, 35, '', NULL, NULL, NULL, 17, NULL, NULL, NULL, NULL, NULL),
(53, 44, '', '2019-05-09', 1, NULL, 17, 50, '2019-05-29 16:02:41', NULL, '2019-05-29 16:02:41', NULL),
(54, 44, '', NULL, NULL, NULL, 17, NULL, NULL, NULL, NULL, NULL),
(55, 70, '', '2019-05-29', 1, NULL, 18, 50, '2019-05-29 16:57:23', NULL, '2019-05-29 16:57:23', NULL),
(56, 70, '', NULL, NULL, NULL, 18, NULL, NULL, NULL, NULL, NULL),
(57, 35, '', '2019-05-17', 1, NULL, 18, 50, '2019-05-29 16:58:29', NULL, '2019-05-29 16:58:29', NULL),
(58, 107, '', '2019-05-15', 1, NULL, 18, 50, '2019-05-29 17:00:24', NULL, '2019-05-29 17:00:24', NULL),
(59, 0, '', NULL, NULL, NULL, 18, NULL, NULL, NULL, NULL, NULL),
(60, 88, '', '2019-05-09', 1, NULL, 18, 50, '2019-05-29 17:04:53', NULL, '2019-05-29 17:04:53', NULL),
(61, 0, '', NULL, NULL, NULL, 18, NULL, NULL, NULL, NULL, NULL),
(62, 44, '', '2019-05-15', 1, NULL, 18, 50, '2019-05-29 17:06:30', NULL, '2019-05-29 17:06:30', NULL),
(63, 50, '', NULL, NULL, NULL, 18, NULL, NULL, NULL, NULL, NULL),
(64, 70, '', '2019-05-29', 1, NULL, 18, 50, '2019-05-29 17:14:57', NULL, '2019-05-29 17:14:57', NULL),
(65, 50, '', NULL, NULL, NULL, 18, NULL, NULL, NULL, NULL, NULL),
(66, 44, '', '2019-05-29', 1, NULL, 18, 50, '2019-05-29 17:15:18', NULL, '2019-05-29 17:15:18', NULL),
(67, 50, '', NULL, NULL, NULL, 18, NULL, NULL, NULL, NULL, NULL),
(68, 70, '', '2019-05-29', 1, NULL, 19, 115, '2019-05-29 19:58:17', NULL, '2019-05-29 19:58:17', NULL),
(69, 70, '', '2019-05-29', 1, NULL, 19, 115, '2019-05-29 19:59:37', NULL, '2019-05-29 19:59:37', NULL),
(70, 115, '', NULL, NULL, NULL, 19, NULL, NULL, NULL, NULL, NULL),
(71, 107, '', '2019-05-29', 1, NULL, 19, 115, '2019-05-29 19:59:54', NULL, '2019-05-29 19:59:54', NULL),
(72, 115, '', NULL, NULL, NULL, 19, NULL, NULL, NULL, NULL, NULL),
(73, 12, '', '2019-05-29', 1, NULL, 19, 115, '2019-05-29 20:00:18', NULL, '2019-05-29 20:00:18', NULL),
(74, 115, '', NULL, NULL, NULL, 19, NULL, NULL, NULL, NULL, NULL),
(75, 34, '', '2019-05-29', 1, NULL, 19, 115, '2019-05-29 20:00:45', NULL, '2019-05-29 20:00:45', NULL),
(76, 115, '', NULL, NULL, NULL, 19, NULL, NULL, NULL, NULL, NULL),
(77, 34, '', '2019-05-29', 1, NULL, 19, 115, '2019-05-29 20:00:46', NULL, '2019-05-29 20:00:46', NULL),
(78, 115, '', NULL, NULL, NULL, 19, NULL, NULL, NULL, NULL, NULL),
(79, 21, '', '2019-05-29', 1, NULL, 19, 115, '2019-05-29 20:02:35', NULL, '2019-05-29 20:02:35', NULL),
(80, 115, '', NULL, NULL, NULL, 19, NULL, NULL, NULL, NULL, NULL),
(81, 21, '', '2019-05-29', 1, NULL, 19, 115, '2019-05-29 20:02:35', NULL, '2019-05-29 20:02:35', NULL),
(82, 115, '', NULL, NULL, NULL, 19, NULL, NULL, NULL, NULL, NULL),
(83, 44, '', '2019-05-29', 1, NULL, 20, 115, '2019-05-29 20:09:17', NULL, '2019-05-29 20:09:17', NULL),
(84, 115, '', NULL, NULL, NULL, 20, NULL, NULL, NULL, NULL, NULL),
(85, 61, '', '2019-05-29', 1, NULL, 20, 115, '2019-05-29 20:10:29', NULL, '2019-05-29 20:10:29', NULL),
(86, 115, '', NULL, NULL, NULL, 20, NULL, NULL, NULL, NULL, NULL),
(87, 70, '', '2019-05-29', 1, NULL, 21, 114, '2019-05-30 02:52:34', NULL, '2019-05-30 02:52:34', NULL),
(88, 114, '', NULL, NULL, NULL, 21, NULL, NULL, NULL, NULL, NULL),
(89, 21, '', '2019-05-29', 1, NULL, 21, 114, '2019-05-30 02:53:50', NULL, '2019-05-30 02:53:50', NULL),
(90, 114, '', NULL, NULL, NULL, 21, NULL, NULL, NULL, NULL, NULL),
(91, 87, '', '2019-05-29', 1, NULL, 21, 114, '2019-05-30 04:39:24', NULL, '2019-05-30 04:39:24', NULL),
(92, 114, '', NULL, NULL, NULL, 21, NULL, NULL, NULL, NULL, NULL),
(93, 35, '', '2019-05-30', 1, NULL, 22, 114, '2019-05-30 14:03:40', NULL, '2019-05-30 14:03:40', NULL),
(94, 35, '', '2019-05-30', 1, NULL, 22, 114, '2019-05-30 14:10:31', NULL, '2019-05-30 14:10:31', NULL),
(95, 37, '', '2019-05-30', 1, NULL, 22, 114, '2019-05-30 14:10:58', NULL, '2019-05-30 14:10:58', NULL),
(96, 21, '', '2019-05-30', 1, NULL, 22, 114, '2019-05-30 14:14:51', NULL, '2019-05-30 14:14:51', NULL),
(97, 88, '', '2019-05-16', 1, NULL, 22, 114, '2019-05-30 14:15:29', NULL, '2019-05-30 14:15:29', NULL),
(98, 114, '', NULL, NULL, NULL, 22, NULL, NULL, NULL, NULL, NULL),
(99, 101, '', '2019-05-30', 1, NULL, 23, 114, '2019-05-30 18:35:28', NULL, '2019-05-30 18:35:28', NULL),
(100, 114, '', NULL, NULL, NULL, 23, NULL, NULL, NULL, NULL, NULL),
(101, 94, '', '2019-05-30', 1, NULL, 23, 114, '2019-05-30 18:36:02', NULL, '2019-05-30 18:36:02', NULL),
(102, 61, '', '2019-05-30', 1, NULL, 23, 114, '2019-05-30 18:38:27', NULL, '2019-05-30 18:38:27', NULL),
(103, 94, '', '2019-05-16', 1, NULL, 23, 114, '2019-05-30 20:16:25', NULL, '2019-05-30 20:16:25', NULL),
(104, 21, '', '2019-05-30', 1, NULL, 24, 114, '2019-05-31 03:05:26', NULL, '2019-05-31 03:05:26', NULL),
(105, 114, '', NULL, NULL, NULL, 24, NULL, NULL, NULL, NULL, NULL),
(106, 85, '', '2019-05-30', 1, NULL, 24, 114, '2019-05-31 03:05:46', NULL, '2019-05-31 03:05:46', NULL),
(107, 70, '', '2019-05-16', 1, NULL, 24, 114, '2019-05-31 04:04:53', NULL, '2019-05-31 04:04:53', NULL),
(108, 70, '', '2019-05-31', 1, NULL, 25, 114, '2019-05-31 13:54:46', NULL, '2019-05-31 13:54:46', NULL),
(109, 114, '', NULL, NULL, NULL, 25, NULL, NULL, NULL, NULL, NULL),
(110, 56, '', '2019-05-31', 1, NULL, 25, 114, '2019-05-31 14:11:12', NULL, '2019-05-31 14:11:12', NULL),
(111, 93, '', '2019-05-24', 1, NULL, 25, 114, '2019-05-31 14:12:01', NULL, '2019-05-31 14:12:01', NULL),
(112, 85, '', '2019-05-31', 1, NULL, 25, 114, '2019-05-31 14:12:52', NULL, '2019-05-31 14:12:52', NULL),
(113, 87, '', '2019-05-31', 1, NULL, 25, 114, '2019-05-31 14:14:20', NULL, '2019-05-31 14:14:20', NULL),
(114, 85, '', '2019-05-24', 1, NULL, NULL, 114, '2019-06-01 03:06:53', NULL, '2019-06-01 03:06:53', NULL),
(115, 103, '', '2019-05-31', 1, NULL, NULL, 114, '2019-06-01 03:17:04', NULL, '2019-06-01 03:17:04', NULL),
(116, 70, '', '2019-05-02', 1, NULL, NULL, 114, '2019-06-01 03:28:42', NULL, '2019-06-01 03:28:42', NULL),
(117, 21, '', '2019-05-31', 1, NULL, NULL, 114, '2019-06-01 04:16:25', NULL, '2019-06-01 04:16:25', NULL),
(118, 56, '', '2019-05-23', 1, NULL, NULL, 114, '2019-06-01 04:20:04', NULL, '2019-06-01 04:20:04', NULL),
(119, 21, '', '2019-05-31', 1, NULL, NULL, 114, '2019-06-01 04:24:24', NULL, '2019-06-01 04:24:24', NULL),
(120, 93, '', '2019-06-01', 1, NULL, NULL, 114, '2019-06-01 20:49:06', NULL, '2019-06-01 20:49:06', NULL),
(121, 17, '', '2019-06-01', 1, NULL, NULL, 114, '2019-06-02 04:48:27', NULL, '2019-06-02 04:48:27', NULL),
(122, 17, '', '2019-06-01', 1, NULL, NULL, 114, '2019-06-02 04:48:30', NULL, '2019-06-02 04:48:30', NULL),
(123, 107, '', '2019-06-01', 1, NULL, NULL, 114, '2019-06-02 04:48:52', NULL, '2019-06-02 04:48:52', NULL),
(124, 12, '', '2019-06-01', 1, NULL, NULL, 114, '2019-06-02 04:49:17', NULL, '2019-06-02 04:49:17', NULL),
(125, 61, '', '2019-06-01', 1, NULL, NULL, 114, '2019-06-02 04:50:53', NULL, '2019-06-02 04:50:53', NULL),
(126, 1, '', '2019-06-02', 1, NULL, 28, 114, '2019-06-02 16:35:39', 114, '2019-06-03 01:26:29', NULL),
(127, 114, '', NULL, NULL, NULL, 28, NULL, NULL, NULL, NULL, NULL),
(128, 18, '', '2019-06-01', 1, NULL, 28, 114, '2019-06-02 16:36:03', 114, '2019-06-02 17:15:48', NULL),
(129, 107, '', '2019-06-01', 1, NULL, 28, 114, '2019-06-02 16:36:22', NULL, '2019-06-02 16:36:22', NULL),
(130, 80, '', '2019-06-01', 1, NULL, 28, 114, '2019-06-02 16:36:59', NULL, '2019-06-02 16:36:59', NULL),
(131, 95, '', '2019-06-01', 1, NULL, 28, 114, '2019-06-03 01:24:43', NULL, '2019-06-03 01:24:43', NULL),
(132, 70, '', '2019-06-01', 1, NULL, 28, 114, '2019-06-03 01:26:03', NULL, '2019-06-03 01:26:03', NULL),
(133, 70, '', '2019-05-01', 1, NULL, 29, 114, '2019-06-03 18:34:53', 114, '2019-06-20 05:28:33', NULL),
(134, 114, '', '2019-06-17', 1, NULL, 29, NULL, NULL, 114, '2019-06-18 05:13:56', NULL),
(135, 21, '', '2019-06-01', 1, NULL, 29, 114, '2019-06-03 18:36:57', NULL, '2019-06-03 18:36:57', NULL),
(136, 21, '', '2019-06-01', 1, NULL, 30, 70, '2019-06-03 21:13:13', NULL, '2019-06-03 21:13:13', NULL),
(137, 70, '', NULL, NULL, NULL, 30, NULL, NULL, NULL, NULL, NULL),
(138, 114, '', '2019-06-01', 1, NULL, 30, 70, '2019-06-03 21:13:57', NULL, '2019-06-03 21:13:57', NULL),
(139, 0, 'OTRO PROFESIONAL', '2019-06-01', 1, NULL, 31, 114, '2019-06-10 04:12:40', NULL, '2019-06-10 04:12:40', NULL),
(140, 0, 'OTRO PROFESIONAL', '2019-06-01', 1, NULL, 31, 114, '2019-06-10 04:14:35', NULL, '2019-06-10 04:14:35', NULL),
(141, 114, NULL, NULL, NULL, NULL, 31, NULL, NULL, NULL, NULL, NULL),
(142, 0, 'OTRO PROFESIONAL-ABOGADO', '2019-04-11', 1, NULL, 29, 114, '2019-06-10 04:18:31', 114, '2019-06-18 05:56:14', NULL),
(143, 101, NULL, '2019-06-10', 1, NULL, NULL, 114, '2019-06-10 15:45:50', NULL, '2019-06-10 15:45:50', NULL),
(144, 35, NULL, '2019-06-10', 1, NULL, NULL, 114, '2019-06-10 15:46:33', NULL, '2019-06-10 15:46:33', NULL),
(145, 37, NULL, '2019-06-10', 1, NULL, NULL, 114, '2019-06-10 15:47:24', NULL, '2019-06-10 15:47:24', NULL),
(146, 0, 'NUEVO PROFESIONAL', '2019-06-10', 1, NULL, NULL, 114, '2019-06-10 16:03:01', NULL, '2019-06-10 16:03:01', NULL),
(147, 0, 'JUAN ROJAS', '2019-06-10', 1, NULL, NULL, 114, '2019-06-10 16:07:17', NULL, '2019-06-10 16:07:17', NULL),
(148, 0, 'JUAN JOSE-ABOGADO', '2019-06-11', 1, NULL, 32, 114, '2019-06-11 19:56:21', NULL, '2019-06-11 19:56:21', NULL),
(149, 114, NULL, NULL, NULL, NULL, 32, NULL, NULL, NULL, NULL, NULL),
(150, 85, NULL, '2019-06-11', 1, NULL, 32, 114, '2019-06-11 19:56:37', NULL, '2019-06-11 19:56:37', NULL),
(151, 61, NULL, '2019-06-12', 1, NULL, 33, 114, '2019-06-12 13:53:51', NULL, '2019-06-12 13:53:51', NULL),
(152, 114, NULL, NULL, NULL, NULL, 33, NULL, NULL, NULL, NULL, NULL),
(153, 21, NULL, '2019-06-12', 1, NULL, 35, 114, '2019-06-12 16:21:05', NULL, '2019-06-12 16:21:05', NULL),
(154, 114, NULL, NULL, NULL, NULL, 35, NULL, NULL, NULL, NULL, NULL),
(155, 96, NULL, '2019-06-12', 1, NULL, 36, 114, '2019-06-12 19:14:27', NULL, '2019-06-12 19:14:27', NULL),
(156, 114, NULL, NULL, NULL, NULL, 36, NULL, NULL, NULL, NULL, NULL),
(157, 88, NULL, '2019-06-12', 1, NULL, 37, 114, '2019-06-12 23:20:05', NULL, '2019-06-12 23:20:05', NULL),
(158, 114, NULL, NULL, NULL, NULL, 37, NULL, NULL, NULL, NULL, NULL),
(159, 70, NULL, '2019-06-12', 1, NULL, 37, 114, '2019-06-12 23:20:23', NULL, '2019-06-12 23:20:23', NULL),
(160, 0, 'OTRO PROFESIONAL-ABOGADO', '2019-06-12', 1, NULL, 37, 114, '2019-06-12 23:20:49', NULL, '2019-06-12 23:20:49', NULL),
(161, 87, NULL, '2019-06-12', 1, NULL, 38, 114, '2019-06-13 04:38:18', NULL, '2019-06-13 04:38:18', NULL),
(162, 114, NULL, NULL, NULL, NULL, 38, NULL, NULL, NULL, NULL, NULL),
(163, 37, NULL, '2019-06-13', 1, NULL, 39, 114, '2019-06-13 13:46:43', NULL, '2019-06-13 13:46:43', NULL),
(164, 114, NULL, NULL, NULL, NULL, 39, NULL, NULL, NULL, NULL, NULL),
(167, 61, NULL, '2019-05-01', 1, NULL, 40, 114, '2019-06-14 14:10:08', 114, '2019-06-18 05:44:04', NULL),
(168, 114, NULL, NULL, NULL, NULL, 40, NULL, NULL, NULL, NULL, NULL),
(169, 35, NULL, '2019-06-14', 1, NULL, 41, 114, '2019-06-14 19:37:20', NULL, '2019-06-14 19:37:20', NULL),
(170, 114, NULL, NULL, NULL, NULL, 41, NULL, NULL, NULL, NULL, NULL),
(171, 21, NULL, '2019-06-16', 1, NULL, 42, 114, '2019-06-17 00:50:42', 114, '2019-06-17 06:04:06', NULL),
(172, 114, NULL, NULL, NULL, NULL, 42, NULL, NULL, NULL, NULL, NULL),
(173, 56, NULL, '2019-06-16', 1, NULL, 42, 114, '2019-06-17 00:50:57', NULL, '2019-06-17 00:50:57', NULL),
(174, 17, NULL, '2019-06-16', 1, NULL, 43, 114, '2019-06-17 04:19:35', NULL, '2019-06-17 04:19:35', NULL),
(175, 114, NULL, NULL, NULL, NULL, 43, NULL, NULL, NULL, NULL, NULL),
(176, 21, NULL, '2019-06-17', 1, NULL, 44, 114, '2019-06-17 17:45:40', NULL, '2019-06-17 17:45:40', NULL),
(177, 114, NULL, NULL, NULL, NULL, 44, NULL, NULL, NULL, NULL, NULL),
(178, 0, 'OTRO ', '2019-06-05', 1, NULL, 45, 114, '2019-06-17 19:58:08', 114, '2019-06-18 00:59:09', NULL),
(179, 0, 'OTR P', NULL, NULL, NULL, 45, NULL, NULL, NULL, NULL, NULL),
(180, 70, NULL, '2019-06-18', 1, NULL, 46, 114, '2019-06-18 18:00:12', NULL, '2019-06-18 18:00:12', NULL),
(181, 114, NULL, NULL, NULL, NULL, 46, NULL, NULL, NULL, NULL, NULL),
(182, 0, 'JOSE PEREZ-ABOGADO', '2019-06-04', 1, NULL, 46, 114, '2019-06-18 18:02:17', NULL, '2019-06-18 18:02:17', NULL),
(183, 93, NULL, '2019-06-19', 1, NULL, 29, 114, '2019-06-20 05:30:25', 114, '2019-06-20 05:30:43', NULL);

-- --------------------------------------------------------

--
-- Estructura de tabla para la tabla `programas`
--

CREATE TABLE `programas` (
  `id` int(10) UNSIGNED NOT NULL,
  `nombre` varchar(255) DEFAULT NULL
) ENGINE=InnoDB DEFAULT CHARSET=latin1;

--
-- Volcado de datos para la tabla `programas`
--

INSERT INTO `programas` (`id`, `nombre`) VALUES
(1, 'Jubilación'),
(2, 'Asignación Universal por Hijo'),
(3, 'PROGRESAR'),
(4, 'Pensión'),
(5, 'Otro');

-- --------------------------------------------------------

--
-- Estructura de tabla para la tabla `provincias`
--

CREATE TABLE `provincias` (
  `id` int(10) UNSIGNED NOT NULL,
  `nombre` varchar(255) DEFAULT NULL
) ENGINE=InnoDB DEFAULT CHARSET=latin1;

--
-- Volcado de datos para la tabla `provincias`
--

INSERT INTO `provincias` (`id`, `nombre`) VALUES
(1, 'Buenos Aires'),
(2, 'Ciudad Autónoma de Buenos Aires'),
(3, 'Catamarca'),
(4, 'Chaco'),
(5, 'Chubut'),
(6, 'Córdoba'),
(7, 'Corrientes'),
(8, 'Entre RÌos'),
(9, 'Formosa'),
(10, 'Jujuy'),
(11, 'La Pampa'),
(12, 'La Rioja'),
(13, 'Mendoza'),
(14, 'Misiones'),
(15, 'Neuquén'),
(16, 'RÌo Negro'),
(17, 'Salta'),
(18, 'San Juan'),
(19, 'San Luis'),
(20, 'Santa Cruz'),
(21, 'Santa Fe'),
(22, 'Santiago del Estero'),
(23, 'Tierra del Fuego, Antártida e Islas del Atlántico Sur'),
(24, 'Tucumán'),
(25, 'SE DESCONOCE');

-- --------------------------------------------------------

--
-- Estructura de tabla para la tabla `roles`
--

CREATE TABLE `roles` (
  `id` int(10) UNSIGNED NOT NULL,
  `role` varchar(255) COLLATE utf8mb4_unicode_ci NOT NULL,
  `descripcion` varchar(255) COLLATE utf8mb4_unicode_ci NOT NULL,
  `created_at` timestamp NULL DEFAULT NULL,
  `updated_at` timestamp NULL DEFAULT NULL
) ENGINE=InnoDB DEFAULT CHARSET=utf8mb4 COLLATE=utf8mb4_unicode_ci;

--
-- Volcado de datos para la tabla `roles`
--

INSERT INTO `roles` (`id`, `role`, `descripcion`, `created_at`, `updated_at`) VALUES
(1, 'admin', 'Director', '2019-02-21 16:59:42', '2019-02-21 16:59:42'),
(2, 'user', 'Administrativo', '2019-02-21 01:35:25', '2019-02-21 01:35:25'),
(3, 'profesional', 'Profesional', '2019-02-21 16:59:47', '2019-02-21 16:59:47');

-- --------------------------------------------------------

--
-- Estructura de tabla para la tabla `role_user`
--

CREATE TABLE `role_user` (
  `id` int(10) UNSIGNED NOT NULL,
  `role_id` int(10) UNSIGNED NOT NULL,
  `user_id` int(10) UNSIGNED NOT NULL,
  `created_at` timestamp NULL DEFAULT CURRENT_TIMESTAMP,
  `updated_at` timestamp NULL DEFAULT CURRENT_TIMESTAMP
) ENGINE=InnoDB DEFAULT CHARSET=utf8mb4 COLLATE=utf8mb4_unicode_ci;

--
-- Volcado de datos para la tabla `role_user`
--

INSERT INTO `role_user` (`id`, `role_id`, `user_id`, `created_at`, `updated_at`) VALUES
(1, 1, 1, '2019-02-20 22:35:26', '2019-02-20 22:35:26'),
(2, 1, 2, NULL, NULL),
(3, 1, 3, NULL, NULL),
(4, 3, 4, NULL, NULL),
(5, 3, 5, NULL, NULL),
(6, 3, 6, NULL, NULL),
(7, 3, 7, NULL, NULL),
(8, 3, 8, NULL, NULL),
(9, 3, 9, NULL, NULL),
(10, 3, 10, NULL, NULL),
(11, 2, 11, NULL, NULL),
(12, 3, 12, NULL, NULL),
(13, 3, 13, NULL, NULL),
(14, 3, 14, NULL, NULL),
(15, 3, 15, NULL, NULL),
(16, 3, 16, NULL, NULL),
(17, 3, 17, NULL, NULL),
(18, 3, 18, NULL, NULL),
(19, 3, 19, NULL, NULL),
(20, 3, 20, NULL, NULL),
(21, 3, 21, NULL, NULL),
(22, 3, 22, NULL, NULL),
(23, 3, 23, NULL, NULL),
(24, 3, 24, NULL, NULL),
(25, 3, 25, NULL, NULL),
(26, 2, 26, NULL, NULL),
(27, 1, 27, NULL, NULL),
(28, 3, 28, NULL, NULL),
(29, 1, 29, NULL, NULL),
(30, 3, 30, NULL, NULL),
(31, 2, 31, NULL, NULL),
(32, 2, 32, NULL, NULL),
(33, 3, 33, NULL, NULL),
(34, 2, 34, NULL, NULL),
(35, 3, 35, NULL, NULL),
(36, 2, 36, NULL, NULL),
(37, 3, 37, NULL, NULL),
(38, 3, 38, NULL, NULL),
(39, 2, 39, NULL, NULL),
(40, 3, 40, NULL, NULL),
(41, 2, 41, NULL, NULL),
(42, 3, 42, NULL, NULL),
(43, 3, 43, NULL, NULL),
(44, 2, 44, NULL, NULL),
(45, 3, 45, NULL, NULL),
(46, 3, 46, NULL, NULL),
(47, 2, 47, NULL, NULL),
(48, 3, 48, NULL, NULL),
(49, 3, 49, NULL, NULL),
(50, 3, 50, NULL, NULL),
(51, 3, 51, NULL, NULL),
(52, 2, 52, NULL, NULL),
(53, 3, 53, NULL, NULL),
(54, 2, 54, NULL, NULL),
(55, 2, 55, NULL, NULL),
(56, 3, 56, NULL, NULL),
(57, 3, 57, NULL, NULL),
(58, 3, 58, NULL, NULL),
(59, 3, 59, NULL, NULL),
(60, 2, 60, NULL, NULL),
(61, 3, 61, NULL, NULL),
(62, 3, 62, NULL, NULL),
(63, 3, 63, NULL, NULL),
(64, 3, 64, NULL, NULL),
(65, 3, 65, NULL, NULL),
(66, 3, 66, NULL, NULL),
(67, 3, 67, NULL, NULL),
(68, 2, 68, NULL, NULL),
(69, 3, 69, NULL, NULL),
(70, 3, 70, NULL, NULL),
(71, 3, 71, NULL, NULL),
(72, 3, 72, NULL, NULL),
(73, 3, 73, NULL, NULL),
(74, 3, 74, NULL, NULL),
(75, 3, 75, NULL, NULL),
(76, 3, 76, NULL, NULL),
(77, 3, 77, NULL, NULL),
(78, 3, 78, NULL, NULL),
(79, 3, 79, NULL, NULL),
(80, 3, 80, NULL, NULL),
(81, 3, 81, NULL, NULL),
(82, 3, 82, NULL, NULL),
(83, 2, 83, NULL, NULL),
(84, 3, 84, NULL, NULL),
(85, 3, 85, NULL, NULL),
(86, 3, 86, NULL, NULL),
(87, 3, 87, NULL, NULL),
(88, 3, 88, NULL, NULL),
(89, 3, 89, NULL, NULL),
(90, 3, 90, NULL, NULL),
(91, 3, 91, NULL, NULL),
(92, 3, 92, NULL, NULL),
(93, 3, 93, NULL, NULL),
(94, 2, 94, NULL, NULL),
(95, 3, 95, NULL, NULL),
(96, 3, 96, NULL, NULL),
(97, 3, 97, NULL, NULL),
(98, 2, 98, NULL, NULL),
(99, 3, 99, NULL, NULL),
(100, 2, 100, NULL, NULL),
(101, 3, 101, NULL, NULL),
(102, 3, 102, NULL, NULL),
(103, 3, 103, NULL, NULL),
(104, 2, 104, NULL, NULL),
(105, 3, 105, NULL, NULL),
(106, 3, 106, NULL, NULL),
(107, 3, 107, NULL, NULL),
(108, 3, 108, NULL, NULL),
(109, 3, 109, NULL, NULL),
(110, 3, 110, NULL, NULL),
(111, 3, 111, NULL, NULL),
(112, 3, 112, NULL, NULL),
(113, 3, 113, NULL, NULL),
(114, 3, 114, NULL, NULL),
(115, 3, 115, NULL, NULL),
(117, 2, 5, '2019-05-26 19:53:34', '2019-05-26 19:53:34'),
(118, 2, 6, '2019-05-26 19:58:09', '2019-05-26 19:58:09'),
(119, 2, 7, '2019-05-26 20:04:07', '2019-05-26 20:04:07'),
(120, 2, 8, '2019-05-26 21:08:56', '2019-05-26 21:08:56'),
(121, 2, 9, '2019-05-26 21:25:28', '2019-05-26 21:25:28'),
(122, 2, 10, '2019-05-26 21:27:26', '2019-05-26 21:27:26'),
(123, 2, 11, '2019-05-26 21:35:54', '2019-05-26 21:35:54'),
(124, 2, 12, '2019-05-26 22:16:56', '2019-05-26 22:16:56'),
(125, 2, 117, '2019-05-27 15:07:45', '2019-05-27 15:07:45');

-- --------------------------------------------------------

--
-- Estructura de tabla para la tabla `seguimientos`
--

CREATE TABLE `seguimientos` (
  `id` int(11) UNSIGNED NOT NULL,
  `fecha_seguimiento` varchar(20) DEFAULT NULL,
  `detalle_seguimiento` varchar(600) DEFAULT NULL,
  `idDerivacion` int(11) DEFAULT NULL,
  `created_at` timestamp NULL DEFAULT NULL,
  `updated_at` timestamp NULL DEFAULT NULL,
  `userID_create` int(11) DEFAULT NULL,
  `sede` varchar(255) DEFAULT NULL,
  `activo` int(11) DEFAULT NULL
) ENGINE=InnoDB DEFAULT CHARSET=latin1;

--
-- Volcado de datos para la tabla `seguimientos`
--

INSERT INTO `seguimientos` (`id`, `fecha_seguimiento`, `detalle_seguimiento`, `idDerivacion`, `created_at`, `updated_at`, `userID_create`, `sede`, `activo`) VALUES
(1, '1999-05-01', 'SEGUIMIENTO', 1, '2019-05-01 06:10:17', '2019-05-01 06:10:17', 1, 'LINCOLN', 1);

-- --------------------------------------------------------

--
-- Estructura de tabla para la tabla `socioeconomicos`
--

CREATE TABLE `socioeconomicos` (
  `id` int(10) UNSIGNED NOT NULL,
  `nombre` varchar(255) DEFAULT NULL
) ENGINE=InnoDB DEFAULT CHARSET=latin1;

--
-- Volcado de datos para la tabla `socioeconomicos`
--

INSERT INTO `socioeconomicos` (`id`, `nombre`) VALUES
(1, 'Salud'),
(2, 'Educación '),
(3, 'Trabajo'),
(4, 'Vivienda'),
(5, 'Vincular'),
(6, 'Otra');

-- --------------------------------------------------------

--
-- Estructura de tabla para la tabla `tipo_demandas`
--

CREATE TABLE `tipo_demandas` (
  `id` int(11) UNSIGNED NOT NULL,
  `nombre` varchar(100) DEFAULT NULL
) ENGINE=InnoDB DEFAULT CHARSET=latin1;

--
-- Volcado de datos para la tabla `tipo_demandas`
--

INSERT INTO `tipo_demandas` (`id`, `nombre`) VALUES
(1, 'Alimentos'),
(2, 'Conflicto vecinal'),
(3, 'Derecho de familia'),
(4, 'Divorcio'),
(5, 'Desalojo'),
(6, 'Tenencia'),
(7, 'Asesoramiento legal'),
(8, 'Violencia familiar'),
(9, 'Asistencia psicológica'),
(10, 'Vivienda'),
(11, 'Pensión por discapacidad'),
(12, 'Usurpación'),
(13, 'Empleo'),
(14, 'Asignación universal por hijo'),
(15, 'DNI'),
(16, 'Adicciones'),
(17, 'Otro');

-- --------------------------------------------------------

--
-- Estructura de tabla para la tabla `users`
--

CREATE TABLE `users` (
  `id` int(10) UNSIGNED NOT NULL,
  `email` varchar(255) COLLATE utf8mb4_unicode_ci DEFAULT NULL,
  `NewPass` varchar(255) COLLATE utf8mb4_unicode_ci NOT NULL,
  `sede` varchar(255) COLLATE utf8mb4_unicode_ci DEFAULT NULL,
  `area` varchar(255) COLLATE utf8mb4_unicode_ci DEFAULT NULL,
  `nombre` varchar(255) COLLATE utf8mb4_unicode_ci DEFAULT NULL,
  `apellido` varchar(255) COLLATE utf8mb4_unicode_ci DEFAULT NULL,
  `email_verified_at` timestamp NULL DEFAULT CURRENT_TIMESTAMP ON UPDATE CURRENT_TIMESTAMP,
  `password` varchar(255) COLLATE utf8mb4_unicode_ci DEFAULT NULL,
  `remember_token` varchar(100) COLLATE utf8mb4_unicode_ci DEFAULT NULL,
  `created_at` timestamp NULL DEFAULT CURRENT_TIMESTAMP,
  `updated_at` timestamp NULL DEFAULT CURRENT_TIMESTAMP
) ENGINE=InnoDB DEFAULT CHARSET=utf8mb4 COLLATE=utf8mb4_unicode_ci;

--
-- Volcado de datos para la tabla `users`
--

INSERT INTO `users` (`id`, `email`, `NewPass`, `sede`, `area`, `nombre`, `apellido`, `email_verified_at`, `password`, `remember_token`, `created_at`, `updated_at`) VALUES
(1, 'VEROBINCAZ@hotmail.com ', 'IVyWSA', 'LA PLATA', 'DIRECTORA PROVINCIAL', 'Veronica Haydeé', 'BINCAZ ', '2019-06-22 12:19:45', '$2y$10$a3vGpi46HbmkzHIc.gExEum9X.iS3LtrAPbbxIICUyjgzNjHflJBq', '2nf4dnSjSILYqISzqYRLiTsjw6H6w6YF2vFIR1pt4VHcGKrVakkW1hsQriel', NULL, '2019-06-22 15:15:29'),
(2, 'lic.juanbombelli@gmail.com', 'SjXJ8g', 'LA PLATA', 'DIRECTORA DE SEDES DECENTRALIZADAS', 'LUCIA', 'TEALDI', '2019-06-22 12:15:29', '$2y$10$R4g/tNy9vWEPUxU/C.KYxODH/YgmCwLWs6xQxpAri8i5IWAUZiLOm', NULL, NULL, '2019-06-22 15:15:29'),
(3, 'tealdi.lucia@gmail.com', 'mHJkfS', 'LA PLATA', 'DIRECTOR DE ASISTENCIA Y PROTECCIÓN A LA VÍCTIMA', 'Juan Ignacio', 'BOMBELLI', '2019-06-22 12:15:29', '$2y$10$X62UH7V48hbAhcE0y9vrLu1S/dZjOl1Mhii7ra52Ewbp6Fnjpkg02', NULL, NULL, '2019-06-22 15:15:29'),
(4, 'rominabenitezar@hotmail.com', 'AML4Wg', 'ALTE. BRWON', 'PSICÓLOGA', 'Romina', 'BENITEZ', '2019-06-22 12:15:29', '$2y$10$bR8c7T1EB6Y7JVvsVejmC.K0n4HnVU1fwAbRbactE22llynJExVX6', NULL, NULL, '2019-06-22 15:15:29'),
(5, 'veritoapc@hotmail.com', 'W1fFrG', 'ALTE. BRWON', 'TRABAJADORA SOCIAL', 'Verónica', 'PEREZ  ', '2019-06-22 12:15:29', '$2y$10$Lsp19fpuqclJIMn2LCUXJOOrGIR56T8Df2dXethCbri/SlEKPM366', NULL, NULL, '2019-06-22 15:15:29'),
(6, 'norbertoricco@hotmail.com', 'k2tdcu', 'ALTE. BRWON', 'ABOGADO', 'Norberto', 'RICCO ', '2019-06-22 12:15:30', '$2y$10$JElRn2Rr/53ocPwthHGzgOLxr98sTYsEPlkYri2LGlQXzphV3Lewi', NULL, NULL, '2019-06-22 15:15:30'),
(7, 'mflorencia_aramburu@hotmail.com', 'SRtC56', 'AZUL', 'ABOGADA', 'María Florencia', 'ARAMBURU', '2019-06-22 12:15:30', '$2y$10$Wmi8jRQ1gkp8NfT0fbIUUeV3aXiySk4BoxpBkijbtyFrqW2.UgQIq', NULL, NULL, '2019-06-22 15:15:30'),
(8, 'josefina.casado@gmail.com', 'sl6BcP', 'AZUL', 'PSICÓLOGA', 'Josefina', 'CASADO', '2019-06-22 12:15:30', '$2y$10$xQd/Dp6c2VyVayR/53FCa.4CqRLnoIR1FoYr9iCbXCnFkmBgeZBeK', NULL, NULL, '2019-06-22 15:15:30'),
(9, 'jime_ciappina@hotmail.com', 'fwqXKD', 'AZUL', 'TRABAJADORA SOCIAL', 'María Jimena', 'CIAPPINA', '2019-06-22 12:15:30', '$2y$10$ZQTIITTfNNaZLwFZ08hoVeBsdzVEvOr.8MZTh6Bmh80AxpYn3bIyO', NULL, NULL, '2019-06-22 15:15:30'),
(10, 'ignaciobarsellini@estudiobarsellini.com', '8cQryX', 'BAHIA BLANCA', 'ABOGADO', 'Ignacio Armando', 'BARSELLINI', '2019-06-22 12:15:30', '$2y$10$DBAofgndxZ2tE8SrGmykqu3KFIFEZvSooDJF966VTxVmoDfRusGMW', NULL, NULL, '2019-06-22 15:15:30'),
(11, 'iglesiabraun@hotmail.com.ar', 'B5v64i', 'BAHIA BLANCA', 'ADMINISTRATIVO', 'Martín', 'IGLESIA', '2019-06-22 12:15:30', '$2y$10$UVeSysSHkWS6eEGqyyXxR.Y8zLMp4k5j9cFVbN9jQgKNuedk6HQwi', NULL, NULL, '2019-06-22 15:15:30'),
(12, 'catalinaotero.bblanca@gmail.com', 'f8RiAN', 'BAHIA BLANCA', 'PSICÓLOGA', 'Ana Catalina', 'OTERO D.', '2019-06-22 12:15:31', '$2y$10$b0HsxOIgLUcRL/bltHEE/ObccIXm8r8JcyLw84wBp/LxGfQRlniQC', NULL, NULL, '2019-06-22 15:15:31'),
(13, 'mariela_delf@hotmail.com', 'IyRTAr', 'EZEIZA', 'TRABAJADORA SOCIAL', 'Mariela', 'FORNARI', '2019-06-22 12:15:31', '$2y$10$Iq7/LFQkEXiDQ7gdpIhSQu5i20bSoOxGrVBAeXHVAiSY/B0vNJhdK', NULL, NULL, '2019-06-22 15:15:31'),
(14, 'noeliadlombardo@gmail.com', 'ipTUFn', 'EZEIZA', 'ABOGADA', 'Noelia', 'LOMBARDO', '2019-06-22 12:15:31', '$2y$10$tW8Oda5K8ZRhPhbt748VC.VVn4ExYvkBy7FcI4rvtDyfN94e7JVI.', NULL, NULL, '2019-06-22 15:15:31'),
(15, 'gmatthesius@hotmail.com', 'Rt4mTq', 'EZEIZA', 'PSICÓLOGA', 'Gladys Mabel', 'MATTHESIUS', '2019-06-22 12:15:31', '$2y$10$/9mdFjaoQTph6s/8kmg7eOTg7kTTevDYBHk904JcwvTXCW4k/okuS', NULL, NULL, '2019-06-22 15:15:31'),
(16, 'cortes.m.soledad@gmail.com', 'vqj3zK', 'JOSE C. PAZ', 'ABOGADA', 'María Soledad', 'CORTES', '2019-06-22 12:15:31', '$2y$10$0NC8z5ULiYnFM9DZ2X0YleVCmmRNyOlKSeCKPrRSbJLzVJHDpjkVe', NULL, NULL, '2019-06-22 15:15:31'),
(17, 'alimichela@hotmail.com', 'nqhrow', 'JOSE C. PAZ', 'PSICÓLOGA', 'Alicia', 'MICHELA', '2019-06-22 12:15:32', '$2y$10$RzPHO9tGqQDbkwV2cmAfHuJb8YXQXX1GC6vxevgH/0Hm2pBqzyr4e', NULL, NULL, '2019-06-22 15:15:32'),
(18, 'anabela_romero_03@hotmail.com', 'q8FcoH', 'JOSE C. PAZ', 'TRABAJADORA SOCIAL', 'Soledad Anabela', 'ROMERO', '2019-06-22 12:15:32', '$2y$10$FMZL2rX9DblOJFil4hsiveh/bvZ8hNgiLpHDjcNspFPjoggR.Vabq', NULL, NULL, '2019-06-22 15:15:32'),
(19, 'giuliettacuozzo@hotmail.com', 'IOKYEA', 'LA MATANZA', 'PSICÓLOGA', 'Giulietta', 'CUOZZO', '2019-06-22 12:43:23', '$2y$10$4JDuFvguGV9CxiwPEGLL/eiuN4/d5wQlldI48jHQv7v2SoHpNiiOq', 'kLnkx9mrqRMDY1X1v2Ea8Gvv68Ekpn6wvVD2uHZhMUnUT9fMzxEs17VnAh7R', NULL, '2019-06-22 15:15:32'),
(20, 'jecru@yahoo.com.ar', '49R8Hk', 'LA MATANZA', 'TRABAJADORA SOCIAL', 'Jesica', 'CRUZ', '2019-06-22 12:15:32', '$2y$10$/DbiBm/COEbltETfCsE7n.WhVST4jIHNYJZKMb/YcjlURrAYmlNWK', NULL, NULL, '2019-06-22 15:15:32'),
(21, 'agustina.iriondo@hotmail.es', 'BYF3GH', 'LA MATANZA', 'PSICÓLOGA', 'AGUSTINA A.', 'IRIONDO', '2019-06-22 12:15:32', '$2y$10$9XEetM6YSvv1hd2EE9l7euLh.fRe9W5An5IBL0hfebM/fhsIepWB2', NULL, NULL, '2019-06-22 15:15:32'),
(22, 'mariel_velazquez@hotmail.com.ar', 'yCSDRm', 'LA MATANZA', 'ABOGADA', 'Rafaela Mariel', 'Velazquez', '2019-06-22 12:15:32', '$2y$10$VSh7.GlwShRdDb9O7dgEfepJR7m2YkgmbaFpTUIcqq9tw3EwRe0IC', NULL, NULL, '2019-06-22 15:15:32'),
(23, 'rjapecechea@gmail.com', 'ydciqD', 'LA PLATA', 'ABOGADO', 'Jorge', 'APECECHEA', '2019-06-22 12:15:32', '$2y$10$NZ0ztysGtZ4Jv8QS40clB.QnC8hvH8.AnWEsq2SzITSokrnVc1vHO', NULL, NULL, '2019-06-22 15:15:32'),
(24, 'julietapsi@gmail.com', '7PG92H', 'LA PLATA', 'PSICÓLOGA', 'Julieta Anahí', 'ARAGUES', '2019-06-22 12:15:33', '$2y$10$I654FF1c76m3v2XGo/rVU.nggRCzozkXNAmcn7mOHmyuD7tlt59LS', NULL, NULL, '2019-06-22 15:15:33'),
(25, 'veronica.ardohain76@gmail.com', 'ldrZRj', 'LA PLATA', 'TRABAJADORA SOCIAL', 'Veronica Haydeé', 'ARDOHAIN', '2019-06-22 12:15:33', '$2y$10$HMkErbbNSd8Ct/niQQcwse.AWGvbl3H832EGNnKRo4F6L1YJSV/Gu', NULL, NULL, '2019-06-22 15:15:33'),
(26, 'elbeca_81@hotmail.com', 'wfbdI3', 'LA PLATA', 'ADMINISTRATIVO', 'Agustín', 'BEJARANO', '2019-06-22 12:15:33', '$2y$10$KHSFIbwtPZIfG/wWKA1WdOh09I13gxN3CUDcGEzV6PNRF24kwuU4y', NULL, NULL, '2019-06-22 15:15:33'),
(27, 'maiacalabrese85@gmail.com', 'sSG2XQ', 'LA PLATA', 'EQUIPO DIRECCIÓN', 'Maia Yésica', 'CALABRESE', '2019-06-22 12:15:33', '$2y$10$.Zzrduactpn3Mk0sZDKyvOMkCu7Zc.x1WlyCx44dPylRT16hS2GWG', NULL, NULL, '2019-06-22 15:15:33'),
(28, 'marialujancic@gmail.com', 'uQMKDT', 'LA PLATA', 'PSICÓLOGA', 'Maria Lujan', 'CICCONI', '2019-06-22 12:15:34', '$2y$10$gStrfjlY9oaRfF3PriG3LudzODh.DoKR26lJpw4IAAX9Nflk1wtLW', NULL, NULL, '2019-06-22 15:15:34'),
(29, 'lu.comp1989@gmail.com', 'mbJci3', 'LA PLATA', 'EQUIPO DIRECCIÓN', 'Lucia', 'COMPAGNUCCI', '2019-06-22 12:15:34', '$2y$10$sYzkWjYjN6OBz0KNYJ2Qv.6RQBeJ/6OWTyNHrX9aUvI5rHLl308Te', NULL, NULL, '2019-06-22 15:15:34'),
(30, 'rocuccia@hotmail.com', '13BONr', 'LA PLATA', 'PSICÓLOGA', 'Rosario Leontina', 'CUCCIA', '2019-06-22 12:15:34', '$2y$10$z7nzepsXEqUijlXIBau6.OSsNxjh3vklYb1LhLHdqu6XbSzlt75RS', NULL, NULL, '2019-06-22 15:15:34'),
(31, 'deandreisagustina@gmail.com', 'nlCkTx', 'LA PLATA', 'ADMINISTRATIVA', 'Agustina Soledad', 'DE ANDREIS', '2019-06-22 12:15:34', '$2y$10$8v87w7ACrlnMDIIIXXwTsuNgMZaaUiks1UE../fqIrbiVazmM.pby', NULL, NULL, '2019-06-22 15:15:34'),
(32, 'ludeantoni@hotmail.com', 'suXG0a', 'LA PLATA', 'ADMINISTRATIVA', 'Lucía', 'DE ANTONI', '2019-06-22 12:15:34', '$2y$10$Wuzz3vNm16/h5slf8N/oIOnKpX2adMl1nl8J1D57HpRGOzL0R4.RW', NULL, NULL, '2019-06-22 15:15:34'),
(33, 'juanfdinardo@gmail.com', 'M0xROt', 'LA PLATA', 'ABOGADO', 'Juan Francisco', 'DI NARDO', '2019-06-22 12:15:35', '$2y$10$i0VrfeZNWAWYfSOghiHe/OKoDgJziw.QtfKporpgQjvoSEc5CxSym', NULL, NULL, '2019-06-22 15:15:35'),
(34, 'carogassull@gmail.com', 'tVuBWk', 'LA PLATA', 'ADMINISTRATIVA', ' María Carolina', 'GASSULL', '2019-06-22 12:15:35', '$2y$10$pU4lMj76UOwKloRQ1KCP9.eRpw/7hFt1Wcn6APScJC/DOvEUx/17a', NULL, NULL, '2019-06-22 15:15:35'),
(35, 'andreagiacomino04@yahoo.com.ar', '3EimK1', 'LA PLATA', 'PSICÓLOGA', 'Andrea Daniela', 'GIACOMINO', '2019-06-22 12:15:35', '$2y$10$ao9d6EvU/G.6.HU8LYtLGOeaFNEi4IHu1154e1RR1lcwihOxRzRXi', NULL, NULL, '2019-06-22 15:15:35'),
(36, 'dantegiu@yahoo.com.ar', 'rHtSgU', 'LA PLATA', 'ADMINISTRATIVO', 'Dante Bautista', 'GUILIANI', '2019-06-22 12:15:35', '$2y$10$ISIZwEwCKtCzcnzp5ZuIg.5jW5D7p9m29ah61pOi8iIcd0x/AkVJK', NULL, NULL, '2019-06-22 15:15:35'),
(37, 'azul.labalta@gmail.com', 'MjtZ6N', 'LA PLATA', 'ABOGADA', 'Azul', 'LABALTA R.', '2019-06-22 12:15:35', '$2y$10$GytMw44IhjSR9fDxoHlTqOWMFXcqVQGwFv4yN3lH23FBH4Ddwgb9i', NULL, NULL, '2019-06-22 15:15:35'),
(38, 'MilagrosLuayza@hotmail.com', 'EJpIlH', 'LA PLATA', 'ABOGADA', 'Milagros Aldana', 'LUAYZA T.', '2019-06-22 12:15:36', '$2y$10$5US9anjSA0exYHG55BNdwObROUeZLGWtkc85do2XKFcVtZi8sy/b2', NULL, NULL, '2019-06-22 15:15:36'),
(39, 'macloughlinmartin@gmail.com', 'hspuIr', 'LA PLATA', 'ADMINISTRATIVO', 'Martín Darío', 'MAC LOUGHLIN', '2019-06-22 12:15:36', '$2y$10$ZduUaa3jyyzPDeH1Bdlk7.TY6oPbjqj16KlYgNsksImxKXBb9bj1.', NULL, NULL, '2019-06-22 15:15:36'),
(40, 'lucianomac@gmail.com', '9fnh4T', 'LA PLATA', 'PSICÓLOGO', 'Luciano', 'MACIEL', '2019-06-22 12:15:36', '$2y$10$nFSYNA34qdPMoIpLGimFVeclnTwRmMLzycFtH5dmrkK5DmhPvvnca', NULL, NULL, '2019-06-22 15:15:36'),
(41, 'slommac@hotmail.com', 'OWYVQE', 'LA PLATA', 'ADMINISTRATIVO', 'Sebastián ', 'MACUCHO', '2019-06-22 12:15:36', '$2y$10$YOy9QqqoDiJZY2S.5BPBYeOA3Hl8tYGjexoqhEgxY7kckYOM2NIOC', NULL, NULL, '2019-06-22 15:15:36'),
(42, 'veropsicol@hotmail.com', '9WoinT', 'LA PLATA', 'PSICÓLOGA', 'Verónica Isabel', 'MARTINUZZI R.', '2019-06-22 12:15:36', '$2y$10$C5KXpOiO.IioWre.36gKb.LGhEGWk9VUsezl5LyZv/ryYN08Pvc5O', NULL, NULL, '2019-06-22 15:15:36'),
(43, 'silviomonti@gmail.com', 'kYFQpv', 'LA PLATA', 'PSICÓLOGO', 'Silvio Gabriel', 'MONTI', '2019-06-22 12:15:36', '$2y$10$SUBBYBp1cBjpj2jIOlALbu5OeduD1EKzk2Vbhd1V1VegTvDu4D8FG', NULL, NULL, '2019-06-22 15:15:36'),
(44, 'agus_montone@hotmail.com', 'ENQc52', 'LA PLATA', 'ADMINISTRATIVO', 'Agustín', 'MONTONE', '2019-06-22 12:15:37', '$2y$10$dyaELpxdAVc1XAQvqaVGoOGoqXcjGSSvclui76/B76GNuc743Y0Zq', NULL, NULL, '2019-06-22 15:15:37'),
(45, 'elimorrone@gmail.com', 'R7NiWb', 'LA PLATA', 'PSICÓLOGO', 'Eliana Silvina', 'MORRONE', '2019-06-22 12:15:37', '$2y$10$HRkaELEdTPD.XqLSH/n9cOcbFLXTZf5p9lOsCwsNCPr3ly.zndvSa', NULL, NULL, '2019-06-22 15:15:37'),
(46, 'lisandropanelli@gmail.com', 'CHnb1G', 'LA PLATA', 'ABOGADO', 'Lisandro Ariel', 'PANELLI', '2019-06-22 12:15:37', '$2y$10$..kqXIUNcTw6nseERZID8.fnML07OCortnWa3lhqOf95DIInUlQMe', NULL, NULL, '2019-06-22 15:15:37'),
(47, 'cuchipellegrini@hotmail.com', 'WRwXkr', 'LA PLATA', 'ADMINISTRATIVO', 'Héctor Rubén', 'PELLEGRINI', '2019-06-22 12:15:37', '$2y$10$Ql..5nYLPqBPO/5BVKGjzODqXrNDSNLW5xgl556vvhzr06.sVvTWq', NULL, NULL, '2019-06-22 15:15:37'),
(48, 'guillerisso@hotmail.com', '0L5nif', 'LA PLATA', 'PSICÓLOGA', 'Guillermina', 'RISSO', '2019-06-22 12:15:37', '$2y$10$OeVsPaRkiOcVbsLNDnBeNe1bIW8gLs8dInOH8bS/fz1u3ZqCd3bJC', NULL, NULL, '2019-06-22 15:15:37'),
(49, 'vaninaseminara@hotmail.com', 'eHD7UT', 'LA PLATA', 'PSICÓLOGA', 'Vanina Eleonora', 'SEMINARA', '2019-06-22 12:15:38', '$2y$10$rCNhjdkVrZkYBQUttbB2MePWXvvmGU8lBioFYxgHgAB7wvGXEhEmi', NULL, NULL, '2019-06-22 15:15:38'),
(50, 'patriciarack@gmail.com', 'rpfhqO', 'LA PLATA', 'TRABAJADORA SOCIAL', 'M. PATRICIA', 'RACK', '2019-06-22 12:15:38', '$2y$10$sqBixRMNChNH4VLV6Zi1xOaDrp4c3C4ONuY3wEh3VAV24VEey5tRi', NULL, NULL, '2019-06-22 15:15:38'),
(51, 'valerinasoto12@gmail.com', 'toXMVZ', 'LA PLATA', 'TRABAJADORA SOCIAL', 'Valeria', 'SOTO', '2019-06-22 12:15:38', '$2y$10$9Ss3KVQzIPBIU.og1szpeeRx1zSVItobNn1fcWT14C2d7MFQbj.T.', NULL, NULL, '2019-06-22 15:15:38'),
(52, 'cpvconsultadir@gmail.com', 'sVECIB', 'LA PLATA', 'ADMINISTRATIVA', 'Maria Guadalupe', 'SOSA', '2019-06-22 12:15:38', '$2y$10$P.0QpsCfCC8gAHWW17PdUOWM4BmyTTihu1fcjHt6qPCR9PfWyyHKK', NULL, NULL, '2019-06-22 15:15:38'),
(53, 'candeservin@gmail.com', 'cLTRJP', 'LA PLATA', 'PSICÓLOGA', 'María Candela', 'SERVIN', '2019-06-22 12:15:38', '$2y$10$Z4D4MjlAoNcdCBW2CBefkukchnHe8SX0oLHQA.f28SS/xKF3T/8um', NULL, NULL, '2019-06-22 15:15:38'),
(54, 'paustroppolo25@hotmail.com', '2VWtwu', 'LA PLATA', 'ADMINISTRATIVA', 'Paula', 'STROPPOLO', '2019-06-22 12:15:38', '$2y$10$RNRHy9ubskdIWCD7sqdmnu5yeROvVoOmv8weJrh2rvkKw3O7DOZ1q', NULL, NULL, '2019-06-22 15:15:38'),
(55, 'meelinasulasguzman@gmail.com', 'J0ELNF', 'LA PLATA', 'ADMINISTRATIVA', 'Jacqueline Melina', 'SULAS', '2019-06-22 12:15:39', '$2y$10$C/Wud3hHoDy1bgp8aApsj.jaYH/Aa8ZQbwUPtHgi.DBDZcyHQJTU.', NULL, NULL, '2019-06-22 15:15:39'),
(56, 'alfonsovicinanza@yahoo.com.ar', 'RIpNeK', 'LA PLATA', 'ABOGADO', 'Alfonso', 'VICINANZAS', '2019-06-22 12:15:39', '$2y$10$Hoh2M0r9TRo/854ZweO8uOyeQgiP.oyx6dmv8jddU5knfbbgYb8R.', NULL, NULL, '2019-06-22 15:15:39'),
(57, 'laura_logriego@yahoo.com.ar', 'sXDMGu', 'LANUS', 'ABOGADA', 'Laura', 'LOGRIEGO', '2019-06-22 12:15:39', '$2y$10$PFOwZR7xlHFBj2tb4NSPoO6HvQhtFFuMCYMUdaEbnFzUhaikdvmim', NULL, NULL, '2019-06-22 15:15:39'),
(58, 'ramonaruizdiaz@hotmail.com', '6gBfec', 'LANUS', 'TRABAJADORA SOCIAL', 'Ramona', 'RUIZ DIAZ', '2019-06-22 12:15:39', '$2y$10$6QZ27ljQd2Z/rP/PCtWWVO8EHwbjtkDEsZRBlq7Hb1HoWQLB5UCeu', NULL, NULL, '2019-06-22 15:15:39'),
(59, 'mvtemudio@hotmail.com', 'uibNcW', 'LANUS', 'PSICÓLOGA', 'María Victoria', 'TEMUDIO', '2019-06-22 12:15:40', '$2y$10$1rYw8HGvGJ5n3SaiMgCfJOwUXpnwOZEhNkfhp//amJBGxSQsvSEFW', NULL, NULL, '2019-06-22 15:15:40'),
(60, 'malearrieta76@hotmail.com', 'QpwWiM', 'LOMAS Z.', 'ADMINISTRATIVA', 'María Alejandra', 'ARRIETA', '2019-06-22 12:15:40', '$2y$10$eTxc8P79YV1B1PwXNJJT6uVSYueKNyDNi/XWG.kUc0T2zehdyMhDW', NULL, NULL, '2019-06-22 15:15:40'),
(61, 'ana_liagallo@yahoo.com.ar', 'wSyTZo', 'LOMAS Z.', 'PSICÓLOGA', 'Analía', 'GALLO', '2019-06-22 12:15:40', '$2y$10$Mv8QWMTuyoApAW6pGg1wSOx.7HhnEbwQpQkrIEun/H8LEeK79VNsy', NULL, NULL, '2019-06-22 15:15:40'),
(62, 'galvanvirginia@yahoo.com.ar', 'hPyoxr', 'LOMAS Z.', 'TRABAJADORA SOCIAL', 'Virginia', 'GALVAN', '2019-06-22 12:15:40', '$2y$10$bABaM9D6hQAoSLAlwfEz3eOMyoe76E3j7AFeUTuXm8Lp.oeUYp2.y', NULL, NULL, '2019-06-22 15:15:40'),
(63, 'nataliajofre22@gmail.com', 'K3Yd0s', 'LOMAS Z.', 'ABOGADA', 'Natalia', 'JOFRE', '2019-06-22 12:15:40', '$2y$10$2owz6hygh.OstameezaQTOMI.Nsijhv78ILc26vK6J/O7ydMpqAla', NULL, NULL, '2019-06-22 15:15:40'),
(64, 'ordoñez.sol85@gmail.com', 'cqMBV1', 'LOS TOLDOS', 'TRABAJADORA SOCIAL', 'Mariciel', 'ORDOÑEZ', '2019-06-22 12:15:41', '$2y$10$oNONoj.V7YaxWCxL6GV6jO2iLxUQuTqsrNGlLeXRFNVYimnBgeiQi', NULL, NULL, '2019-06-22 15:15:41'),
(65, 'lia_sanchez8@yahoo.com.ar', 'U8aQuH', 'LOS TOLDOS', 'PSICÓLOGA', 'LIA', 'SANCHEZ', '2019-06-22 12:15:41', '$2y$10$8O/ZsoEvManeAqHeM1.UpuneOh1t.U941m9.BhGb/auQ4WRSiI5w2', NULL, NULL, '2019-06-22 15:15:41'),
(66, 'cpvgralviamonte@hotmail.com', 'wh91Ao', 'LOS TOLDOS', 'PSICÓLOGA', 'María Belén', 'TAGLIAFERRO', '2019-06-22 12:15:41', '$2y$10$euTkgb65C/KoEUpNzeHPN.ZVPVr1QaW6ieAJom.Bd3w6TQ7K2IHEq', NULL, NULL, '2019-06-22 15:15:41'),
(67, 'natalia_cascardo@hotmail.com', 'd5GFSl', 'MAR DEL PLATA', 'PSICÓLOGA', 'Natalia', 'CASCARDO', '2019-06-22 12:15:41', '$2y$10$lrTztWCw6oGnWJT7dzw4H.CtOwon45w4pgO6qrKumObE6LH28WbUO', NULL, NULL, '2019-06-22 15:15:41'),
(68, 'monidimauro@hotmail.com', '7UBqnv', 'MAR DEL PLATA', 'ADMINISTRATIVA', 'Mónica', 'DI MAURO', '2019-06-22 12:15:41', '$2y$10$ARPpudS5vtwcT05jJVQ7HODAb/I4vzqdQtdScKQZeOiMJAMs1lAXS', NULL, NULL, '2019-06-22 15:15:41'),
(69, 'patriciohorn@hotmail.com', 'iEFyoM', 'MAR DEL PLATA', 'ABOGADO', 'Patricio', 'HORN', '2019-06-22 12:15:42', '$2y$10$Y0w.FkQt9v.Jd8NbhiZj3.TiThrRWhYunZfMkUqaMbVa54gJvhMt6', NULL, NULL, '2019-06-22 15:15:42'),
(70, 'joseluismartins@hotmail.com', '3NbGOP', 'MAR DEL PLATA', 'ABOGADO', ' José Luis', 'MARTINS', '2019-06-22 12:15:42', '$2y$10$YDKVt7YIa/B8oDB4qFGC4.8lFtFE9q1IGpotBZECavEOV4V8qf9xy', 'xnQL6pCoXlXAYgdqRI6I76OnFU0tp0pkntlLDHtAaQlAkaHM4Qk1ChGHkr2c', NULL, '2019-06-22 15:15:42'),
(71, 'luz_22_mm@hotmail.com', 'Q5r7oL', 'MAR DEL PLATA', 'TRABAJADORA SOCIAL', 'Luz', 'MUÑIZ', '2019-06-22 12:15:42', '$2y$10$LNbOmBRtREbuWNogkJWbRe4uG5ERa7B8h7cKpln8JC1VME6N7ju3a', NULL, NULL, '2019-06-22 15:15:42'),
(72, 'florencianovello@yahoo.com.ar', 'hDYBvJ', 'MAR DEL PLATA', 'PSICÓLOGA', 'Florencia', 'NOVELLO', '2019-06-22 12:15:42', '$2y$10$RJGCCr3SwCcCzxXn1cD98ePTwMlcFkm1Wo6dQOB/.3d1vc/Ew2Bsu', NULL, NULL, '2019-06-22 15:15:42'),
(73, 'catalinaespil@hotmail.com', '8kAzrl', 'MERCEDES', 'PSICÓLOGA', 'Catalina', 'ESPIL', '2019-06-22 12:15:42', '$2y$10$FOKhPgYUFx6MOiAMjw2Scep9Q553DeSDNo7T76tcENtcpLltObNQ.', NULL, NULL, '2019-06-22 15:15:42'),
(74, 'pia.frattini@hotmail.com', 'vzyDOM', 'MERCEDES', 'TRABAJADORA SOCIAL', 'María Pía', 'FRATTINI', '2019-06-22 12:15:42', '$2y$10$9iywB2kiYsQK.ni49KdEm.E0EGuGXLd18rht98rqXycNz2/ASkHY2', NULL, NULL, '2019-06-22 15:15:42'),
(75, 'valeriamanfria@gmail.com', 'Ojog5b', 'MERECEDES', 'ABOGADA', 'Valeria', 'MANFRIA MASSA', '2019-06-22 12:15:43', '$2y$10$2r1CN6MqepjhIttshzsWmes4Mb2fAsMPjbkq1qMsNTc3P2e7yBM0i', NULL, NULL, '2019-06-22 15:15:43'),
(76, 'sb.gonzalo@hotmail.com', 'vMXus7', 'MORENO', 'ABOGADO', 'Jorge Gonzalo', 'SESSAREGO B.', '2019-06-22 12:15:43', '$2y$10$ygCBb8q47icNM8pAq.GjnOPRPBBrBpuWVdiScXedjt6hkI0zZZlO2', NULL, NULL, '2019-06-22 15:15:43'),
(77, 'german.landgraf@gmail.com', 'vpWlN1', 'MORENO', 'ABOGADO', 'Germán', 'LANDGRAF', '2019-06-22 12:15:43', '$2y$10$RHPIzUlKP9yKxMZ9MV1KOORQv4JM9gD5p9VMMDT2.TKoak9045iLO', NULL, NULL, '2019-06-22 15:15:43'),
(78, 'valtasan0910@gmail.com', 'firW8e', 'MORENO', 'PSICÓLOGA', 'VALERIA', 'SANCHEZ', '2019-06-22 12:15:43', '$2y$10$.JJUqVgRmaL6KmIkrDIKlu1ZoOrak7./ZTo4Apzbir/iJ3cK.a8cu', NULL, NULL, '2019-06-22 15:15:43'),
(79, 'gomezmiguelangel12@yahoo.com.ar', '5bG7Zm', 'MORON', 'TRABAJADOR SOCIAL', 'Miguel Angel', 'GOMEZ', '2019-06-22 12:15:43', '$2y$10$/yr.mO49AOMyaRoY4uzhMOGNGg8AyLyvrZjvisSv51jaNqUYVI9Lm', NULL, NULL, '2019-06-22 15:15:43'),
(80, 'jessin23@hotmail.com', '7xPLiE', 'MORON', 'ABOGADA', 'Yésica', 'IZARRIAGA', '2019-06-22 12:15:43', '$2y$10$lTkPUSGQ/Ok7IJXu0gncIutPwUYAbjqBvikb8x0r16KYnGhe.ZqcO', NULL, NULL, '2019-06-22 15:15:43'),
(81, 'dralucero@live.com', 'YlBrEK', 'MORON', 'ABOGADA', 'Viviana', 'LUCERO', '2019-06-22 12:15:43', '$2y$10$WuYyb7sw6M7WpZuJCbFJzeY3E.P42doR3BOlegKkskAlEb5QA0/AW', NULL, NULL, '2019-06-22 15:15:43'),
(82, 'isabel_men@hotmail.com', 'wbJNCo', 'MORON', 'PSICÓLOGA', 'Isabel', 'MENGHINI', '2019-06-22 12:15:44', '$2y$10$NL/dpSGvh5CdyjHEDjozuOaXBUIwYKLU6nHqO66dEpVmVy1bb46yO', NULL, NULL, '2019-06-22 15:15:44'),
(83, 'malenap_@hotmail.com', 'Dfeloy', 'MORON', 'ADMINISTRATIVA', 'Malena', 'PEREZ SOTO', '2019-06-22 12:15:44', '$2y$10$imWb6TukJDYkjUL2xZoERe3miZ./42pLNWrixM3mYpt/dQfxkobq6', NULL, NULL, '2019-06-22 15:15:44'),
(84, 'fantemanuel2@gmail.com', '8VujH5', 'PERGAMINO', 'TRABAJADOR SOCIAL', 'EMANUEL', 'FANTE', '2019-06-22 12:15:44', '$2y$10$4awRgbDyCjGh666dtZt/0Op4yBLuKN8eUFgzMo5CGiejHkk6kswLK', NULL, NULL, '2019-06-22 15:15:44'),
(85, 'cecimarquiselli@hotmail.com', 'ordaWh', 'PERGAMINO', 'PSICÓLOGA', 'Cecilia', 'MARQUISELLI', '2019-06-22 12:15:44', '$2y$10$XnQh55zacU11ZvXejbAm9OLCHoEyRwF.YiQnAnvJY6RIei9uNucru', NULL, NULL, '2019-06-22 15:15:44'),
(86, 'valentinapiccinimanfredini@gmail.com', 'Ug0xrA', 'PERGAMINO', 'ABOGADA', 'Valentina', 'PICCINI M.', '2019-06-22 12:15:44', '$2y$10$7Xr83OkPFrVpKSbyZxH8jeY.VF.J6VTg/rqwRy70z3JQB/ZW/NQ/W', NULL, NULL, '2019-06-22 15:15:44'),
(87, 'dra.diazcecilia@gmail.com', 'j5Jad2', 'PILAR', 'ABOGADA', 'Cecilia', 'DIAZ', '2019-06-22 12:15:44', '$2y$10$oXhSvvgWjztO0IVY6b4gre6dSdn.wMkhgYMG7ZG9mpksfjvpQZwqa', NULL, NULL, '2019-06-22 15:15:44'),
(88, 'barbara.ramallo.1980@outlook.com', 'LFyMkU', 'PILAR', 'TRABAJADORA SOCIAL', 'Bárbara Mariela', 'RAMALLO', '2019-06-22 12:15:45', '$2y$10$rxwL7YWC0npek5kGc.UVLeJKhac5mTZ0WJlX/8RMTek4PUeWOY6ye', NULL, NULL, '2019-06-22 15:15:45'),
(89, 'mariana_sv3@hotmail.com', 'nP7tXV', 'PILAR', 'PSICÓLOGA', 'Mariana', 'SEMENZATO V.', '2019-06-22 12:15:45', '$2y$10$Fpitbkn2TaAVUHcUPVKp2OCOKIxZhY6zY5g.mhAQluPdw/bc71h/m', NULL, NULL, '2019-06-22 15:15:45'),
(90, 'estudiojuridicodona@gmail.com', 'o1e4Gb', 'PINAMAR', 'ABOGADA', 'María José', 'DOÑA', '2019-06-22 12:15:45', '$2y$10$w8sLtrcDR81SYrwvFHT3NuuFCxQllwPFtSXpxQ2p8axHdU5swHa6K', NULL, NULL, '2019-06-22 15:15:45'),
(91, 'matutaur2@hotmail.com', '2w4eqc', 'PINAMAR', 'PSICÓLOGA', 'Matilde', 'PAGGI', '2019-06-22 12:15:45', '$2y$10$4sh55Rlru4wfvkPBBmYZm.YbW.GeehNkypQkfRaF4h6FFMFlmLDGq', NULL, NULL, '2019-06-22 15:15:45'),
(92, 'RIVEROMARIAJ@GMAIL.COM', '8YR6Uh', 'PINAMAR', 'PSICÓLOGA', 'María José', 'RIVERO', '2019-06-22 12:15:46', '$2y$10$9oyrHJBCl8jFY6yTZEDG3ebJ9BPsSKbgbYQJUR2Zkfy1E3gWL/kZG', NULL, NULL, '2019-06-22 15:15:46'),
(93, 'alejandracaceres07@yahoo.com>', 'IRjKgU', 'QUILMES', 'TRABAJADORA SOCIAL', 'Alejandra', 'CACERES', '2019-06-22 12:15:46', '$2y$10$E4KSMem.Xrox7puhjjz12exTqSYM9lZSbbj7rIeTFheo3XYQt/sZe', NULL, NULL, '2019-06-22 15:15:46'),
(94, 'palacios669@hotmail.com', 'dxlgeo', 'QUILMES', 'ADMINISTRATIVA', 'CAROLINA', 'PALACIOS', '2019-06-22 12:15:47', '$2y$10$txF4PY2rtGx2PhHQfQkNGejjxcprClKAeD5k5l.wV/Iq01YMAg1ui', NULL, NULL, '2019-06-22 15:15:47'),
(95, 'rivarolamarinag@gmail.com', '7sNKbF', 'QUILMES', 'ABOGADA', 'Marina', 'RIVAROLA', '2019-06-22 12:15:47', '$2y$10$veOc81lf52v1.Djcf6dgu.JYaXXh46FVyqkiQsW7R7sdnTVQR/p4C', NULL, NULL, '2019-06-22 15:15:47'),
(96, 'carolinavenosa@gmail.com', '0PzIy4', 'QUILMES', 'PSICÓLOGA', 'Carolina', 'VENOSA', '2019-06-22 12:15:47', '$2y$10$JWDa.lKNv8cBkkta7wpAG.3uUgPkm1zxy0/n2CuToX1zmtOWxN0L.', NULL, NULL, '2019-06-22 15:15:47'),
(97, 'campiflorencia@hotmail.com', 'KkG1hB', 'SAN FERNANDO', 'ABOGADA', 'Florencia', 'CAMPI', '2019-06-22 12:15:47', '$2y$10$Zmzb1iQvPlr.EC8H8z.DYO3mEm8xT.KDsvN6uQHslBEHJnxMIowXK', NULL, NULL, '2019-06-22 15:15:47'),
(98, 'midaverio@hotmail.com', 'F1EHp5', 'SAN FERNANDO', 'ADMINISTRATIVA', 'María Inés', 'DAVERIO', '2019-06-22 12:15:48', '$2y$10$d83CQjnAbgomkgE32Ps46.joeYOAnyK.3UjJG/R6OgBAb0Lr49XwG', 'xNJZWmmvzj3Bm23wHNLgUMCfLdOxTNHPJXClMBOpqmlugR5du5jzmAGKLvWG', NULL, '2019-06-22 15:15:48'),
(99, 'jupa_8@hotmail.com', 'mZpUOa', 'SAN FERNANDO', 'PSICÓLOGA', 'María Julia', 'PALAVICINI', '2019-06-22 12:15:48', '$2y$10$oHEixVkRaPoEDTvDrzJwze18OHHBYTrrl0b19756SbAHBsdG/s0aW', NULL, NULL, '2019-06-22 15:15:48'),
(100, 'veronicasoriano@yahoo.com', 'OmhLxr', 'SAN FERNANDO', 'ADMINISTRATIVA', 'Verónica', 'SORIANO', '2019-06-22 12:15:48', '$2y$10$eH4ZGvvmti1oC6swESIO.eqk1g49fJ582pJdoywWpYHjFHOJUijk2', NULL, NULL, '2019-06-22 15:15:48'),
(101, 'carobusquier@yahoo.com.ar', 'rcOR5U', 'SAN MARTIN', 'PSICÓLOGA', 'Carolina', 'BUSQUIER', '2019-06-22 12:15:48', '$2y$10$OO.NgF5I3bEOFyr8g65dUeXU4BxxllFM286Eygk7n8vWXoRYK4bFm', NULL, NULL, '2019-06-22 15:15:48'),
(102, 'daianabrendacordoba@yahoo.com.ar', 'OfQAkZ', 'SAN MARTIN', 'ABOGADA', 'Daiana', 'CORDOBA', '2019-06-22 12:15:48', '$2y$10$Y0jeTBaUqaUADSOf5tPPZuw9kmhyoH.rxkTamGDPYG6CmueOvqOe.', NULL, NULL, '2019-06-22 15:15:48'),
(103, 'estudiodt@gmail.com', 'iQ8Cnu', 'SAN MARTIN', 'ABOGADO', 'Diego', 'DALLA TORRE', '2019-06-22 12:15:48', '$2y$10$Syod/qbwqS6auZlBQ2abMuV.4sSPPd.eaafbIeZJWMPkMAfR7azKu', NULL, NULL, '2019-06-22 15:15:48'),
(104, 'loremagista@gmail.com', 'L29IPp', 'SAN MARTIN', 'ADMINISTRATIVA', 'Lorena', 'MAGISTA', '2019-06-22 12:15:49', '$2y$10$s4yyEB179Jx5Nf.T.GVQMeuIZb26u90Qn.DbEOZrx.UnErlZlb5BO', NULL, NULL, '2019-06-22 15:15:49'),
(105, 'alcuazm@hotmail.com', 'Va3AWF', 'TANDIL', 'ABOGADA', 'Micaela', 'ALCUAZ', '2019-06-22 12:15:49', '$2y$10$Syor6nEInBtTEyfAd1NkvOuod2khfbHvk/tZ0hriQ5JU/G.iob5Bu', NULL, NULL, '2019-06-22 15:15:49'),
(106, 'casilvana@hotmail.com', 'VRkbEQ', 'TANDIL', 'PSICÓLOGA', 'Silvana', 'CERDA', '2019-06-22 12:15:49', '$2y$10$x4GrO09KomzB43SNamput.96ESaSR0e2tOxHxg6ynLy1HExk1zIg.', NULL, NULL, '2019-06-22 15:15:49'),
(107, 'alicia_rubilar@hotmail.com', 'eCsl3q', 'TANDIL', 'TRABAJADORA SOCIAL', 'Alicia', 'RUBILAR', '2019-06-22 12:15:49', '$2y$10$.jteCIvWQLZAvw8M04BMPuntRq7Twd0Spluo5OAij294AfSSsyN5C', NULL, NULL, '2019-06-22 15:15:49'),
(108, 'verocracea@yahoo.com', 'PHWdel', 'VICENTE LOPEZ', 'PSICÓLOGA', 'Verónica', 'ATTALA', '2019-06-22 12:15:49', '$2y$10$H57Smy8cfUPWe1YPilUmZuxYexgNBgWeguibZpAzor6CdDm2G9/X2', NULL, NULL, '2019-06-22 15:15:49'),
(109, 'lutipirovani@hotmail.com', 'ycvTUC', 'VICENTE LOPEZ', 'ABOGADA', 'Lucía', 'PIROVANI', '2019-06-22 12:15:49', '$2y$10$sQWix8oI2oeGelAdj/JY4ucV9KS.q7QYETS0YvODP6J4XVLDLTBn2', NULL, NULL, '2019-06-22 15:15:49'),
(110, 'pablo.porubsky@gmail.com', 'TJQNR8', 'VICENTE LOPEZ', 'ABOGADO', 'Pablo', 'PORUBSKY', '2019-06-22 12:15:49', '$2y$10$jXficnJFwb1xwDF7SBbS3uwK3rNA/EGfQJi3ebdhO1pZ4k1YieXpq', NULL, NULL, '2019-06-22 15:15:49'),
(111, 'nataliacribelli@hotmail.com.a', 'jEsXUe', 'ZARATE', 'PSICÓLOGA', 'Natalia', 'CRIBELLI', '2019-06-22 12:15:49', '$2y$10$Ky2Oh/U97In6Xke45Pmipuwqn9.plD9Hlj3DzhE1dI80SWeVzLlA2', NULL, NULL, '2019-06-22 15:15:49'),
(112, 'l.fraccarolli@live.com', 'z5bVZ6', 'ZARATE', 'ABOGADA', 'Lucía', 'FRACCAROLLI', '2019-06-22 12:15:50', '$2y$10$goJ9SwoUc/VSZNOuJPDK3.tM8caQl5WZRDx4NJMGxG8QV42oEKG3y', NULL, NULL, '2019-06-22 15:15:50'),
(113, 'minuccisol@gmail.com', 'FHjJDu', 'BAHIA BLANCA', 'TRABAJADORA SOCIAL', 'Solange', 'MINUCCI', '2019-06-22 12:15:50', '$2y$10$eAAd.Yp6DxNqiBseg0DmuurS.eebtsRSa8116eNJOck2PCvmn/LhW', NULL, NULL, '2019-06-22 15:15:50'),
(114, 'ignacioklena@hotmail.com', 'Hi7nOf', 'LA PLATA', 'ABOGADO', 'Ignacio ', 'KLENA', '2019-06-22 12:17:46', '$2y$10$cTL2/wf7HWbafSHHkTEWDeTSapbHFrXAItgFKK7M3zTviTRWc3foC', 'pzEk2KfDRudSj0WwFU8ZymiWUbuC9GQ0qnKcxg5feccoejrJVCUHKIrebpV7', NULL, '2019-06-22 15:15:50'),
(115, 'mariaemiliamathe@gmail.com', 'pl0b2y', 'SAN ISIDRO', 'ABOGADA', 'Maria Emilia', 'MATHE', '2019-06-22 12:15:50', '$2y$10$LZmqHoRfxAJYVxOGudS2h.z.Ui8PYtJMedBdAzy7fofhbvqzaRV0y', NULL, NULL, '2019-06-22 15:15:50'),
(116, 'xul27@hotmail.com', 'rkO7YM', 'LA PLATA', 'DIRECTORA', 'LUCKY', 'SANCHEZ', '2019-06-22 12:18:08', '$2y$10$UIrSeWrudD6CdWbXISFf3eKzlbNE7.7zL.0HLAFT7Y9rJcPGFY7ZS', 'p5ERez6Fjm9GEGRxXxgxYTxeh6xswJbQsheuecqaTptibNGiajdgG5xfBpoX', NULL, '2019-06-22 15:15:50');

-- --------------------------------------------------------

--
-- Estructura de tabla para la tabla `usuarios`
--

CREATE TABLE `usuarios` (
  `id` int(10) UNSIGNED NOT NULL,
  `nombre_y_apellido` varchar(255) DEFAULT NULL,
  `sede` varchar(255) DEFAULT NULL,
  `area` varchar(255) DEFAULT NULL,
  `email` varchar(255) DEFAULT NULL,
  `NewPass` varchar(255) NOT NULL,
  `rol` int(10) NOT NULL
) ENGINE=InnoDB DEFAULT CHARSET=latin1;

--
-- Volcado de datos para la tabla `usuarios`
--

INSERT INTO `usuarios` (`id`, `nombre_y_apellido`, `sede`, `area`, `email`, `NewPass`, `rol`) VALUES
(1, 'Veronica Haydeé BINCAZ -DIRECTORA PROVINCIAL ', 'LA PLATA ', 'DIRECTORA PROVINCIAL ', 'VEROBINCAZ@hotmail.com ', '', 1),
(2, 'LUCIA TEALDI-DIRECTORA DE SEDES DECENTRALIZADAS ', 'LA PLATA ', 'DIRECTORA DE SEDES DECENTRALIZADAS ', 'lic.juanbombelli@gmail.com', '', 1),
(3, 'Juan Ignacio BOMBELLI-DIRECTOR DE ASISTENCIA Y PROTECCIÓN A LA VÍCTIMA ', 'LA PLATA ', 'DIRECTOR DE ASISTENCIA Y PROTECCIÓN A LA VÍCTIMA ', 'tealdi.lucia@gmail.com', '', 1),
(4, 'Romina BENITEZ-PSICÓLOGA ', 'ALTE. BRWON ', 'PSICÓLOGA ', 'rominabenitezar@hotmail.com', '', 3),
(5, 'Verónica PEREZ  -TRABAJADORA SOCIAL ', 'ALTE. BRWON ', 'TRABAJADORA SOCIAL ', 'veritoapc@hotmail.com', '', 3),
(6, 'Norberto RICCO -ABOGADO ', 'ALTE. BRWON ', 'ABOGADO ', 'norbertoricco@hotmail.com', '', 3),
(7, 'María Florencia ARAMBURU-ABOGADA ', 'AZUL ', 'ABOGADA ', 'mflorencia_aramburu@hotmail.com', '', 3),
(8, 'Josefina CASADO-PSICÓLOGA ', 'AZUL ', 'PSICÓLOGA ', 'josefina.casado@gmail.com', '', 3),
(9, 'María Jimena CIAPPINA-TRABAJADORA SOCIAL ', 'AZUL ', 'TRABAJADORA SOCIAL ', 'jime_ciappina@hotmail.com', '', 3),
(10, 'Ignacio Armando BARSELLINI-ABOGADO ', 'BAHIA BLANCA ', 'ABOGADO ', 'ignaciobarsellini@estudiobarsellini.com', '', 3),
(11, 'Martín IGLESIA-ADMINISTRATIVO ', 'BAHIA BLANCA ', 'ADMINISTRATIVO ', 'iglesiabraun@hotmail.com.ar', '', 2),
(12, 'Ana Catalina OTERO D.-PSICÓLOGA ', 'BAHIA BLANCA ', 'PSICÓLOGA ', 'catalinaotero.bblanca@gmail.com', '', 3),
(13, 'Mariela FORNARI-TRABAJADORA SOCIAL ', 'EZEIZA ', 'TRABAJADORA SOCIAL ', 'mariela_delf@hotmail.com', '', 3),
(14, 'Noelia LOMBARDO-ABOGADA ', 'EZEIZA ', 'ABOGADA ', 'noeliadlombardo@gmail.com', '', 3),
(15, 'Gladys Mabel MATTHESIUS-PSICÓLOGA ', 'EZEIZA ', 'PSICÓLOGA ', 'gmatthesius@hotmail.com', '', 3),
(16, 'María Soledad CORTES-ABOGADA ', 'JOSE C. PAZ ', 'ABOGADA ', 'cortes.m.soledad@gmail.com', '', 3),
(17, 'Alicia MICHELA-PSICÓLOGA ', 'JOSE C. PAZ ', 'PSICÓLOGA ', 'alimichela@hotmail.com', '', 3),
(18, 'Soledad Anabela ROMERO-TRABAJADORA SOCIAL ', 'JOSE C. PAZ ', 'TRABAJADORA SOCIAL ', 'anabela_romero_03@hotmail.com', '', 3),
(19, 'Giulietta CUOZZO-PSICÓLOGA ', 'LA MATANZA ', 'PSICÓLOGA ', 'giuliettacuozzo@hotmail.com', '', 3),
(20, 'Jesica CRUZ-TRABAJADORA SOCIAL ', 'LA MATANZA ', 'TRABAJADORA SOCIAL ', 'jecru@yahoo.com.ar', '', 3),
(21, 'AGUSTINA A. IRIONDO-PSICÓLOGA ', 'LA MATANZA ', 'PSICÓLOGA ', 'agustina.iriondo@hotmail.es', '', 3),
(22, 'Rafaela Mariel Velazquez-ABOGADA ', 'LA MATANZA ', 'ABOGADA ', 'mariel_velazquez@hotmail.com.ar', '', 3),
(23, 'Jorge APECECHEA-ABOGADO ', 'LA PLATA ', 'ABOGADO ', 'rjapecechea@gmail.com', '', 3),
(24, 'Julieta Anahí ARAGUES-PSICÓLOGA ', 'LA PLATA ', 'PSICÓLOGA ', 'julietapsi@gmail.com', '', 3),
(25, 'Veronica Haydeé ARDOHAIN-TRABAJADORA SOCIAL ', 'LA PLATA ', 'TRABAJADORA SOCIAL ', 'veronica.ardohain76@gmail.com', '', 3),
(26, 'Agustín BEJARANO-ADMINISTRATIVO ', 'LA PLATA ', 'ADMINISTRATIVO ', 'elbeca_81@hotmail.com', '', 2),
(27, 'Maia Yésica CALABRESE-EQUIPO DIRECCIÓN ', 'LA PLATA ', 'EQUIPO DIRECCIÓN ', 'maiacalabrese85@gmail.com', '', 1),
(28, 'Maria Lujan CICCONI-PSICÓLOGA ', 'LA PLATA ', 'PSICÓLOGA ', 'marialujancic@gmail.com', '', 3),
(29, 'Lucia COMPAGNUCCI-EQUIPO DIRECCIÓN ', 'LA PLATA ', 'EQUIPO DIRECCIÓN ', 'lu.comp1989@gmail.com', '', 1),
(30, 'Rosario Leontina CUCCIA-PSICÓLOGA ', 'LA PLATA ', 'PSICÓLOGA ', 'rocuccia@hotmail.com', '', 3),
(31, 'Agustina Soledad DE ANDREIS-ADMINISTRATIVA ', 'LA PLATA ', 'ADMINISTRATIVA ', 'deandreisagustina@gmail.com', '', 2),
(32, 'Lucía DE ANTONI-ADMINISTRATIVA ', 'LA PLATA ', 'ADMINISTRATIVA ', 'ludeantoni@hotmail.com', '', 2),
(33, 'Juan Francisco DI NARDO-ABOGADO ', 'LA PLATA ', 'ABOGADO ', 'juanfdinardo@gmail.com', '', 3),
(34, ' María Carolina GASSULL-ADMINISTRATIVA ', 'LA PLATA ', 'ADMINISTRATIVA ', 'carogassull@gmail.com', '', 2),
(35, 'Andrea Daniela GIACOMINO-PSICÓLOGA ', 'LA PLATA ', 'PSICÓLOGA ', 'andreagiacomino04@yahoo.com.ar', '', 3),
(36, 'Dante Bautista GUILIANI-ADMINISTRATIVO ', 'LA PLATA ', 'ADMINISTRATIVO ', 'dantegiu@yahoo.com.ar', '', 2),
(37, 'Azul LABALTA R.-ABOGADA ', 'LA PLATA ', 'ABOGADA ', 'azul.labalta@gmail.com', '', 3),
(38, 'Milagros Aldana LUAYZA T.-ABOGADA ', 'LA PLATA ', 'ABOGADA ', 'MilagrosLuayza@hotmail.com', '', 3),
(39, 'Martín Darío MAC LOUGHLIN-ADMINISTRATIVO ', 'LA PLATA ', 'ADMINISTRATIVO ', 'macloughlinmartin@gmail.com', '', 2),
(40, 'Luciano MACIEL-PSICÓLOGO ', 'LA PLATA ', 'PSICÓLOGO ', 'lucianomac@gmail.com', '', 3),
(41, 'Sebastián  MACUCHO-ADMINISTRATIVO ', 'LA PLATA ', 'ADMINISTRATIVO ', 'slommac@hotmail.com', '', 2),
(42, 'Verónica Isabel MARTINUZZI R.-PSICÓLOGA ', 'LA PLATA ', 'PSICÓLOGA ', 'veropsicol@hotmail.com', '', 3),
(43, 'Silvio Gabriel MONTI-PSICÓLOGO ', 'LA PLATA ', 'PSICÓLOGO ', 'silviomonti@gmail.com', '', 3),
(44, 'Agustín MONTONE-ADMINISTRATIVO ', 'LA PLATA ', 'ADMINISTRATIVO ', 'agus_montone@hotmail.com', '', 2),
(45, 'Eliana Silvina MORRONE-PSICÓLOGO ', 'LA PLATA ', 'PSICÓLOGO ', 'elimorrone@gmail.com', '', 3),
(46, 'Lisandro Ariel PANELLI-ABOGADO ', 'LA PLATA ', 'ABOGADO ', 'lisandropanelli@gmail.com', '', 3),
(47, 'Héctor Rubén PELLEGRINI-ADMINISTRATIVO ', 'LA PLATA ', 'ADMINISTRATIVO ', 'cuchipellegrini@hotmail.com', '', 2),
(48, 'Guillermina RISSO-PSICÓLOGA ', 'LA PLATA ', 'PSICÓLOGA ', 'guillerisso@hotmail.com', '', 3),
(49, 'Vanina Eleonora SEMINARA-PSICÓLOGA ', 'LA PLATA ', 'PSICÓLOGA ', 'vaninaseminara@hotmail.com', '', 3),
(50, 'M. PATRICIA RACK-TRABAJADORA SOCIAL ', 'LA PLATA ', 'TRABAJADORA SOCIAL ', 'patriciarack@gmail.com', '', 3),
(51, 'Valeria SOTO-TRABAJADORA SOCIAL ', 'LA PLATA ', 'TRABAJADORA SOCIAL ', 'valerinasoto12@gmail.com', '', 3),
(52, 'Maria Guadalupe SOSA-ADMINISTRATIVA ', 'LA PLATA ', 'ADMINISTRATIVA ', 'cpvconsultadir@gmail.com', '', 2),
(53, 'María Candela SERVIN-PSICÓLOGA ', 'LA PLATA ', 'PSICÓLOGA ', 'candeservin@gmail.com', '', 3),
(54, 'Paula STROPPOLO-ADMINISTRATIVA ', 'LA PLATA ', 'ADMINISTRATIVA ', 'paustroppolo25@hotmail.com', '', 2),
(55, 'Jacqueline Melina SULAS-ADMINISTRATIVA ', 'LA PLATA ', 'ADMINISTRATIVA ', 'meelinasulasguzman@gmail.com', '', 2),
(56, 'Alfonso VICINANZAS-ABOGADO ', 'LA PLATA ', 'ABOGADO ', 'alfonsovicinanza@yahoo.com.ar', '', 3),
(57, 'Laura LOGRIEGO-ABOGADA ', 'LANUS ', 'ABOGADA ', 'laura_logriego@yahoo.com.ar', '', 3),
(58, 'Ramona RUIZ DIAZ-TRABAJADORA SOCIAL ', 'LANUS ', 'TRABAJADORA SOCIAL ', 'ramonaruizdiaz@hotmail.com', '', 3),
(59, 'María Victoria TEMUDIO-PSICÓLOGA ', 'LANUS ', 'PSICÓLOGA ', 'mvtemudio@hotmail.com', '', 3),
(60, 'María Alejandra ARRIETA-ADMINISTRATIVA ', 'LOMAS Z. ', 'ADMINISTRATIVA ', 'malearrieta76@hotmail.com', '', 2),
(61, 'Analía GALLO-PSICÓLOGA ', 'LOMAS Z. ', 'PSICÓLOGA ', 'ana_liagallo@yahoo.com.ar', '', 3),
(62, 'Virginia GALVAN-TRABAJADORA SOCIAL ', 'LOMAS Z. ', 'TRABAJADORA SOCIAL ', 'galvanvirginia@yahoo.com.ar', '', 3),
(63, 'Natalia JOFRE-ABOGADA ', 'LOMAS Z. ', 'ABOGADA ', 'nataliajofre22@gmail.com', '', 3),
(64, 'Mariciel ORDOÑEZ-TRABAJADORA SOCIAL ', 'LOS TOLDOS ', 'TRABAJADORA SOCIAL ', 'ordoñez.sol85@gmail.com', '', 3),
(65, 'LIA SANCHEZ-PSICÓLOGA ', 'LOS TOLDOS ', 'PSICÓLOGA ', 'lia_sanchez8@yahoo.com.ar', '', 3),
(66, 'María Belén TAGLIAFERRO-PSICÓLOGA ', 'LOS TOLDOS ', 'PSICÓLOGA ', 'cpvgralviamonte@hotmail.com', '', 3),
(67, 'Natalia CASCARDO-PSICÓLOGA ', 'MAR DEL PLATA ', 'PSICÓLOGA ', 'natalia_cascardo@hotmail.com', '', 3),
(68, 'Mónica DI MAURO-ADMINISTRATIVA ', 'MAR DEL PLATA ', 'ADMINISTRATIVA ', 'monidimauro@hotmail.com', '', 2),
(69, 'Patricio HORN-ABOGADO ', 'MAR DEL PLATA ', 'ABOGADO ', 'patriciohorn@hotmail.com', '', 3),
(70, ' José Luis MARTINS-ABOGADO ', 'MAR DEL PLATA ', 'ABOGADO ', 'joseluismartins@hotmail.com', '', 3),
(71, 'Luz MUÑIZ-TRABAJADORA SOCIAL ', 'MAR DEL PLATA ', 'TRABAJADORA SOCIAL ', 'luz_22_mm@hotmail.com', '', 3),
(72, 'Florencia NOVELLO-PSICÓLOGA ', 'MAR DEL PLATA ', 'PSICÓLOGA ', 'florencianovello@yahoo.com.ar', '', 3),
(73, 'Catalina ESPIL-PSICÓLOGA ', 'MERCEDES ', 'PSICÓLOGA ', 'catalinaespil@hotmail.com', '', 3),
(74, 'María Pía FRATTINI-TRABAJADORA SOCIAL ', 'MERCEDES ', 'TRABAJADORA SOCIAL ', 'pia.frattini@hotmail.com', '', 3),
(75, 'Valeria MANFRIA MASSA-ABOGADA ', 'MERECEDES ', 'ABOGADA ', 'valeriamanfria@gmail.com', '', 3),
(76, 'Jorge Gonzalo SESSAREGO B.-ABOGADO ', 'MORENO ', 'ABOGADO ', 'sb.gonzalo@hotmail.com', '', 3),
(77, 'Germán LANDGRAF-ABOGADO ', 'MORENO ', 'ABOGADO ', 'german.landgraf@gmail.com', '', 3),
(78, 'VALERIA SANCHEZ-PSICÓLOGA ', 'MORENO ', 'PSICÓLOGA ', 'valtasan0910@gmail.com', '', 3),
(79, 'Miguel Angel GOMEZ-TRABAJADOR SOCIAL ', 'MORON ', 'TRABAJADOR SOCIAL ', 'gomezmiguelangel12@yahoo.com.ar', '', 3),
(80, 'Yésica IZARRIAGA-ABOGADA ', 'MORON ', 'ABOGADA ', 'jessin23@hotmail.com', '', 3),
(81, 'Viviana LUCERO-ABOGADA ', 'MORON ', 'ABOGADA ', 'dralucero@live.com', '', 3),
(82, 'Isabel MENGHINI-PSICÓLOGA ', 'MORON ', 'PSICÓLOGA ', 'isabel_men@hotmail.com', '', 3),
(83, 'Malena PEREZ SOTO-ADMINISTRATIVA ', 'MORON ', 'ADMINISTRATIVA ', 'malenap_@hotmail.com', '', 2),
(84, 'EMANUEL FANTE-TRABAJADOR SOCIAL ', 'PERGAMINO ', 'TRABAJADOR SOCIAL ', 'fantemanuel2@gmail.com', '', 3),
(85, 'Cecilia MARQUISELLI-PSICÓLOGA ', 'PERGAMINO ', 'PSICÓLOGA ', 'cecimarquiselli@hotmail.com', '', 3),
(86, 'Valentina PICCINI M.-ABOGADA ', 'PERGAMINO ', 'ABOGADA ', 'valentinapiccinimanfredini@gmail.com', '', 3),
(87, 'Cecilia DIAZ-ABOGADA ', 'PILAR ', 'ABOGADA ', 'dra.diazcecilia@gmail.com', '', 3),
(88, 'Bárbara Mariela RAMALLO-TRABAJADORA SOCIAL ', 'PILAR ', 'TRABAJADORA SOCIAL ', 'barbara.ramallo.1980@outlook.com', '', 3),
(89, 'Mariana SEMENZATO V.-PSICÓLOGA ', 'PILAR ', 'PSICÓLOGA ', 'mariana_sv3@hotmail.com', '', 3),
(90, 'María José DOÑA-ABOGADA ', 'PINAMAR ', 'ABOGADA ', 'estudiojuridicodona@gmail.com', '', 3),
(91, 'Matilde PAGGI-PSICÓLOGA ', 'PINAMAR ', 'PSICÓLOGA ', 'matutaur2@hotmail.com', '', 3),
(92, 'María José RIVERO-PSICÓLOGA ', 'PINAMAR ', 'PSICÓLOGA ', 'RIVEROMARIAJ@GMAIL.COM', '', 3),
(93, 'Alejandra CACERES-TRABAJADORA SOCIAL ', 'QUILMES ', 'TRABAJADORA SOCIAL ', 'alejandracaceres07@yahoo.com>', '', 3),
(94, 'CAROLINA PALACIOS-ADMINISTRATIVA ', 'QUILMES ', 'ADMINISTRATIVA ', 'palacios669@hotmail.com', '', 2),
(95, 'Marina RIVAROLA-ABOGADA ', 'QUILMES ', 'ABOGADA ', 'rivarolamarinag@gmail.com', '', 3),
(96, 'Carolina VENOSA-PSICÓLOGA ', 'QUILMES ', 'PSICÓLOGA ', 'carolinavenosa@gmail.com', '', 3),
(97, 'Florencia CAMPI-ABOGADA ', 'SAN FERNANDO ', 'ABOGADA ', 'campiflorencia@hotmail.com', '', 3),
(98, 'María Inés DAVERIO-ADMINISTRATIVA ', 'SAN FERNANDO ', 'ADMINISTRATIVA ', 'midaverio@hotmail.com', '', 2),
(99, 'María Julia PALAVICINI-PSICÓLOGA ', 'SAN FERNANDO ', 'PSICÓLOGA ', 'jupa_8@hotmail.com', '', 3),
(100, 'Verónica SORIANO-ADMINISTRATIVA ', 'SAN FERNANDO ', 'ADMINISTRATIVA ', 'veronicasoriano@yahoo.com', '', 2),
(101, 'Carolina BUSQUIER-PSICÓLOGA ', 'SAN MARTIN ', 'PSICÓLOGA ', 'carobusquier@yahoo.com.ar', '', 3),
(102, 'Daiana CORDOBA-ABOGADA ', 'SAN MARTIN ', 'ABOGADA ', 'daianabrendacordoba@yahoo.com.ar', '', 3),
(103, 'Diego DALLA TORRE-ABOGADO ', 'SAN MARTIN ', 'ABOGADO ', 'estudiodt@gmail.com', '', 3),
(104, 'Lorena MAGISTA-ADMINISTRATIVA ', 'SAN MARTIN ', 'ADMINISTRATIVA ', 'loremagista@gmail.com', '', 2),
(105, 'Micaela ALCUAZ-ABOGADA ', 'TANDIL ', 'ABOGADA ', 'alcuazm@hotmail.com', '', 3),
(106, 'Silvana CERDA-PSICÓLOGA ', 'TANDIL ', 'PSICÓLOGA ', 'casilvana@hotmail.com', '', 3),
(107, 'Alicia RUBILAR-TRABAJADORA SOCIAL ', 'TANDIL ', 'TRABAJADORA SOCIAL ', 'alicia_rubilar@hotmail.com', '', 3),
(108, 'Verónica ATTALA-PSICÓLOGA ', 'VICENTE LOPEZ ', 'PSICÓLOGA ', 'verocracea@yahoo.com', '', 3),
(109, 'Lucía PIROVANI-ABOGADA ', 'VICENTE LOPEZ ', 'ABOGADA ', 'lutipirovani@hotmail.com', '', 3),
(110, 'Pablo PORUBSKY-ABOGADO ', 'VICENTE LOPEZ ', 'ABOGADO ', 'pablo.porubsky@gmail.com', '', 3),
(111, 'Natalia CRIBELLI-PSICÓLOGA ', 'ZARATE ', 'PSICÓLOGA ', 'nataliacribelli@hotmail.com.a', '', 3),
(112, 'Lucía FRACCAROLLI-ABOGADA ', 'ZARATE ', 'ABOGADA ', 'l.fraccarolli@live.com', '', 3),
(113, 'Solange MINUCCI-TRABAJADORA SOCIAL ', 'BAHIA BLANCA ', 'TRABAJADORA SOCIAL ', 'minuccisol@gmail.com', '', 3),
(114, 'Ignacio  KLENA-ABOGADO ', 'LA PLATA ', 'ABOGADO ', 'ignacioklena@hotmail.com', '', 3),
(115, 'Maria Emilia MATHE-ABOGADA ', 'SAN ISIDRO ', 'ABOGADA ', 'mariaemiliamathe@gmail.com', '', 3);

-- --------------------------------------------------------

--
-- Estructura de tabla para la tabla `victima_discapacidad`
--

CREATE TABLE `victima_discapacidad` (
  `id` int(10) UNSIGNED NOT NULL,
  `victima_id` int(11) DEFAULT NULL,
  `discapacidad_id` int(11) DEFAULT NULL
) ENGINE=InnoDB DEFAULT CHARSET=latin1;

--
-- Volcado de datos para la tabla `victima_discapacidad`
--

INSERT INTO `victima_discapacidad` (`id`, `victima_id`, `discapacidad_id`) VALUES
(1, 30, 2),
(2, 30, 3),
(3, 31, 2),
(4, 31, 3),
(6, 32, 4),
(7, 34, 1),
(8, 34, 4),
(10, 41, 5),
(11, 45, 5),
(12, 45, 1),
(13, 45, 2),
(14, 45, 3),
(15, 45, 4),
(18, 72, 1),
(19, 72, 4),
(20, 70, 1),
(21, 70, 2),
(22, 79, 1),
(23, 79, 2),
(24, 81, 1);

-- --------------------------------------------------------

--
-- Estructura de tabla para la tabla `victima_limitacion`
--

CREATE TABLE `victima_limitacion` (
  `id` int(10) UNSIGNED NOT NULL,
  `victima_id` int(11) DEFAULT NULL,
  `limitacion_id` int(11) DEFAULT NULL
) ENGINE=InnoDB DEFAULT CHARSET=latin1;

--
-- Volcado de datos para la tabla `victima_limitacion`
--

INSERT INTO `victima_limitacion` (`id`, `victima_id`, `limitacion_id`) VALUES
(1, 34, 1),
(2, 34, 4),
(5, 41, 4),
(6, 45, 1),
(7, 45, 4),
(8, 45, 2),
(9, 45, 3);

-- --------------------------------------------------------

--
-- Estructura de tabla para la tabla `victima_necesidad`
--

CREATE TABLE `victima_necesidad` (
  `id` int(10) UNSIGNED NOT NULL,
  `victima_id` int(11) DEFAULT NULL,
  `necesidad_id` int(11) DEFAULT NULL
) ENGINE=InnoDB DEFAULT CHARSET=latin1;

--
-- Volcado de datos para la tabla `victima_necesidad`
--

INSERT INTO `victima_necesidad` (`id`, `victima_id`, `necesidad_id`) VALUES
(1, 25, 1),
(2, 25, 2),
(3, 25, 8),
(4, 30, 1),
(5, 30, 2),
(6, 31, 1),
(7, 31, 2),
(9, 32, 2),
(10, 34, 1),
(11, 34, 2),
(12, 34, 8),
(13, 36, 1),
(14, 36, 2),
(15, 39, 1),
(16, 39, 2),
(20, 41, 8),
(21, 45, 1),
(22, 45, 2),
(24, 45, 5),
(25, 45, 3),
(26, 45, 4),
(27, 45, 6),
(28, 45, 7),
(29, 45, 8),
(33, 81, 1),
(34, 81, 2),
(35, 81, 8);

-- --------------------------------------------------------

--
-- Estructura de tabla para la tabla `victima_programa`
--

CREATE TABLE `victima_programa` (
  `id` int(10) UNSIGNED NOT NULL,
  `victima_id` int(11) DEFAULT NULL,
  `programa_id` int(11) DEFAULT NULL
) ENGINE=InnoDB DEFAULT CHARSET=latin1;

--
-- Volcado de datos para la tabla `victima_programa`
--

INSERT INTO `victima_programa` (`id`, `victima_id`, `programa_id`) VALUES
(1, 25, 1),
(2, 25, 2),
(3, 30, 1),
(4, 30, 4),
(5, 31, 1),
(6, 31, 4),
(8, 32, 5),
(9, 34, 1),
(10, 34, 5),
(11, 36, 1),
(12, 36, 2),
(15, 41, 5),
(16, 45, 1),
(18, 45, 2),
(19, 45, 3),
(20, 45, 4),
(21, 45, 5),
(25, 81, 1),
(26, 81, 2),
(27, 81, 5);

-- --------------------------------------------------------

--
-- Estructura de tabla para la tabla `victims`
--

CREATE TABLE `victims` (
  `id` int(10) UNSIGNED NOT NULL,
  `victima_nombre_y_apellido` varchar(255) DEFAULT NULL,
  `genero` int(11) DEFAULT NULL,
  `victima_fecha_nacimiento` varchar(50) DEFAULT NULL,
  `victima_edad` int(20) DEFAULT NULL,
  `franjaetaria` int(11) DEFAULT NULL,
  `tienedoc` varchar(11) DEFAULT NULL,
  `tipodocumento` varchar(11) DEFAULT NULL,
  `tipo_documento_otro` varchar(255) DEFAULT NULL,
  `residenciaprecaria` int(11) DEFAULT NULL,
  `victima_numero_documento` varchar(20) DEFAULT NULL,
  `niveleducativo` int(11) DEFAULT NULL,
  `condiciones_de_trabajo` int(11) NOT NULL,
  `necesidades_socioeconomicas_insatisfechas` int(11) DEFAULT NULL,
  `necesidades_socioeconomicas_insatisfechas_otro` varchar(255) DEFAULT NULL,
  `programa_subsidio` int(11) DEFAULT NULL,
  `programa_subsidio_otro` varchar(255) DEFAULT NULL,
  `embarazorelevamiento` int(11) DEFAULT NULL,
  `tiene_discapacidad` int(11) DEFAULT NULL,
  `tienelesion` int(11) DEFAULT NULL,
  `tipo_lesion` varchar(255) DEFAULT NULL,
  `enfermedadcronica` int(11) DEFAULT NULL,
  `tipo_enfermedad_cronica` varchar(255) DEFAULT NULL,
  `tiene_limitacion` int(11) DEFAULT NULL,
  `limitacion_otro` varchar(255) DEFAULT NULL,
  `persona_asistida` int(11) DEFAULT NULL,
  `otras_personas_asistidas` int(11) DEFAULT NULL,
  `idCaso` int(11) DEFAULT NULL,
  `userID_create` int(11) DEFAULT NULL,
  `created_at` timestamp NULL DEFAULT NULL,
  `userID_modify` int(11) DEFAULT NULL,
  `updated_at` timestamp NULL DEFAULT NULL,
  `activo` int(11) DEFAULT NULL
) ENGINE=InnoDB DEFAULT CHARSET=latin1;

--
-- Volcado de datos para la tabla `victims`
--

INSERT INTO `victims` (`id`, `victima_nombre_y_apellido`, `genero`, `victima_fecha_nacimiento`, `victima_edad`, `franjaetaria`, `tienedoc`, `tipodocumento`, `tipo_documento_otro`, `residenciaprecaria`, `victima_numero_documento`, `niveleducativo`, `condiciones_de_trabajo`, `necesidades_socioeconomicas_insatisfechas`, `necesidades_socioeconomicas_insatisfechas_otro`, `programa_subsidio`, `programa_subsidio_otro`, `embarazorelevamiento`, `tiene_discapacidad`, `tienelesion`, `tipo_lesion`, `enfermedadcronica`, `tipo_enfermedad_cronica`, `tiene_limitacion`, `limitacion_otro`, `persona_asistida`, `otras_personas_asistidas`, `idCaso`, `userID_create`, `created_at`, `userID_modify`, `updated_at`, `activo`) VALUES
(13, 'KARINA SALERNO lorenzo', 1, '1900-01-01', 27, 3, '1', '1', NULL, NULL, '2563263', 3, 3, 2, NULL, 2, NULL, 2, 2, 2, NULL, 2, NULL, 2, NULL, 2, 1, 5, 1, '2019-05-03 04:26:36', 1, '2019-05-03 05:06:57', NULL),
(14, 'SOLEDAD SALERNO', 1, '1900-01-01', 22, 3, '1', '4', NULL, NULL, '2563654', 2, 2, 2, NULL, 2, NULL, 2, 2, 2, NULL, 2, NULL, 2, NULL, 2, 1, 5, 1, '2019-05-03 04:33:55', NULL, '2019-05-03 04:33:55', NULL),
(17, 'JOSE SALERNO', 3, '1900-01-01', 25, 3, '1', '5', NULL, NULL, '25632569', 3, 2, 2, NULL, 2, NULL, NULL, 2, 2, NULL, 2, NULL, 2, NULL, 2, 2, 5, 1, '2019-05-03 04:40:36', NULL, '2019-05-03 04:40:36', NULL),
(20, 'MARIA ESTHER', 1, '1900-01-01', 45, 4, '1', '3', NULL, NULL, '25636987', 6, 4, 3, NULL, 2, NULL, 2, 3, 3, NULL, 3, NULL, 3, NULL, 2, 1, 6, 1, '2019-05-03 17:28:00', NULL, '2019-05-03 17:28:00', NULL),
(22, 'PABLO LUIS', 3, '1999-12-20', 44, 4, '1', '3', NULL, NULL, '1231456', 1, 1, 2, NULL, 2, NULL, NULL, 2, 2, NULL, 2, NULL, 2, NULL, 2, 2, 6, 1, '2019-05-03 21:43:20', NULL, '2019-05-03 21:43:20', NULL),
(23, 'RAMIRO GOMEZ', 3, '1900-01-01', 44, 4, '5', '0', NULL, NULL, '212213123', 4, 3, 2, NULL, 2, NULL, NULL, 2, 2, NULL, 2, NULL, 2, NULL, 2, 1, 8, 1, '2019-05-03 22:15:21', 1, '2019-05-04 01:43:40', NULL),
(24, 'LURDES GOMEZ', 3, '1900-01-01', 23, 3, '3', '0', NULL, NULL, NULL, 6, 3, 2, NULL, 2, NULL, NULL, 2, 2, NULL, 2, NULL, 2, NULL, 2, 1, 8, 1, '2019-05-03 22:21:25', NULL, '2019-05-03 22:21:25', NULL),
(25, 'SUSANA LOPEZ', 1, '1900-01-01', 44, 4, '1', '1', NULL, NULL, '25463987', 2, 2, 1, 'OTRA NECESIDAD', 1, NULL, 2, 2, 2, NULL, 2, NULL, 2, NULL, 2, 2, 9, 1, '2019-05-04 02:25:43', NULL, '2019-05-04 02:25:43', NULL),
(26, 'JUAN MOLINA', 3, '1900-01-01', 35, 4, '1', '4', NULL, NULL, '451221656', 3, 3, 2, NULL, 2, NULL, NULL, 2, 2, NULL, 2, NULL, 2, NULL, 1, 1, 9, 1, '2019-05-04 02:30:27', NULL, '2019-05-04 02:30:27', NULL),
(27, 'JUAN RAMON SALERNO', 3, '2019-05-30', 40, 4, '1', '1', NULL, NULL, '923322123', 4, 3, 2, NULL, 2, NULL, NULL, 2, 2, NULL, 2, NULL, 2, NULL, 2, 1, 11, 1, '2019-05-05 17:36:49', 1, '2019-05-06 01:23:49', NULL),
(29, 'LUCAS PANDO', 3, '2019-05-05', 23, 3, '1', '5', NULL, NULL, '2563589', 5, 3, 2, NULL, 2, NULL, NULL, 2, 2, NULL, 2, NULL, 2, NULL, 2, 2, 12, 1, '2019-05-05 20:14:21', NULL, '2019-05-05 20:14:21', NULL),
(30, 'JOSE SERRANO', 3, '2019-05-02', 44, 4, '1', '1', NULL, NULL, '3659878', 7, 3, 1, NULL, 1, NULL, NULL, 1, 1, 'LESION', 1, 'CRONICA', 2, NULL, NULL, NULL, 11, 1, '2019-05-06 01:25:50', NULL, '2019-05-06 01:25:50', NULL),
(31, 'ALBERTO MARIO', 3, '2019-05-02', 25, 3, '1', '1', NULL, NULL, '2563256', 7, 3, 1, NULL, 1, NULL, NULL, 1, 1, 'LESION', 1, 'CRONICA', 2, NULL, NULL, NULL, 11, 1, '2019-05-06 01:29:47', NULL, '2019-05-06 01:29:47', NULL),
(32, 'JUAN MOLINAS', 3, '2019-04-10', 30, 3, '1', '6', NULL, 1, '0', 3, 2, 1, NULL, 1, 'OTRO', NULL, 1, 2, NULL, 2, NULL, 2, NULL, 1, 1, 13, 1, '2019-05-06 05:10:32', 1, '2019-05-06 05:35:51', NULL),
(33, 'JUAN SOSA', 1, '1900-01-01', 50, 4, '1', '6', NULL, 1, '256326326', 2, 2, 2, NULL, 2, NULL, 2, 2, 2, NULL, 2, NULL, 2, NULL, 2, 1, 13, 1, '2019-05-06 05:18:24', NULL, '2019-05-06 05:18:24', NULL),
(34, 'JESUS RODRIGUEZ', 3, '2019-05-01', 40, 4, '3', '0', NULL, NULL, NULL, 1, 2, 1, 'OTRA NECESIDAD', 1, 'OTRO PROGRAMA', NULL, 1, 2, NULL, 2, NULL, 1, 'OTRA LIMITACION', 1, 1, 14, 1, '2019-05-07 02:55:40', NULL, '2019-05-07 02:55:40', NULL),
(35, 'CATALINA RODRIGUEZ', 5, '1900-01-01', 0, 7, '3', '0', NULL, NULL, NULL, 3, 2, 2, NULL, 2, NULL, 2, 2, 2, NULL, 2, NULL, 2, NULL, 1, 1, 14, 1, '2019-05-07 03:07:02', NULL, '2019-05-07 03:07:02', NULL),
(36, 'CARLOS RODRIGUEZ', 5, '2019-05-01', 20, 3, '3', '0', NULL, NULL, NULL, 2, 3, 1, NULL, 1, NULL, 2, 2, 2, NULL, 2, NULL, 2, NULL, 1, 1, 14, 1, '2019-05-07 03:56:08', NULL, '2019-05-07 03:56:08', NULL),
(37, 'NOMBRE APELLIDO', 3, '1900-01-01', 44, 4, '1', '3', NULL, NULL, '12312131321', 4, 2, 2, NULL, 2, NULL, NULL, 2, 2, NULL, 2, NULL, 2, NULL, 2, 1, 15, 1, '2019-05-07 14:16:34', NULL, '2019-05-07 14:16:34', NULL),
(38, 'JULIO SOSA', 3, '1900-01-01', 33, 4, '3', '0', NULL, NULL, NULL, 6, 2, 3, NULL, 3, NULL, NULL, 3, 2, NULL, 2, NULL, 2, NULL, 2, 1, 16, 1, '2019-05-09 21:21:41', NULL, '2019-05-09 21:21:41', NULL),
(39, 'JORGE LUIS', 3, '1900-01-01', 33, 4, '1', '1', NULL, NULL, '25636874', 1, 2, 1, NULL, 2, NULL, NULL, 2, 2, NULL, 2, NULL, 2, NULL, 2, 1, 24, 114, '2019-05-31 04:37:49', NULL, '2019-05-31 04:37:49', NULL),
(40, 'PABLO LUIS', 3, '1900-01-01', 40, 4, '1', '2', NULL, NULL, '0', 4, 1, 2, NULL, 2, NULL, NULL, 2, 2, NULL, 2, NULL, 2, NULL, 2, 1, 24, 114, '2019-05-31 04:41:34', NULL, '2019-05-31 04:41:34', NULL),
(41, 'MARTA SIMON', 1, '1900-01-01', 44, 4, '1', '2', NULL, NULL, '25632569', 1, 4, 1, 'XXXXXXXXXXXX', 1, 'YYYYYYYYYYYYYYY', 1, 1, 1, 'LESIONES', 1, 'CRONICA', 1, 'ZZZZZZZZZZZZ', 2, 1, 28, 114, '2019-06-02 16:40:08', 114, '2019-06-02 17:29:26', NULL),
(42, 'MARIELA SIMON', 1, '1900-01-01', 20, 3, '1', '6', NULL, 1, '1231245612', 3, 3, 2, NULL, 2, NULL, 2, 2, 2, NULL, 2, NULL, 2, NULL, 2, 1, 28, 114, '2019-06-02 16:45:57', NULL, '2019-06-02 16:45:57', NULL),
(43, 'ESTEBAN SIMON', 3, '1900-01-01', 27, 3, '6', '0', NULL, NULL, NULL, 4, 3, 3, NULL, 3, NULL, NULL, 3, 3, NULL, 2, NULL, 2, NULL, 2, 2, 28, 114, '2019-06-02 16:53:15', NULL, '2019-06-02 16:53:15', NULL),
(44, 'ROSA SALAS', 1, '1900-01-01', 52, 5, '1', '7', NULL, NULL, '25631678', 2, 2, 3, NULL, 3, NULL, 2, 3, 2, NULL, 3, NULL, 2, NULL, 2, 1, 28, 114, '2019-06-02 16:57:51', NULL, '2019-06-02 16:57:51', NULL),
(46, 'JOSEFINA OLIVA', 1, '1900-01-01', 28, 3, '3', '0', NULL, NULL, NULL, 2, 2, 2, NULL, 2, NULL, 2, 2, 3, NULL, 2, NULL, 3, NULL, 2, 1, 29, 114, '2019-06-03 18:51:49', NULL, '2019-06-03 18:51:49', NULL),
(47, 'PRUEBA VINCULO', 1, '1900-01-01', 44, 4, '1', '1', NULL, NULL, '256315136', 1, 1, 2, NULL, 2, NULL, 2, 2, 3, NULL, 3, NULL, 3, NULL, 1, 1, 32, 114, '2019-06-11 19:58:13', NULL, '2019-06-11 19:58:13', NULL),
(48, 'OTRO VINCULO', 3, '1900-01-01', 28, 3, '1', '2', NULL, NULL, '0', 3, 3, 3, NULL, 2, NULL, NULL, 3, 2, NULL, 2, NULL, 2, NULL, 2, 2, 32, 114, '2019-06-11 20:02:11', NULL, '2019-06-11 20:02:11', NULL),
(49, 'JUAN PADILLA', 3, '1900-01-01', 27, 3, '1', '3', NULL, NULL, '25631123', 1, 2, 2, NULL, 2, NULL, NULL, 3, 2, NULL, 2, NULL, 2, NULL, 1, 1, 33, 114, '2019-06-12 13:55:22', NULL, '2019-06-12 13:55:22', NULL),
(50, 'JORGE PADILLA', 3, '1900-01-01', 39, 4, '3', '0', NULL, NULL, NULL, 1, 1, 2, NULL, 2, NULL, NULL, 2, 2, NULL, 2, NULL, 2, NULL, 2, 2, 33, 114, '2019-06-12 13:59:46', NULL, '2019-06-12 13:59:46', NULL),
(51, 'MARIA ESTHER', 1, '1900-01-01', 20, 3, '1', '2', NULL, NULL, '25361123', 2, 1, 3, NULL, 3, NULL, 2, 3, 3, NULL, 2, NULL, 3, NULL, 1, 1, 33, 114, '2019-06-12 14:02:45', NULL, '2019-06-12 14:02:45', NULL),
(52, 'JULIA PADILLA', 1, '1900-01-01', 44, 4, '3', '0', NULL, NULL, NULL, 4, 1, 2, NULL, 2, NULL, 2, 3, 2, NULL, 3, NULL, 3, NULL, 2, 1, 33, 114, '2019-06-12 14:05:19', NULL, '2019-06-12 14:05:19', NULL),
(53, 'LORENA PEREZ', 3, '1900-01-01', 20, 3, '1', '5', NULL, NULL, '0', 3, 1, 2, NULL, 2, NULL, NULL, 2, 2, NULL, 2, NULL, 2, NULL, 1, 1, 33, 114, '2019-06-12 14:08:46', NULL, '2019-06-12 14:08:46', NULL),
(54, 'JUAN JUAN', 3, '1900-01-01', 23, 3, '1', '4', NULL, NULL, '0', 4, 1, 2, NULL, 2, NULL, NULL, 2, 2, NULL, 2, NULL, 2, NULL, 1, 1, 35, 114, '2019-06-12 16:22:16', NULL, '2019-06-12 16:22:16', NULL),
(55, 'WALTER ROJO', 3, '1900-01-01', 20, 3, '3', '0', NULL, NULL, NULL, 2, 2, 3, NULL, 3, NULL, NULL, 3, 2, NULL, 2, NULL, 3, NULL, 1, 1, 35, 114, '2019-06-12 16:51:33', NULL, '2019-06-12 16:51:33', NULL),
(56, 'PEDRO', 3, '1900-01-01', 45, 4, '1', '3', NULL, NULL, '0', 5, 1, 2, NULL, 2, NULL, NULL, 2, 2, NULL, 2, NULL, 2, NULL, 2, 1, 36, 114, '2019-06-12 19:15:33', NULL, '2019-06-12 19:15:33', NULL),
(57, 'MIGUEL MATHEO', 3, '1900-01-01', 40, 4, '3', '0', NULL, NULL, NULL, 3, 2, 2, NULL, 3, NULL, NULL, 3, 2, NULL, 2, NULL, 3, NULL, 1, 1, 36, 114, '2019-06-12 19:18:34', NULL, '2019-06-12 19:18:34', NULL),
(58, 'JOSE PEDRASA', 1, '1900-01-01', 40, 4, '1', '3', NULL, NULL, '0', 1, 1, 3, NULL, 3, NULL, 2, 2, 2, NULL, 3, NULL, 2, NULL, 1, 1, 37, 114, '2019-06-12 23:23:39', NULL, '2019-06-12 23:23:39', NULL),
(59, 'MARIA PEDRASA', 1, '1900-01-01', 40, 4, '3', '0', NULL, NULL, NULL, 6, 2, 2, NULL, 2, NULL, 2, 2, 3, NULL, 2, NULL, 2, NULL, 1, 1, 37, 114, '2019-06-13 00:13:58', NULL, '2019-06-13 00:13:58', NULL),
(60, 'JUAN MOREIRA', 3, '1900-01-01', 22, 3, '1', '5', NULL, NULL, '0', 7, 3, 3, NULL, 3, NULL, NULL, 3, 3, NULL, 3, NULL, 2, NULL, 1, 1, 38, 114, '2019-06-13 04:39:24', NULL, '2019-06-13 04:39:24', NULL),
(61, 'MIRTA MORALES', 3, '1900-01-01', 25, 3, '1', '1', NULL, NULL, '0', 3, 1, 2, NULL, 2, NULL, NULL, 3, 2, NULL, 2, NULL, 2, NULL, 2, 1, 38, 114, '2019-06-13 04:42:51', NULL, '2019-06-13 04:42:51', NULL),
(62, 'MIRTA MORALES', 3, '1900-01-01', 25, 3, '1', '1', NULL, NULL, '0', 3, 1, 2, NULL, 2, NULL, NULL, 3, 2, NULL, 2, NULL, 2, NULL, 2, 1, 38, 114, '2019-06-13 04:51:45', NULL, '2019-06-13 04:51:45', NULL),
(63, 'MARIA LUZ', 1, '1900-01-01', 44, 4, '3', '0', NULL, NULL, NULL, 1, 4, 2, NULL, 2, NULL, 2, 3, 2, NULL, 2, NULL, 2, NULL, 2, 1, 38, 114, '2019-06-13 05:25:22', NULL, '2019-06-13 05:25:22', NULL),
(64, 'SUSANA ESTHER', 1, '1900-01-01', 0, 7, '1', '1', NULL, NULL, '0', 6, 2, 2, NULL, 2, NULL, 2, 3, 2, NULL, 2, NULL, 2, NULL, 1, 1, 39, 114, '2019-06-13 13:48:08', NULL, '2019-06-13 13:48:08', NULL),
(65, 'RAUL QUIROGAS', 3, '1900-01-01', 40, 4, '1', '6', NULL, 1, '0', 2, 5, 2, NULL, 2, NULL, NULL, 3, 3, NULL, 2, NULL, 2, NULL, 2, 1, 39, 114, '2019-06-13 13:53:47', NULL, '2019-06-13 13:53:47', NULL),
(66, 'JOSE JUAN', 3, '1900-01-01', 20, 3, '3', '0', NULL, NULL, NULL, 4, 5, 3, NULL, 2, NULL, NULL, 2, 3, NULL, 3, NULL, 2, NULL, 1, 2, 40, 114, '2019-06-14 14:11:23', NULL, '2019-06-14 14:11:23', NULL),
(67, 'JUANA MOLINA', 1, '1900-01-01', 40, 4, '1', '1', NULL, NULL, '0', 5, 1, 2, NULL, 2, NULL, 2, 3, 2, NULL, 2, NULL, 3, NULL, 2, 2, 40, 114, '2019-06-14 14:15:03', NULL, '2019-06-14 14:15:03', NULL),
(68, 'MARIO LUIS', 3, '1900-01-01', 40, 4, '1', '5', NULL, NULL, '0', 3, 3, 3, NULL, 3, NULL, NULL, 3, 2, NULL, 3, NULL, 2, NULL, 2, 1, 41, 114, '2019-06-14 19:38:26', NULL, '2019-06-14 19:38:26', NULL),
(69, 'NATALIA LUIS', 1, '1900-01-01', 44, 4, '5', '1', NULL, NULL, '0', 1, 2, 2, NULL, 2, NULL, 2, 3, 2, NULL, 3, NULL, 3, NULL, 1, 1, 41, 114, '2019-06-14 19:43:18', NULL, '2019-06-14 19:43:18', NULL),
(70, 'SAMUEL', 3, '1900-01-01', 44, 4, '1', '9', 'OTROOOO DOC', NULL, '2564616', 4, 1, 2, NULL, 2, NULL, NULL, 2, 1, 'LESIONES', 1, 'CRONICAS', 2, NULL, 1, 1, 42, 114, '2019-06-17 00:54:01', 114, '2019-06-17 06:01:05', NULL),
(71, 'ISMAEL', 3, '1900-01-01', 30, 3, '3', '0', NULL, NULL, NULL, 4, 2, 2, NULL, 2, NULL, NULL, 3, 3, NULL, 2, NULL, 3, NULL, 2, 1, 42, 114, '2019-06-17 01:00:29', NULL, '2019-06-17 01:00:29', NULL),
(72, 'ISRAEL', 3, '1900-01-01', 20, 3, '5', '0', NULL, NULL, '0', 3, 2, 2, NULL, 2, NULL, NULL, 1, 3, NULL, 3, NULL, 3, NULL, 2, 1, 42, 114, '2019-06-17 03:57:07', NULL, '2019-06-17 03:57:07', NULL),
(73, 'SONIA SALERNO', 3, '1900-01-01', 40, 4, '5', '1', NULL, NULL, '0', 6, 2, 2, NULL, 2, NULL, NULL, 2, 2, NULL, 2, NULL, 2, NULL, 1, 1, 43, 114, '2019-06-17 04:23:13', NULL, '2019-06-17 04:23:13', NULL),
(74, 'ROBERTO SALERNO', 3, '1900-01-01', 60, 5, '3', '0', NULL, NULL, NULL, 3, 2, 2, NULL, 2, NULL, NULL, 2, 2, NULL, 3, NULL, 3, NULL, 1, 1, 43, 114, '2019-06-17 04:31:25', NULL, '2019-06-17 04:31:25', NULL),
(75, 'SANDRA', 1, '1900-01-01', 23, 3, '3', '0', NULL, NULL, NULL, 2, 4, 2, NULL, 2, NULL, 2, 2, 2, NULL, 2, NULL, 2, NULL, 1, 1, 44, 114, '2019-06-17 17:46:51', NULL, '2019-06-17 17:46:51', NULL),
(76, 'JOSE MOURA', 1, '1900-01-01', 44, 4, '5', '2', NULL, NULL, '0', 7, 4, 3, NULL, 3, NULL, 2, 2, 3, NULL, 3, NULL, 3, NULL, 1, 1, 45, 114, '2019-06-17 20:00:17', NULL, '2019-06-17 20:00:17', NULL),
(77, 'MARTA', 1, '1900-01-01', 44, 4, '3', '0', NULL, NULL, NULL, 6, 2, 2, NULL, 2, NULL, 2, 2, 2, NULL, 2, NULL, 3, NULL, 2, 1, 45, 114, '2019-06-17 20:15:46', NULL, '2019-06-17 20:15:46', NULL),
(78, 'PABLO LUIS', 3, '1900-01-01', 46, 4, '3', '0', NULL, NULL, NULL, 3, 3, 3, NULL, 2, NULL, NULL, 3, 2, NULL, 3, NULL, 2, NULL, 2, 1, 45, 114, '2019-06-17 20:20:07', NULL, '2019-06-17 20:20:07', NULL),
(79, 'JUAN JOSE', 3, '1900-01-01', 44, 4, '3', '0', NULL, NULL, NULL, 2, 2, 2, NULL, 2, NULL, NULL, 1, 3, NULL, 3, NULL, 2, NULL, 1, 1, 46, 114, '2019-06-18 18:03:54', NULL, '2019-06-18 18:03:54', NULL),
(80, 'NATALIA PEREZ', 1, '1900-01-01', 28, 3, '1', '1', NULL, NULL, '123131655', 4, 3, 2, NULL, 2, NULL, 2, 2, 2, NULL, 3, NULL, 2, NULL, 2, 1, 46, 114, '2019-06-18 18:12:59', NULL, '2019-06-18 18:12:59', NULL),
(81, 'MARTA LOPEZ', 1, '1900-01-01', 25, 3, '1', '4', NULL, NULL, '0', 1, 1, 1, 'OTRA NECESIDAD', 1, 'OTRO PLAN', 2, 1, 2, NULL, 2, NULL, 2, NULL, 1, 1, 46, 114, '2019-06-18 18:22:05', NULL, '2019-06-18 18:22:05', NULL);

-- --------------------------------------------------------

--
-- Estructura de tabla para la tabla `victim_im`
--

CREATE TABLE `victim_im` (
  `id` int(11) UNSIGNED NOT NULL,
  `idVictim` int(11) DEFAULT NULL,
  `idImputado` int(11) DEFAULT NULL,
  `vinculo_victima` int(11) DEFAULT NULL,
  `vinculo_otro` varchar(100) DEFAULT NULL
) ENGINE=InnoDB DEFAULT CHARSET=latin1;

--
-- Volcado de datos para la tabla `victim_im`
--

INSERT INTO `victim_im` (`id`, `idVictim`, `idImputado`, `vinculo_victima`, `vinculo_otro`) VALUES
(3, 67, 27, 4, NULL),
(4, 67, 25, 2, NULL),
(5, 68, 36, 4, NULL),
(6, 69, 36, 2, NULL),
(7, 70, 37, 1, NULL),
(10, 71, 38, 1, NULL),
(11, 71, 39, 2, NULL),
(12, 71, 40, 6, 'OTRO VINCULO'),
(13, 73, 41, 4, NULL),
(14, 74, 41, 6, 'OTRO JOSE ANTONIO'),
(15, 77, 42, 4, NULL),
(16, 79, 43, 4, NULL),
(17, 80, 43, 2, NULL),
(18, 81, 43, 3, NULL);

-- --------------------------------------------------------

--
-- Estructura de tabla para la tabla `victim_pa`
--

CREATE TABLE `victim_pa` (
  `id` int(11) UNSIGNED NOT NULL,
  `idVictim` int(11) DEFAULT NULL,
  `idPersona` int(11) DEFAULT NULL,
  `vinculo_victima` int(11) DEFAULT NULL,
  `vinculo_otro` varchar(100) DEFAULT NULL
) ENGINE=InnoDB DEFAULT CHARSET=latin1;

--
-- Volcado de datos para la tabla `victim_pa`
--

INSERT INTO `victim_pa` (`id`, `idVictim`, `idPersona`, `vinculo_victima`, `vinculo_otro`) VALUES
(1, 12, 11, 2, NULL),
(8, 12, 12, 1, NULL),
(9, 13, 13, 1, NULL),
(10, 13, 12, 2, NULL),
(11, 18, 14, 3, NULL),
(13, 19, 15, 1, NULL),
(14, 19, 16, 1, NULL),
(18, NULL, 18, 2, NULL),
(21, 21, 24, 4, NULL),
(22, 20, 25, 2, NULL),
(23, 23, 26, 1, NULL),
(25, 24, 27, 1, NULL),
(29, 26, 31, 3, NULL),
(30, 26, 32, 2, NULL),
(32, 26, 34, 3, NULL),
(36, 28, 36, 2, NULL),
(37, 28, 37, 2, NULL),
(38, 28, 38, 2, NULL),
(53, 27, 53, 2, NULL),
(56, 32, 56, 1, NULL),
(57, 33, 56, 2, NULL),
(58, 33, 57, 2, NULL),
(59, 34, 58, 4, NULL),
(60, 34, 59, 1, NULL),
(66, 39, 64, 1, NULL),
(67, 40, 64, 2, NULL),
(68, 41, 65, 1, NULL),
(69, 41, 66, 2, NULL),
(70, 41, 67, 4, NULL),
(71, 42, 65, 2, NULL),
(72, 42, 67, 2, NULL),
(73, 42, 68, 2, NULL),
(74, 43, 69, 2, NULL),
(75, 43, 65, 2, NULL),
(76, 44, 69, 2, NULL),
(77, 44, 65, 2, NULL),
(78, 45, 70, 1, NULL),
(79, 45, 71, 2, NULL),
(80, 46, 70, 2, NULL),
(81, 46, 72, 1, NULL),
(82, 47, 73, 1, NULL),
(83, 49, 74, 1, NULL),
(84, 49, 75, 2, NULL),
(85, 51, 74, 2, NULL),
(120, 69, 87, NULL, NULL),
(121, 70, 88, NULL, NULL),
(122, 70, 89, NULL, NULL),
(123, 71, 88, 1, NULL),
(124, 71, 89, NULL, NULL),
(125, 71, 90, NULL, NULL),
(126, 71, 91, NULL, NULL),
(127, 72, 88, 4, 'OTRO VINCULO'),
(128, 72, 89, 1, NULL),
(129, 72, 92, NULL, NULL),
(130, 72, 93, NULL, NULL),
(131, 72, 94, NULL, NULL),
(132, 72, 95, 3, NULL),
(133, 73, 96, 1, NULL),
(134, 73, 97, 3, NULL),
(135, 74, 96, 4, 'OTRO SILVIA'),
(136, 74, 97, 2, NULL),
(137, 75, 98, NULL, NULL),
(138, 75, 99, NULL, NULL),
(139, 75, 100, NULL, NULL),
(140, 76, 101, 1, NULL),
(141, 77, 101, 2, NULL),
(142, 78, 101, 3, NULL),
(143, 79, 102, 1, NULL),
(144, 79, 103, 2, NULL),
(145, 80, 102, 1, NULL),
(146, 80, 103, 1, NULL),
(147, 80, 104, 2, NULL),
(148, 81, 104, 3, NULL);

-- --------------------------------------------------------

--
-- Estructura de tabla para la tabla `victim_ra`
--

CREATE TABLE `victim_ra` (
  `id` int(11) UNSIGNED NOT NULL,
  `idVictim` int(11) DEFAULT NULL,
  `idConviviente` int(11) DEFAULT NULL,
  `vinculo_victima` int(11) DEFAULT NULL,
  `vinculo_otro` varchar(100) DEFAULT NULL
) ENGINE=InnoDB DEFAULT CHARSET=latin1;

--
-- Volcado de datos para la tabla `victim_ra`
--

INSERT INTO `victim_ra` (`id`, `idVictim`, `idConviviente`, `vinculo_victima`, `vinculo_otro`) VALUES
(1, 12, 1, 2, ''),
(7, 12, 2, 4, ''),
(8, 13, 1, 2, ''),
(9, 13, 2, 2, ''),
(11, 17, 4, 3, ''),
(12, 14, 5, 3, ''),
(13, 18, 6, 3, ''),
(14, 19, 6, 2, ''),
(16, 23, 8, 1, ''),
(17, 24, 8, 2, ''),
(18, 24, 9, 3, ''),
(19, 25, 10, 4, ''),
(20, 25, 11, 1, ''),
(21, 26, 10, 2, ''),
(22, 26, 12, 4, ''),
(23, 27, 13, 1, ''),
(27, 31, 16, 3, ''),
(29, 32, 18, 3, ''),
(30, 33, 18, 2, ''),
(31, 34, 19, 6, ''),
(32, 34, 20, 2, ''),
(33, 35, 21, 1, ''),
(34, 37, 23, 4, ''),
(35, 39, 24, 2, ''),
(36, 40, 24, 2, ''),
(37, 41, 25, 2, ''),
(38, 41, 26, 1, ''),
(39, 42, 25, 2, ''),
(40, 42, 27, 1, ''),
(41, 43, 26, 2, ''),
(42, 43, 28, 2, ''),
(43, 44, 25, 2, ''),
(44, 44, 28, 2, ''),
(47, 46, 29, 2, ''),
(48, 46, 30, 2, ''),
(49, 47, 31, 3, ''),
(50, 47, 32, 4, ''),
(74, 50, 36, 3, NULL),
(75, 51, 36, 1, NULL),
(76, 52, 36, 2, NULL),
(77, 52, 37, 4, NULL),
(78, 53, 36, 6, 'CONOCIDO OCACIONAL'),
(79, 54, 38, 1, NULL),
(80, 54, 39, 3, NULL),
(81, 54, 40, 6, NULL),
(85, 55, 38, 3, NULL),
(86, 55, 39, 3, NULL),
(87, 55, 40, 1, NULL),
(88, 56, 41, 4, NULL),
(89, 56, 42, 3, NULL),
(90, 57, 41, 4, NULL),
(91, 57, 42, 1, NULL),
(92, 57, 43, 1, NULL),
(93, 57, 44, 1, NULL),
(94, 57, 45, 2, NULL),
(100, 59, 46, 6, 'OTRO'),
(114, 65, 48, 5, NULL),
(115, 65, 49, 6, 'CARLOS SALAS'),
(116, 45, 50, 2, NULL),
(121, 45, 51, 2, NULL),
(122, 66, 52, 2, NULL),
(123, 67, 52, 4, NULL),
(124, 68, 53, 2, NULL),
(125, 68, 54, 6, 'ENCUENTRO CASUAL'),
(126, 69, 53, 1, NULL),
(127, 69, 54, 6, 'ENCUENTRO CASUAL'),
(128, 70, 55, 4, NULL),
(129, 70, 56, 3, NULL),
(130, 71, 55, 6, 'OTRO VINCULO'),
(132, 71, 57, 4, NULL),
(133, 71, 56, 6, 'OTRO PABLO LUIS'),
(134, 73, 58, 3, NULL),
(135, 74, 58, 2, NULL),
(136, 76, 59, 4, NULL),
(137, 77, 59, 6, 'OTRO'),
(138, 78, 59, 6, 'OTRO'),
(139, 79, 60, 4, NULL),
(140, 79, 61, 6, 'OTRO VINCULO'),
(141, 80, 60, 6, 'OTRO VINCULO'),
(142, 81, 61, 3, NULL);

-- --------------------------------------------------------

--
-- Estructura de tabla para la tabla `vistas`
--

CREATE TABLE `vistas` (
  `id` int(11) NOT NULL,
  `nombre` varchar(255) COLLATE utf8mb4_bin NOT NULL,
  `url` varchar(255) COLLATE utf8mb4_bin NOT NULL
) ENGINE=InnoDB DEFAULT CHARSET=utf8mb4 COLLATE=utf8mb4_bin;

--
-- Volcado de datos para la tabla `vistas`
--

INSERT INTO `vistas` (`id`, `nombre`, `url`) VALUES
(1, 'Eje A: Datos institucionales', 'agregarCaso'),
(2, 'Eje B: Caracterización de la victima y su contexto', 'agregarVictima'),
(3, 'Eje C: Referentes Afectivos', 'agregarconviviente'),
(5, 'Eje D: Datos del imputado', 'agregarimputado'),
(6, 'Eje E: Atención del caso', 'agregarOrganismo'),
(7, 'Eje F: Documentación', 'agregarDocumento'),
(8, 'Eje G: Agregar Intervención-Informe de Seguimiento', 'agregarIntervencion'),
(9, 'Informe', 'informe');

--
-- Índices para tablas volcadas
--

--
-- Indices de la tabla `casos`
--
ALTER TABLE `casos`
  ADD PRIMARY KEY (`id`);

--
-- Indices de la tabla `caso_cavaj`
--
ALTER TABLE `caso_cavaj`
  ADD PRIMARY KEY (`id`);

--
-- Indices de la tabla `caso_organismos`
--
ALTER TABLE `caso_organismos`
  ADD PRIMARY KEY (`id`);

--
-- Indices de la tabla `cavajs`
--
ALTER TABLE `cavajs`
  ADD PRIMARY KEY (`id`);

--
-- Indices de la tabla `convivientes`
--
ALTER TABLE `convivientes`
  ADD PRIMARY KEY (`id`);

--
-- Indices de la tabla `delitos`
--
ALTER TABLE `delitos`
  ADD PRIMARY KEY (`id`);

--
-- Indices de la tabla `demandas`
--
ALTER TABLE `demandas`
  ADD PRIMARY KEY (`id`);

--
-- Indices de la tabla `departamentos`
--
ALTER TABLE `departamentos`
  ADD PRIMARY KEY (`id`);

--
-- Indices de la tabla `derivaciones`
--
ALTER TABLE `derivaciones`
  ADD PRIMARY KEY (`id`);

--
-- Indices de la tabla `discapacidades`
--
ALTER TABLE `discapacidades`
  ADD PRIMARY KEY (`id`);

--
-- Indices de la tabla `documentos`
--
ALTER TABLE `documentos`
  ADD PRIMARY KEY (`id`);

--
-- Indices de la tabla `hechos`
--
ALTER TABLE `hechos`
  ADD PRIMARY KEY (`id`);

--
-- Indices de la tabla `imputados`
--
ALTER TABLE `imputados`
  ADD PRIMARY KEY (`id`);

--
-- Indices de la tabla `instituciones`
--
ALTER TABLE `instituciones`
  ADD PRIMARY KEY (`id`);

--
-- Indices de la tabla `institucion_asistencia`
--
ALTER TABLE `institucion_asistencia`
  ADD PRIMARY KEY (`id`);

--
-- Indices de la tabla `institucion_oarticula`
--
ALTER TABLE `institucion_oarticula`
  ADD PRIMARY KEY (`id`);

--
-- Indices de la tabla `institucion_oprevio`
--
ALTER TABLE `institucion_oprevio`
  ADD PRIMARY KEY (`id`);

--
-- Indices de la tabla `institucion_socioeconomico`
--
ALTER TABLE `institucion_socioeconomico`
  ADD PRIMARY KEY (`id`);

--
-- Indices de la tabla `intervenciones`
--
ALTER TABLE `intervenciones`
  ADD PRIMARY KEY (`id`);

--
-- Indices de la tabla `limitaciones`
--
ALTER TABLE `limitaciones`
  ADD PRIMARY KEY (`id`);

--
-- Indices de la tabla `migrations`
--
ALTER TABLE `migrations`
  ADD PRIMARY KEY (`id`);

--
-- Indices de la tabla `modalidades`
--
ALTER TABLE `modalidades`
  ADD PRIMARY KEY (`id`);

--
-- Indices de la tabla `motivospasivos`
--
ALTER TABLE `motivospasivos`
  ADD PRIMARY KEY (`id`);

--
-- Indices de la tabla `necesidades`
--
ALTER TABLE `necesidades`
  ADD PRIMARY KEY (`id`);

--
-- Indices de la tabla `oderivados`
--
ALTER TABLE `oderivados`
  ADD PRIMARY KEY (`id`);

--
-- Indices de la tabla `organismos`
--
ALTER TABLE `organismos`
  ADD PRIMARY KEY (`id`);

--
-- Indices de la tabla `personas`
--
ALTER TABLE `personas`
  ADD PRIMARY KEY (`id`);

--
-- Indices de la tabla `profesionales`
--
ALTER TABLE `profesionales`
  ADD PRIMARY KEY (`id`);

--
-- Indices de la tabla `programas`
--
ALTER TABLE `programas`
  ADD PRIMARY KEY (`id`);

--
-- Indices de la tabla `role_user`
--
ALTER TABLE `role_user`
  ADD PRIMARY KEY (`id`);

--
-- Indices de la tabla `seguimientos`
--
ALTER TABLE `seguimientos`
  ADD PRIMARY KEY (`id`);

--
-- Indices de la tabla `tipo_demandas`
--
ALTER TABLE `tipo_demandas`
  ADD PRIMARY KEY (`id`);

--
-- Indices de la tabla `users`
--
ALTER TABLE `users`
  ADD PRIMARY KEY (`id`);

--
-- Indices de la tabla `usuarios`
--
ALTER TABLE `usuarios`
  ADD PRIMARY KEY (`id`);

--
-- Indices de la tabla `victima_discapacidad`
--
ALTER TABLE `victima_discapacidad`
  ADD PRIMARY KEY (`id`);

--
-- Indices de la tabla `victima_limitacion`
--
ALTER TABLE `victima_limitacion`
  ADD PRIMARY KEY (`id`);

--
-- Indices de la tabla `victima_necesidad`
--
ALTER TABLE `victima_necesidad`
  ADD PRIMARY KEY (`id`);

--
-- Indices de la tabla `victima_programa`
--
ALTER TABLE `victima_programa`
  ADD PRIMARY KEY (`id`);

--
-- Indices de la tabla `victims`
--
ALTER TABLE `victims`
  ADD PRIMARY KEY (`id`);

--
-- Indices de la tabla `victim_im`
--
ALTER TABLE `victim_im`
  ADD PRIMARY KEY (`id`);

--
-- Indices de la tabla `victim_pa`
--
ALTER TABLE `victim_pa`
  ADD PRIMARY KEY (`id`);

--
-- Indices de la tabla `victim_ra`
--
ALTER TABLE `victim_ra`
  ADD PRIMARY KEY (`id`);

--
-- Indices de la tabla `vistas`
--
ALTER TABLE `vistas`
  ADD PRIMARY KEY (`id`);

--
-- AUTO_INCREMENT de las tablas volcadas
--

--
-- AUTO_INCREMENT de la tabla `casos`
--
ALTER TABLE `casos`
  MODIFY `id` int(10) UNSIGNED NOT NULL AUTO_INCREMENT, AUTO_INCREMENT=48;

--
-- AUTO_INCREMENT de la tabla `caso_cavaj`
--
ALTER TABLE `caso_cavaj`
  MODIFY `id` int(10) UNSIGNED NOT NULL AUTO_INCREMENT;

--
-- AUTO_INCREMENT de la tabla `caso_organismos`
--
ALTER TABLE `caso_organismos`
  MODIFY `id` int(10) UNSIGNED NOT NULL AUTO_INCREMENT;

--
-- AUTO_INCREMENT de la tabla `cavajs`
--
ALTER TABLE `cavajs`
  MODIFY `id` int(10) UNSIGNED NOT NULL AUTO_INCREMENT, AUTO_INCREMENT=24;

--
-- AUTO_INCREMENT de la tabla `convivientes`
--
ALTER TABLE `convivientes`
  MODIFY `id` int(11) UNSIGNED NOT NULL AUTO_INCREMENT, AUTO_INCREMENT=62;

--
-- AUTO_INCREMENT de la tabla `delitos`
--
ALTER TABLE `delitos`
  MODIFY `id` int(10) UNSIGNED NOT NULL AUTO_INCREMENT, AUTO_INCREMENT=38;

--
-- AUTO_INCREMENT de la tabla `demandas`
--
ALTER TABLE `demandas`
  MODIFY `id` int(11) UNSIGNED NOT NULL AUTO_INCREMENT, AUTO_INCREMENT=5;

--
-- AUTO_INCREMENT de la tabla `departamentos`
--
ALTER TABLE `departamentos`
  MODIFY `id` int(10) UNSIGNED NOT NULL AUTO_INCREMENT, AUTO_INCREMENT=20;

--
-- AUTO_INCREMENT de la tabla `derivaciones`
--
ALTER TABLE `derivaciones`
  MODIFY `id` int(11) UNSIGNED NOT NULL AUTO_INCREMENT, AUTO_INCREMENT=3;

--
-- AUTO_INCREMENT de la tabla `discapacidades`
--
ALTER TABLE `discapacidades`
  MODIFY `id` int(10) UNSIGNED NOT NULL AUTO_INCREMENT, AUTO_INCREMENT=6;

--
-- AUTO_INCREMENT de la tabla `documentos`
--
ALTER TABLE `documentos`
  MODIFY `id` int(10) UNSIGNED NOT NULL AUTO_INCREMENT, AUTO_INCREMENT=59;

--
-- AUTO_INCREMENT de la tabla `hechos`
--
ALTER TABLE `hechos`
  MODIFY `id` int(11) UNSIGNED NOT NULL AUTO_INCREMENT;

--
-- AUTO_INCREMENT de la tabla `imputados`
--
ALTER TABLE `imputados`
  MODIFY `id` int(10) UNSIGNED NOT NULL AUTO_INCREMENT, AUTO_INCREMENT=44;

--
-- AUTO_INCREMENT de la tabla `instituciones`
--
ALTER TABLE `instituciones`
  MODIFY `id` int(10) UNSIGNED NOT NULL AUTO_INCREMENT, AUTO_INCREMENT=7;

--
-- AUTO_INCREMENT de la tabla `institucion_asistencia`
--
ALTER TABLE `institucion_asistencia`
  MODIFY `id` int(10) UNSIGNED NOT NULL AUTO_INCREMENT, AUTO_INCREMENT=10;

--
-- AUTO_INCREMENT de la tabla `institucion_oarticula`
--
ALTER TABLE `institucion_oarticula`
  MODIFY `id` int(10) UNSIGNED NOT NULL AUTO_INCREMENT, AUTO_INCREMENT=15;

--
-- AUTO_INCREMENT de la tabla `institucion_oprevio`
--
ALTER TABLE `institucion_oprevio`
  MODIFY `id` int(10) UNSIGNED NOT NULL AUTO_INCREMENT, AUTO_INCREMENT=15;

--
-- AUTO_INCREMENT de la tabla `institucion_socioeconomico`
--
ALTER TABLE `institucion_socioeconomico`
  MODIFY `id` int(10) UNSIGNED NOT NULL AUTO_INCREMENT, AUTO_INCREMENT=12;

--
-- AUTO_INCREMENT de la tabla `intervenciones`
--
ALTER TABLE `intervenciones`
  MODIFY `id` int(11) UNSIGNED NOT NULL AUTO_INCREMENT, AUTO_INCREMENT=58;

--
-- AUTO_INCREMENT de la tabla `limitaciones`
--
ALTER TABLE `limitaciones`
  MODIFY `id` int(10) UNSIGNED NOT NULL AUTO_INCREMENT, AUTO_INCREMENT=5;

--
-- AUTO_INCREMENT de la tabla `migrations`
--
ALTER TABLE `migrations`
  MODIFY `id` int(10) UNSIGNED NOT NULL AUTO_INCREMENT;

--
-- AUTO_INCREMENT de la tabla `modalidades`
--
ALTER TABLE `modalidades`
  MODIFY `id` int(10) UNSIGNED NOT NULL AUTO_INCREMENT, AUTO_INCREMENT=4;

--
-- AUTO_INCREMENT de la tabla `motivospasivos`
--
ALTER TABLE `motivospasivos`
  MODIFY `id` int(10) UNSIGNED NOT NULL AUTO_INCREMENT, AUTO_INCREMENT=5;

--
-- AUTO_INCREMENT de la tabla `necesidades`
--
ALTER TABLE `necesidades`
  MODIFY `id` int(10) UNSIGNED NOT NULL AUTO_INCREMENT, AUTO_INCREMENT=9;

--
-- AUTO_INCREMENT de la tabla `oderivados`
--
ALTER TABLE `oderivados`
  MODIFY `id` int(11) UNSIGNED NOT NULL AUTO_INCREMENT, AUTO_INCREMENT=27;

--
-- AUTO_INCREMENT de la tabla `organismos`
--
ALTER TABLE `organismos`
  MODIFY `id` int(10) UNSIGNED NOT NULL AUTO_INCREMENT, AUTO_INCREMENT=25;

--
-- AUTO_INCREMENT de la tabla `personas`
--
ALTER TABLE `personas`
  MODIFY `id` int(10) UNSIGNED NOT NULL AUTO_INCREMENT, AUTO_INCREMENT=105;

--
-- AUTO_INCREMENT de la tabla `profesionales`
--
ALTER TABLE `profesionales`
  MODIFY `id` int(10) UNSIGNED NOT NULL AUTO_INCREMENT, AUTO_INCREMENT=184;

--
-- AUTO_INCREMENT de la tabla `programas`
--
ALTER TABLE `programas`
  MODIFY `id` int(10) UNSIGNED NOT NULL AUTO_INCREMENT, AUTO_INCREMENT=6;

--
-- AUTO_INCREMENT de la tabla `role_user`
--
ALTER TABLE `role_user`
  MODIFY `id` int(10) UNSIGNED NOT NULL AUTO_INCREMENT, AUTO_INCREMENT=126;

--
-- AUTO_INCREMENT de la tabla `seguimientos`
--
ALTER TABLE `seguimientos`
  MODIFY `id` int(11) UNSIGNED NOT NULL AUTO_INCREMENT, AUTO_INCREMENT=2;

--
-- AUTO_INCREMENT de la tabla `tipo_demandas`
--
ALTER TABLE `tipo_demandas`
  MODIFY `id` int(11) UNSIGNED NOT NULL AUTO_INCREMENT, AUTO_INCREMENT=18;

--
-- AUTO_INCREMENT de la tabla `users`
--
ALTER TABLE `users`
  MODIFY `id` int(10) UNSIGNED NOT NULL AUTO_INCREMENT, AUTO_INCREMENT=117;

--
-- AUTO_INCREMENT de la tabla `usuarios`
--
ALTER TABLE `usuarios`
  MODIFY `id` int(10) UNSIGNED NOT NULL AUTO_INCREMENT, AUTO_INCREMENT=116;

--
-- AUTO_INCREMENT de la tabla `victima_discapacidad`
--
ALTER TABLE `victima_discapacidad`
  MODIFY `id` int(10) UNSIGNED NOT NULL AUTO_INCREMENT, AUTO_INCREMENT=25;

--
-- AUTO_INCREMENT de la tabla `victima_limitacion`
--
ALTER TABLE `victima_limitacion`
  MODIFY `id` int(10) UNSIGNED NOT NULL AUTO_INCREMENT, AUTO_INCREMENT=13;

--
-- AUTO_INCREMENT de la tabla `victima_necesidad`
--
ALTER TABLE `victima_necesidad`
  MODIFY `id` int(10) UNSIGNED NOT NULL AUTO_INCREMENT, AUTO_INCREMENT=36;

--
-- AUTO_INCREMENT de la tabla `victima_programa`
--
ALTER TABLE `victima_programa`
  MODIFY `id` int(10) UNSIGNED NOT NULL AUTO_INCREMENT, AUTO_INCREMENT=28;

--
-- AUTO_INCREMENT de la tabla `victims`
--
ALTER TABLE `victims`
  MODIFY `id` int(10) UNSIGNED NOT NULL AUTO_INCREMENT, AUTO_INCREMENT=82;

--
-- AUTO_INCREMENT de la tabla `victim_im`
--
ALTER TABLE `victim_im`
  MODIFY `id` int(11) UNSIGNED NOT NULL AUTO_INCREMENT, AUTO_INCREMENT=19;

--
-- AUTO_INCREMENT de la tabla `victim_pa`
--
ALTER TABLE `victim_pa`
  MODIFY `id` int(11) UNSIGNED NOT NULL AUTO_INCREMENT, AUTO_INCREMENT=149;

--
-- AUTO_INCREMENT de la tabla `victim_ra`
--
ALTER TABLE `victim_ra`
  MODIFY `id` int(11) UNSIGNED NOT NULL AUTO_INCREMENT, AUTO_INCREMENT=143;
COMMIT;

/*!40101 SET CHARACTER_SET_CLIENT=@OLD_CHARACTER_SET_CLIENT */;
/*!40101 SET CHARACTER_SET_RESULTS=@OLD_CHARACTER_SET_RESULTS */;
/*!40101 SET COLLATION_CONNECTION=@OLD_COLLATION_CONNECTION */;
