# ************************************************************
# Sequel Pro SQL dump
# VersiÛn 4541
#
# http://www.sequelpro.com/
# https://github.com/sequelpro/sequelpro
#
# Host: 127.0.0.1 (MySQL 5.5.5-10.1.34-MariaDB)
# Base de datos: victimas
# Tiempo de GeneraciÛn: 2019-04-30 02:17:47 +0000
# ************************************************************


/*!40101 SET @OLD_CHARACTER_SET_CLIENT=@@CHARACTER_SET_CLIENT */;
/*!40101 SET @OLD_CHARACTER_SET_RESULTS=@@CHARACTER_SET_RESULTS */;
/*!40101 SET @OLD_COLLATION_CONNECTION=@@COLLATION_CONNECTION */;
/*!40101 SET NAMES utf8 */;
/*!40014 SET @OLD_FOREIGN_KEY_CHECKS=@@FOREIGN_KEY_CHECKS, FOREIGN_KEY_CHECKS=0 */;
/*!40101 SET @OLD_SQL_MODE=@@SQL_MODE, SQL_MODE='NO_AUTO_VALUE_ON_ZERO' */;
/*!40111 SET @OLD_SQL_NOTES=@@SQL_NOTES, SQL_NOTES=0 */;


# Volcado de tabla administrativos
# ------------------------------------------------------------

DROP TABLE IF EXISTS `administrativos`;

CREATE TABLE `administrativos` (
  `id` int(10) unsigned NOT NULL AUTO_INCREMENT,
  `nombre_y_apellido` varchar(255) DEFAULT NULL,
  `sede` varchar(255) DEFAULT NULL,
  `area` varchar(255) DEFAULT NULL,
  `email` varchar(255) DEFAULT NULL,
  PRIMARY KEY (`id`)
) ENGINE=InnoDB DEFAULT CHARSET=latin1;

LOCK TABLES `administrativos` WRITE;
/*!40000 ALTER TABLE `administrativos` DISABLE KEYS */;

INSERT INTO `administrativos` (`id`, `nombre_y_apellido`, `sede`, `area`, `email`)
VALUES
	(1,'Mart√≠n IGLESIA-ADMINISTRATIVO','BAHIA BLANCA','ADMINISTRATIVO','iglesiabraun@hotmail.com.ar'),
	(2,'Agust√≠n BEJARANO-ADMINISTRATIVO','LA PLATA','ADMINISTRATIVO','elbeca_81@hotmail.com'),
	(3,'Agustina Soledad DE ANDREIS-ADMINISTRATIVA','LA PLATA','ADMINISTRATIVA','deandreisagustina@gmail.com'),
	(4,'Luc√≠a DE ANTONI-ADMINISTRATIVA','LA PLATA','ADMINISTRATIVA','ludeantoni@hotmail.com'),
	(5,' Mar√≠a Carolina GASSULL-ADMINISTRATIVA','LA PLATA','ADMINISTRATIVA','carogassull@gmail.com'),
	(6,'Dante Bautista GUILIANI-ADMINISTRATIVO','LA PLATA','ADMINISTRATIVO','dantegiu@yahoo.com.ar'),
	(7,'Mart√≠n Dar√≠o MAC LOUGHLIN-ADMINISTRATIVO','LA PLATA','ADMINISTRATIVO','macloughlinmartin@gmail.com'),
	(8,'Sebasti√°n  MACUCHO-ADMINISTRATIVO','LA PLATA','ADMINISTRATIVO','slommac@hotmail.com'),
	(9,'Agust√≠n MONTONE-ADMINISTRATIVO','LA PLATA','ADMINISTRATIVO','agus_montone@hotmail.com'),
	(10,'H√©ctor Rub√©n PELLEGRINI-ADMINISTRATIVO','LA PLATA','ADMINISTRATIVO','cuchipellegrini@hotmail.com'),
	(11,'Maria Guadalupe SOSA-ADMINISTRATIVA','LA PLATA','ADMINISTRATIVA','cpvconsultadir@gmail.com'),
	(12,'Paula STROPPOLO-ADMINISTRATIVA','LA PLATA','ADMINISTRATIVA','paustroppolo25@hotmail.com'),
	(13,'Jacqueline Melina SULAS-ADMINISTRATIVA','LA PLATA','ADMINISTRATIVA','meelinasulasguzman@gmail.com'),
	(14,'Mar√≠a Alejandra ARRIETA-ADMINISTRATIVA','LOMAS Z.','ADMINISTRATIVA','malearrieta76@hotmail.com'),
	(15,'M√≥nica DI MAURO-ADMINISTRATIVA','MAR DEL PLATA','ADMINISTRATIVA','monidimauro@hotmail.com'),
	(16,'Malena PEREZ SOTO-ADMINISTRATIVA','MORON','ADMINISTRATIVA','malenap_@hotmail.com'),
	(17,'CAROLINA PALACIOS-ADMINISTRATIVA','QUILMES','ADMINISTRATIVA','palacios669@hotmail.com'),
	(18,'Mar√≠a In√©s DAVERIO-ADMINISTRATIVA','SAN FERNANDO','ADMINISTRATIVA','midaverio@hotmail.com'),
	(19,'Ver√≥nica SORIANO-ADMINISTRATIVA','SAN FERNANDO','ADMINISTRATIVA','veronicasoriano@yahoo.com'),
	(20,'Lorena MAGISTA-ADMINISTRATIVA','SAN MARTIN','ADMINISTRATIVA','loremagista@gmail.com');

/*!40000 ALTER TABLE `administrativos` ENABLE KEYS */;
UNLOCK TABLES;


# Volcado de tabla caratulas
# ------------------------------------------------------------

DROP TABLE IF EXISTS `caratulas`;

CREATE TABLE `caratulas` (
  `id` int(10) unsigned NOT NULL AUTO_INCREMENT,
  `caso_id` int(11) DEFAULT NULL,
  `delito_id` int(11) DEFAULT NULL,
  PRIMARY KEY (`id`)
) ENGINE=InnoDB DEFAULT CHARSET=latin1;

LOCK TABLES `caratulas` WRITE;
/*!40000 ALTER TABLE `caratulas` DISABLE KEYS */;

INSERT INTO `caratulas` (`id`, `caso_id`, `delito_id`)
VALUES
	(1,8,38),
	(2,8,40),
	(3,8,42),
	(4,8,69),
	(5,8,70),
	(6,8,71),
	(7,8,72),
	(8,9,38),
	(9,9,40),
	(10,9,43),
	(11,9,72),
	(12,10,38),
	(13,11,38),
	(14,11,39),
	(15,11,40),
	(16,11,41),
	(17,11,42),
	(18,12,38),
	(19,12,39),
	(20,13,38),
	(21,13,39),
	(22,13,71),
	(23,13,72),
	(24,14,38),
	(25,14,39),
	(26,15,38),
	(27,15,39),
	(28,16,38),
	(29,16,39),
	(30,16,40),
	(31,17,44),
	(32,17,45),
	(33,17,46),
	(34,18,38),
	(35,18,41),
	(36,19,38),
	(37,19,42),
	(38,20,38),
	(39,20,39),
	(40,21,38),
	(41,21,39),
	(42,22,38),
	(43,22,39),
	(44,23,38),
	(45,23,39),
	(46,24,38),
	(47,24,39),
	(48,25,38),
	(49,25,39),
	(50,26,38),
	(51,26,39),
	(52,27,38),
	(53,27,39),
	(54,28,38),
	(55,28,39),
	(56,29,38),
	(57,29,39),
	(58,29,40),
	(59,30,38),
	(60,30,39),
	(61,31,38),
	(62,32,38),
	(63,32,39),
	(64,33,38),
	(65,33,40),
	(66,33,42),
	(67,34,38),
	(68,34,39),
	(69,35,38),
	(70,35,39),
	(71,36,38),
	(72,36,39),
	(73,38,38),
	(74,38,39),
	(75,40,47),
	(76,41,38),
	(77,42,38),
	(78,43,38),
	(79,44,38),
	(80,45,38),
	(81,46,38),
	(82,47,38),
	(83,48,38),
	(84,49,38),
	(85,49,39),
	(86,50,38),
	(87,50,39),
	(88,50,40),
	(89,51,41),
	(90,51,42),
	(91,51,43),
	(92,52,38),
	(93,52,39),
	(94,53,38),
	(95,54,38),
	(96,55,38),
	(97,55,39),
	(98,55,40),
	(99,57,38),
	(100,57,39),
	(101,57,40),
	(102,58,38),
	(103,58,39),
	(104,58,40),
	(105,59,38),
	(106,60,38),
	(107,61,38),
	(108,62,38),
	(109,62,39),
	(110,64,38),
	(111,64,39),
	(112,65,38),
	(113,65,39),
	(114,65,40),
	(115,71,38),
	(116,72,38),
	(117,73,38),
	(118,73,39),
	(119,73,40),
	(120,74,38),
	(121,75,38),
	(122,75,39),
	(123,75,40),
	(124,76,38),
	(125,76,39),
	(126,77,38),
	(127,77,39),
	(128,78,38),
	(129,78,45),
	(130,78,49),
	(131,79,38),
	(132,79,39),
	(133,79,40),
	(134,82,38),
	(135,82,39),
	(136,82,40),
	(137,84,38),
	(138,84,39),
	(139,84,40),
	(140,85,38),
	(141,85,39),
	(142,85,40),
	(143,86,38),
	(144,86,39),
	(145,1,38),
	(146,1,38),
	(147,2,38),
	(148,2,39),
	(149,2,40),
	(150,3,38),
	(151,3,39),
	(152,4,38),
	(153,4,39),
	(154,4,40),
	(155,5,38),
	(156,5,43),
	(157,5,46),
	(158,5,49),
	(159,6,44),
	(160,6,45),
	(161,6,46),
	(162,6,47),
	(163,6,48),
	(164,6,49),
	(167,8,38),
	(168,8,39),
	(169,8,40),
	(170,9,38),
	(171,9,39),
	(172,10,38),
	(173,10,39),
	(174,10,40),
	(175,11,38),
	(176,11,39),
	(177,12,38),
	(178,12,39),
	(179,13,45),
	(180,13,46),
	(181,13,47),
	(182,14,38),
	(183,14,39),
	(184,21,42),
	(185,21,44),
	(186,21,45),
	(187,22,42),
	(188,22,44),
	(189,22,45),
	(190,23,43),
	(191,23,47),
	(192,23,63),
	(193,24,59),
	(194,24,61),
	(195,25,38),
	(196,25,39),
	(197,25,40),
	(198,26,38),
	(199,26,40),
	(200,26,41),
	(201,26,42),
	(202,27,38),
	(203,27,39),
	(204,27,40),
	(205,28,38),
	(206,28,39),
	(207,28,40),
	(208,29,38),
	(209,29,39),
	(210,30,38),
	(211,30,39),
	(212,31,38),
	(213,31,39),
	(214,31,40),
	(215,32,38),
	(216,32,39),
	(217,32,40),
	(218,33,38),
	(219,33,39),
	(220,34,38),
	(221,34,39),
	(222,34,40),
	(223,36,38),
	(224,36,39),
	(225,37,38),
	(226,37,39),
	(227,37,40),
	(228,38,38),
	(229,38,39),
	(230,43,38),
	(231,43,39),
	(232,43,40),
	(233,52,38),
	(234,52,39),
	(235,52,40),
	(236,53,38),
	(237,53,39),
	(238,53,40),
	(239,54,38),
	(240,54,39),
	(241,54,40),
	(242,55,38),
	(243,55,39),
	(244,66,38),
	(245,66,39),
	(246,67,38),
	(247,67,39),
	(248,68,38),
	(249,68,39),
	(250,69,38),
	(251,69,39),
	(252,70,38),
	(253,70,39),
	(254,71,38),
	(255,71,39),
	(256,75,38),
	(257,75,39),
	(258,76,38),
	(259,76,39),
	(260,78,38),
	(261,78,39),
	(262,79,38),
	(263,79,39),
	(264,80,38),
	(265,80,39),
	(266,80,40),
	(267,81,38),
	(268,81,39),
	(269,82,38),
	(270,82,39),
	(271,83,38),
	(272,83,39),
	(273,83,40),
	(274,85,38),
	(275,85,40),
	(276,87,40),
	(277,87,43),
	(278,88,47),
	(279,88,70),
	(280,89,41),
	(281,89,44),
	(282,90,43),
	(283,90,46),
	(284,91,39),
	(285,91,43),
	(286,92,39),
	(287,92,40),
	(288,93,38),
	(289,93,39),
	(290,94,38),
	(291,94,40),
	(292,95,44),
	(293,95,45),
	(294,96,39),
	(295,96,43),
	(296,97,38),
	(297,97,39),
	(298,97,40),
	(299,98,40),
	(300,98,43),
	(301,99,40),
	(302,99,41),
	(303,100,39),
	(304,100,41),
	(305,101,38),
	(306,101,39),
	(307,101,40),
	(308,102,39),
	(309,102,40),
	(310,102,41),
	(311,102,42),
	(312,103,43),
	(313,103,44),
	(314,104,41),
	(315,104,44),
	(316,105,40),
	(317,105,45),
	(318,105,62),
	(319,105,69),
	(320,106,39),
	(321,106,40),
	(322,106,47),
	(323,106,49),
	(324,107,48),
	(325,107,58),
	(326,108,43),
	(327,108,45),
	(328,108,59),
	(329,109,41),
	(330,109,44),
	(331,110,43),
	(332,110,47),
	(333,111,67),
	(334,111,73),
	(335,112,52),
	(336,112,57),
	(337,112,73),
	(338,113,51),
	(339,113,59),
	(340,113,73),
	(341,114,38),
	(342,114,39),
	(343,115,40),
	(344,115,44),
	(345,116,40),
	(346,116,44),
	(347,117,42),
	(348,117,47),
	(349,118,40),
	(350,118,46),
	(351,119,44),
	(352,119,46),
	(353,120,45),
	(354,120,48),
	(355,121,38),
	(356,121,39),
	(357,121,40),
	(358,122,38),
	(359,122,39),
	(360,122,40),
	(361,123,43),
	(362,123,45),
	(363,124,55),
	(364,124,59),
	(365,124,63),
	(366,125,42),
	(367,125,46),
	(368,126,41),
	(369,126,46),
	(370,127,57),
	(371,128,44),
	(372,128,52),
	(373,128,73),
	(374,129,45),
	(375,129,50),
	(376,130,54),
	(377,130,57),
	(378,131,45),
	(379,131,51),
	(380,131,73),
	(381,132,41),
	(382,132,45),
	(383,133,40),
	(384,133,46),
	(385,134,43),
	(386,134,45),
	(387,135,43),
	(388,135,46),
	(389,136,50),
	(390,136,54),
	(391,137,41),
	(392,137,43),
	(393,138,41),
	(394,138,44),
	(395,139,39),
	(396,139,43),
	(397,140,41),
	(398,140,44),
	(399,141,41),
	(400,141,45),
	(401,141,49),
	(402,141,68),
	(403,141,73),
	(404,142,41),
	(405,142,47),
	(406,142,53),
	(407,142,73),
	(408,143,51),
	(409,143,58),
	(410,143,73),
	(411,144,39),
	(412,144,45),
	(413,144,73),
	(414,145,55),
	(415,145,59),
	(416,146,40),
	(417,146,43),
	(418,147,40),
	(419,148,40),
	(420,149,41),
	(421,149,58),
	(422,149,73),
	(423,149,40),
	(425,7,66),
	(426,7,70),
	(427,7,72),
	(434,150,38),
	(435,151,41),
	(436,151,44),
	(437,151,73),
	(441,152,39),
	(442,153,50),
	(443,154,58),
	(444,155,39),
	(445,156,40),
	(446,157,40),
	(447,158,39),
	(448,159,39),
	(449,160,40),
	(450,161,42),
	(451,162,42),
	(452,163,40),
	(453,164,43);

/*!40000 ALTER TABLE `caratulas` ENABLE KEYS */;
UNLOCK TABLES;


# Volcado de tabla caso_cavaj
# ------------------------------------------------------------

DROP TABLE IF EXISTS `caso_cavaj`;

CREATE TABLE `caso_cavaj` (
  `id` int(10) unsigned NOT NULL AUTO_INCREMENT,
  `caso_id` int(11) DEFAULT NULL,
  `cavaj_id` int(11) DEFAULT NULL,
  PRIMARY KEY (`id`)
) ENGINE=InnoDB DEFAULT CHARSET=latin1;

LOCK TABLES `caso_cavaj` WRITE;
/*!40000 ALTER TABLE `caso_cavaj` DISABLE KEYS */;

INSERT INTO `caso_cavaj` (`id`, `caso_id`, `cavaj_id`)
VALUES
	(1,28,1),
	(2,29,1),
	(3,29,2),
	(4,29,3),
	(5,30,1),
	(6,30,2),
	(7,30,3),
	(8,31,1),
	(9,31,2),
	(10,32,1),
	(11,32,2),
	(12,33,1),
	(13,33,2),
	(14,33,3),
	(15,33,4),
	(16,33,5),
	(17,34,1),
	(18,34,2),
	(19,35,1),
	(20,35,2),
	(21,36,1),
	(22,36,2),
	(23,38,1),
	(24,40,1),
	(25,41,1),
	(26,42,7),
	(27,42,8),
	(28,43,7),
	(29,43,8),
	(30,44,1),
	(31,45,11),
	(32,46,1),
	(33,47,1),
	(34,48,1),
	(35,49,12),
	(36,49,13),
	(37,50,1),
	(38,50,2),
	(39,50,3),
	(40,51,12),
	(41,51,13),
	(42,51,14),
	(43,52,1),
	(44,52,2),
	(45,53,1),
	(46,53,2),
	(47,54,1),
	(48,54,2),
	(49,55,1),
	(50,55,2),
	(51,55,3),
	(52,57,1),
	(53,57,2),
	(54,57,3),
	(55,58,1),
	(56,58,2),
	(57,58,3),
	(58,59,1),
	(59,60,1),
	(60,61,1),
	(61,62,1),
	(62,62,2),
	(63,64,1),
	(64,65,12),
	(65,65,13),
	(66,71,1),
	(67,72,1),
	(68,73,1),
	(69,73,2),
	(70,74,12),
	(71,74,13),
	(72,75,1),
	(73,75,2),
	(74,75,3),
	(75,76,1),
	(76,77,1),
	(77,78,1),
	(78,78,2),
	(79,78,5),
	(80,79,1),
	(81,79,2),
	(82,79,3),
	(83,82,1),
	(84,82,2),
	(85,82,3),
	(86,84,1),
	(87,84,2),
	(88,84,3),
	(89,85,1),
	(90,85,2),
	(91,86,1),
	(92,86,2),
	(93,1,1),
	(94,1,1),
	(95,1,2),
	(96,2,1),
	(97,2,2),
	(98,3,1),
	(99,3,2),
	(100,3,3),
	(101,4,1),
	(102,4,2),
	(103,4,3),
	(104,5,1),
	(105,5,4),
	(106,5,5),
	(107,6,1),
	(108,6,2),
	(109,6,3),
	(110,6,4),
	(111,6,5),
	(112,6,6),
	(115,8,1),
	(116,8,2),
	(117,9,1),
	(118,9,2),
	(119,10,1),
	(120,10,2),
	(121,11,1),
	(122,11,2),
	(123,12,1),
	(124,12,2),
	(125,12,3),
	(126,13,1),
	(127,13,2),
	(128,13,3),
	(129,13,4),
	(130,13,5),
	(131,14,1),
	(132,14,2),
	(133,21,2),
	(134,22,2),
	(135,23,5),
	(136,23,10),
	(137,24,2),
	(138,24,3),
	(139,25,1),
	(140,25,2),
	(141,25,3),
	(142,26,1),
	(143,26,2),
	(144,26,3),
	(145,27,1),
	(146,27,2),
	(147,28,1),
	(148,28,2),
	(149,28,3),
	(150,29,1),
	(151,29,2),
	(152,30,1),
	(153,30,2),
	(154,31,1),
	(155,31,2),
	(156,31,3),
	(157,32,1),
	(158,32,2),
	(159,33,1),
	(160,33,2),
	(161,34,1),
	(162,34,2),
	(163,36,7),
	(164,36,8),
	(165,36,9),
	(166,37,1),
	(167,37,2),
	(168,37,3),
	(169,38,1),
	(170,38,2),
	(171,38,3),
	(172,43,1),
	(173,43,2),
	(174,52,1),
	(175,52,2),
	(176,53,1),
	(177,53,2),
	(178,54,1),
	(179,54,2),
	(180,54,3),
	(181,55,1),
	(182,55,2),
	(183,55,3),
	(184,66,1),
	(185,66,2),
	(186,67,1),
	(187,67,2),
	(188,68,1),
	(189,68,2),
	(190,69,1),
	(191,70,1),
	(192,70,2),
	(193,71,1),
	(194,71,2),
	(195,75,1),
	(196,75,2),
	(197,76,1),
	(198,76,2),
	(199,78,1),
	(200,78,2),
	(201,79,1),
	(202,79,2),
	(203,80,1),
	(204,80,2),
	(205,80,3),
	(206,81,1),
	(207,81,2),
	(208,82,1),
	(209,82,2),
	(210,83,1),
	(211,83,2),
	(212,83,3),
	(213,85,5),
	(214,87,11),
	(215,87,14),
	(216,88,4),
	(217,88,6),
	(218,89,13),
	(219,89,20),
	(220,89,23),
	(221,90,4),
	(222,90,7),
	(223,91,1),
	(224,91,11),
	(225,91,16),
	(226,92,3),
	(227,92,5),
	(228,93,3),
	(229,93,5),
	(230,94,1),
	(231,94,4),
	(232,95,1),
	(233,95,2),
	(234,96,6),
	(235,97,1),
	(236,97,2),
	(237,97,3),
	(238,98,8),
	(239,98,10),
	(240,99,1),
	(241,100,2),
	(242,100,4),
	(243,101,1),
	(244,101,2),
	(245,101,3),
	(246,102,5),
	(247,102,9),
	(248,103,1),
	(249,103,2),
	(250,104,5),
	(251,104,8),
	(252,105,5),
	(253,105,10),
	(254,106,10),
	(255,106,14),
	(256,107,4),
	(257,107,7),
	(258,108,2),
	(259,108,4),
	(260,109,2),
	(261,109,4),
	(262,110,14),
	(263,110,17),
	(264,111,11),
	(265,112,6),
	(266,112,13),
	(267,113,12),
	(268,114,1),
	(269,114,2),
	(270,115,3),
	(271,115,6),
	(272,116,3),
	(273,116,6),
	(274,117,4),
	(275,117,9),
	(276,118,10),
	(277,118,13),
	(278,119,4),
	(279,119,11),
	(280,120,5),
	(281,120,9),
	(282,121,1),
	(283,121,2),
	(284,122,1),
	(285,122,2),
	(286,123,4),
	(287,123,10),
	(288,124,8),
	(289,124,14),
	(290,125,3),
	(291,125,8),
	(292,126,2),
	(293,126,4),
	(294,127,10),
	(295,128,19),
	(296,128,21),
	(297,129,1),
	(298,129,3),
	(299,130,6),
	(300,130,10),
	(301,130,20),
	(302,131,2),
	(303,131,15),
	(304,131,20),
	(305,132,5),
	(306,132,11),
	(307,133,15),
	(308,133,18),
	(309,134,1),
	(310,134,4),
	(311,135,8),
	(312,135,15),
	(313,136,5),
	(314,136,9),
	(315,137,2),
	(316,138,1),
	(317,138,2),
	(318,139,1),
	(319,140,7),
	(320,140,11),
	(321,141,8),
	(322,141,11),
	(323,141,14),
	(324,141,17),
	(325,142,5),
	(326,142,12),
	(327,143,4),
	(328,143,15),
	(329,143,18),
	(330,144,23),
	(331,145,8),
	(332,146,3),
	(333,146,4),
	(334,147,8),
	(335,147,18),
	(336,148,2),
	(337,149,9),
	(338,149,16),
	(339,150,3),
	(340,150,19),
	(341,151,12),
	(342,151,23),
	(343,152,17),
	(344,153,8),
	(345,153,14),
	(346,154,5),
	(347,155,18),
	(348,156,11),
	(349,157,7),
	(350,158,2),
	(351,159,1),
	(352,160,4),
	(353,161,6),
	(354,162,4),
	(355,163,8),
	(356,164,8),
	(357,164,22),
	(358,165,11);

/*!40000 ALTER TABLE `caso_cavaj` ENABLE KEYS */;
UNLOCK TABLES;


# Volcado de tabla caso_organismos
# ------------------------------------------------------------

DROP TABLE IF EXISTS `caso_organismos`;

CREATE TABLE `caso_organismos` (
  `id` int(10) unsigned NOT NULL AUTO_INCREMENT,
  `caso_id` int(10) DEFAULT NULL,
  `organismo_id` int(10) DEFAULT NULL,
  PRIMARY KEY (`id`)
) ENGINE=InnoDB DEFAULT CHARSET=latin1;

LOCK TABLES `caso_organismos` WRITE;
/*!40000 ALTER TABLE `caso_organismos` DISABLE KEYS */;

INSERT INTO `caso_organismos` (`id`, `caso_id`, `organismo_id`)
VALUES
	(1,121,1),
	(2,121,2),
	(3,121,3),
	(4,122,1),
	(5,122,2),
	(6,122,3),
	(7,122,4),
	(8,123,10),
	(9,123,15),
	(10,124,9),
	(11,124,15),
	(12,125,11),
	(13,125,18),
	(14,127,3),
	(15,128,8),
	(16,128,20),
	(17,128,24),
	(18,129,21),
	(19,129,24),
	(20,131,7),
	(21,131,11),
	(22,131,22),
	(23,131,24),
	(24,141,11),
	(25,141,17),
	(26,141,20),
	(27,141,23),
	(28,141,24),
	(29,143,5),
	(30,143,20),
	(31,143,24),
	(32,144,4),
	(33,144,5),
	(34,147,7),
	(35,147,18),
	(36,149,16),
	(37,149,21),
	(38,149,24),
	(39,150,7),
	(40,150,9),
	(41,150,24),
	(42,151,17),
	(43,151,24),
	(44,152,16),
	(45,152,24),
	(46,153,10),
	(47,153,17),
	(48,153,24),
	(49,156,6),
	(50,156,21),
	(51,157,5),
	(52,161,10);

/*!40000 ALTER TABLE `caso_organismos` ENABLE KEYS */;
UNLOCK TABLES;


# Volcado de tabla casos
# ------------------------------------------------------------

DROP TABLE IF EXISTS `casos`;

CREATE TABLE `casos` (
  `id` int(10) unsigned NOT NULL AUTO_INCREMENT,
  `created_at` timestamp NULL DEFAULT NULL,
  `updated_at` timestamp NULL DEFAULT NULL,
  `nombre_referencia` varchar(255) DEFAULT NULL,
  `nro_carpeta` varchar(40) DEFAULT NULL,
  `delito` int(11) DEFAULT NULL,
  `otro_delito` varchar(255) DEFAULT NULL,
  `descripcion_caso` varchar(255) DEFAULT NULL,
  `fecha_ingreso` varchar(20) DEFAULT NULL,
  `modalidad_ingreso` int(11) DEFAULT NULL,
  `organismo` int(11) DEFAULT NULL,
  `cual_otro_organismo` varchar(255) DEFAULT NULL,
  `cavaj` int(11) DEFAULT NULL,
  `comisaria` varchar(255) DEFAULT NULL,
  `denuncias_previas` int(11) DEFAULT NULL,
  `departamento_judicial` int(11) DEFAULT NULL,
  `estado` int(11) DEFAULT NULL,
  `motivospasivos` int(11) DEFAULT NULL,
  `cual_otro_motivospasivo` varchar(255) DEFAULT NULL,
  `nombre_y_apellido_de_la_victima` varchar(255) DEFAULT NULL,
  `persona_asistida` int(11) DEFAULT NULL,
  `fecha_delito` int(11) DEFAULT NULL,
  `fecha_hecho` varchar(20) DEFAULT NULL,
  `fecha_hecho_otro` varchar(100) DEFAULT NULL,
  `pais_hecho` varchar(20) DEFAULT NULL,
  `provincia_hecho` int(11) DEFAULT NULL,
  `localidad_hecho` int(11) DEFAULT NULL,
  `usuarios` int(11) DEFAULT NULL,
  `userID_create` int(11) DEFAULT NULL,
  `userID_modify` int(11) DEFAULT NULL,
  `sede` varchar(255) DEFAULT NULL,
  `activo` int(11) DEFAULT NULL,
  PRIMARY KEY (`id`)
) ENGINE=InnoDB DEFAULT CHARSET=latin1;

LOCK TABLES `casos` WRITE;
/*!40000 ALTER TABLE `casos` DISABLE KEYS */;

INSERT INTO `casos` (`id`, `created_at`, `updated_at`, `nombre_referencia`, `nro_carpeta`, `delito`, `otro_delito`, `descripcion_caso`, `fecha_ingreso`, `modalidad_ingreso`, `organismo`, `cual_otro_organismo`, `cavaj`, `comisaria`, `denuncias_previas`, `departamento_judicial`, `estado`, `motivospasivos`, `cual_otro_motivospasivo`, `nombre_y_apellido_de_la_victima`, `persona_asistida`, `fecha_delito`, `fecha_hecho`, `fecha_hecho_otro`, `pais_hecho`, `provincia_hecho`, `localidad_hecho`, `usuarios`, `userID_create`, `userID_modify`, `sede`, `activo`)
VALUES
	(1,NULL,NULL,'nombre victima',NULL,NULL,NULL,'breve desp','2019-02-09 00:00:00',1,NULL,NULL,NULL,'com',1,10,0,2,NULL,NULL,NULL,NULL,NULL,NULL,NULL,NULL,NULL,NULL,NULL,NULL,NULL,1),
	(2,NULL,NULL,'nombreeeeeeeeeeeee',NULL,NULL,NULL,'breve desp','2019-02-09 00:00:00',1,NULL,NULL,NULL,'com',2,9,1,NULL,NULL,'NOMBRE V',NULL,NULL,NULL,NULL,NULL,NULL,NULL,NULL,NULL,NULL,NULL,1),
	(3,NULL,NULL,'maria ester',NULL,NULL,NULL,'breve','2019-02-09 00:00:00',1,NULL,NULL,NULL,'comi',1,7,1,NULL,NULL,'mario luis',NULL,NULL,NULL,NULL,NULL,NULL,NULL,NULL,NULL,NULL,NULL,1),
	(4,NULL,NULL,'marta sandra',NULL,NULL,NULL,'BREVE DESCRIPCION','2019-02-12 00:00:00',3,NULL,'OTRO ORGANISMO',NULL,'COMISARIA',1,12,2,4,'OTRO MOTIVO PASIVO','NOMBRE VICTIMA',NULL,NULL,NULL,NULL,NULL,NULL,NULL,NULL,NULL,NULL,NULL,1),
	(5,NULL,NULL,'CASO CINCO',NULL,NULL,NULL,'BREVE CASO CINCO','2019-02-10 00:00:00',2,NULL,NULL,NULL,'COMISARIA CINCO',1,14,1,NULL,NULL,'NOMBRE VICTIMA CINCO',NULL,NULL,NULL,NULL,NULL,NULL,NULL,NULL,NULL,NULL,NULL,1),
	(6,NULL,NULL,'VICTIMA SEIS',NULL,NULL,NULL,'BREVE SEIS','2019-02-10 00:00:00',3,NULL,'OTRO ORGANISMO',NULL,'COMI SEIS',1,7,2,2,NULL,'NOMBRE Y APELLIDO VICTIMA SEIS',NULL,NULL,NULL,NULL,NULL,NULL,NULL,NULL,NULL,NULL,NULL,1),
	(7,NULL,'2019-03-11 21:20:37','VICTIMA SIETE',NULL,NULL,NULL,'BREVE SIETE','2018-02-10 00:00:00',1,NULL,NULL,NULL,'COMI SIETE',NULL,7,1,NULL,NULL,'NOMBRE VICTIMA SIETE',NULL,NULL,NULL,NULL,NULL,NULL,NULL,NULL,NULL,5,NULL,1),
	(8,NULL,NULL,'CASO OCHO',NULL,NULL,NULL,'BREVE CASO OCHO','2019-02-10 00:00:00',3,NULL,'CUAL OTRO',NULL,'COM OCHO',1,5,1,NULL,NULL,'VICTIMA OCHO',NULL,NULL,NULL,NULL,NULL,NULL,NULL,NULL,NULL,NULL,NULL,1),
	(9,NULL,NULL,'CASO NUEVE',NULL,NULL,NULL,'BREVE CASO NUEVE','2019-02-10 00:00:00',2,NULL,NULL,NULL,'COM NUEVE',1,14,1,NULL,NULL,'VICTIMA NUEVE',NULL,NULL,NULL,NULL,NULL,NULL,NULL,NULL,NULL,NULL,NULL,1),
	(10,NULL,NULL,'CASO MIRTA SAENZ',NULL,NULL,NULL,'BREVE DESCRIPCION','2019-02-01 00:00:00',2,NULL,NULL,NULL,'COMISARIA',1,12,1,NULL,NULL,'MIRTA SAENZ',NULL,NULL,NULL,NULL,NULL,NULL,NULL,NULL,NULL,NULL,NULL,1),
	(11,NULL,NULL,'JUAN MOLINA',NULL,NULL,NULL,'BREVE','2019-02-10 00:00:00',1,NULL,NULL,NULL,'COMISARIA',1,11,1,NULL,NULL,'JOSE MOLINA',NULL,NULL,NULL,NULL,NULL,NULL,NULL,NULL,NULL,NULL,NULL,1),
	(12,NULL,NULL,'jose perez',NULL,NULL,NULL,'breve','2019-02-10 00:00:00',2,NULL,NULL,NULL,'comisaria',1,16,1,NULL,NULL,'ismael perez',NULL,NULL,NULL,NULL,NULL,NULL,NULL,NULL,NULL,NULL,NULL,1),
	(13,NULL,NULL,'CASO TRECE',NULL,NULL,NULL,'BREVE DESCRIP','2019-02-11 00:00:00',1,NULL,NULL,NULL,'COMISARIA TRECE',1,13,1,NULL,NULL,'NOMBRE VICTIMA TRECE',NULL,NULL,NULL,NULL,NULL,NULL,NULL,NULL,NULL,NULL,NULL,1),
	(14,NULL,NULL,'kamamam',NULL,NULL,NULL,'bbbbbbbbbbbbb','2019-02-19 00:00:00',1,NULL,NULL,NULL,'cnmmmmmm',1,12,1,NULL,NULL,'nnnnnnnnnnnnn',NULL,NULL,NULL,NULL,NULL,NULL,NULL,NULL,NULL,NULL,NULL,1),
	(15,NULL,'2019-03-11 21:48:03','SOLEDAD MARTINEZ',NULL,NULL,NULL,'dwdw','2017-02-11 00:00:00',1,NULL,NULL,NULL,'ddddd',NULL,17,1,NULL,NULL,'karina',NULL,NULL,NULL,NULL,NULL,NULL,NULL,8,NULL,5,NULL,1),
	(16,NULL,NULL,'Eugenia',NULL,NULL,NULL,'dwdw','2019-02-03 00:00:00',1,NULL,NULL,NULL,'ddddd',2,17,1,NULL,NULL,'karina',NULL,NULL,NULL,NULL,NULL,NULL,NULL,NULL,NULL,NULL,NULL,1),
	(17,NULL,NULL,'Eugenia',NULL,NULL,NULL,'dwdw','2019-02-03 00:00:00',1,NULL,NULL,NULL,'ddddd',2,17,1,NULL,NULL,'karina',NULL,NULL,NULL,NULL,NULL,NULL,NULL,NULL,NULL,NULL,NULL,1),
	(18,NULL,NULL,'Eugenia',NULL,NULL,NULL,'dwdw','2019-02-03 00:00:00',1,NULL,NULL,NULL,'ddddd',2,17,1,NULL,NULL,'karina',NULL,NULL,NULL,NULL,NULL,NULL,NULL,NULL,NULL,NULL,NULL,1),
	(19,NULL,NULL,'Lucky',NULL,NULL,NULL,'fefefefe','2019-02-03 00:00:00',1,NULL,NULL,NULL,'dadad',1,18,1,NULL,NULL,'laura',NULL,NULL,NULL,NULL,NULL,NULL,NULL,NULL,NULL,NULL,NULL,1),
	(20,NULL,NULL,'Lucky',NULL,NULL,NULL,'fefefefe','2019-02-03 00:00:00',1,NULL,NULL,NULL,'dadad',1,18,1,NULL,NULL,'laura',NULL,NULL,NULL,NULL,NULL,NULL,NULL,NULL,NULL,NULL,NULL,1),
	(21,NULL,NULL,'Lucky',NULL,NULL,NULL,'fefefefe','2019-02-03 00:00:00',1,NULL,NULL,NULL,'dadad',1,18,1,NULL,NULL,'laura',NULL,NULL,NULL,NULL,NULL,NULL,NULL,NULL,NULL,NULL,NULL,1),
	(22,NULL,NULL,'Lucky',NULL,NULL,NULL,'fefefefe','2019-02-03 00:00:00',1,NULL,NULL,NULL,'dadad',1,18,1,NULL,NULL,'laura',NULL,NULL,NULL,NULL,NULL,NULL,NULL,NULL,NULL,NULL,NULL,1),
	(23,NULL,NULL,'Roberta',NULL,NULL,NULL,'murio','2019-01-22 00:00:00',1,NULL,NULL,NULL,'string',2,17,1,NULL,NULL,'hola',NULL,NULL,NULL,NULL,NULL,NULL,NULL,NULL,NULL,NULL,NULL,1),
	(24,NULL,NULL,'Aldo',NULL,NULL,NULL,'un caso feo','2019-02-03 00:00:00',2,NULL,NULL,NULL,'casa',2,18,1,NULL,NULL,'sarasa',NULL,NULL,NULL,NULL,NULL,NULL,NULL,NULL,NULL,NULL,NULL,1),
	(25,NULL,NULL,'CASO NUEVO',NULL,NULL,NULL,'BREVE','2019-02-12 00:00:00',2,NULL,NULL,NULL,'COM',1,17,1,NULL,NULL,'MARIA',NULL,NULL,NULL,NULL,NULL,NULL,NULL,NULL,NULL,NULL,NULL,1),
	(26,NULL,NULL,'caspveintiseis',NULL,NULL,NULL,'breve','2019-02-12 00:00:00',2,NULL,NULL,NULL,'com',1,10,1,NULL,NULL,'VICTIMA',NULL,NULL,NULL,NULL,NULL,NULL,NULL,NULL,NULL,NULL,NULL,1),
	(27,NULL,NULL,'CASOCASO',NULL,NULL,NULL,'BREVE CASO','2019-02-13 00:00:00',2,NULL,NULL,NULL,'COM',1,10,1,NULL,NULL,'NOMBRE VICTIMA',NULL,NULL,NULL,NULL,NULL,NULL,NULL,NULL,NULL,NULL,NULL,1),
	(28,NULL,NULL,'CASOCASOCASO',NULL,NULL,NULL,'BREVE CASO','2019-02-13 00:00:00',1,NULL,NULL,NULL,'COM',1,16,1,NULL,NULL,'NOMBRE VICTIMA',NULL,NULL,NULL,NULL,NULL,NULL,NULL,NULL,NULL,NULL,NULL,1),
	(29,NULL,NULL,'MARIA ESTER',NULL,NULL,NULL,'BREVE','2019-02-13 00:00:00',1,NULL,NULL,NULL,'COM',1,13,1,NULL,NULL,'MARIA ESTER L',NULL,NULL,NULL,NULL,NULL,NULL,NULL,NULL,NULL,NULL,NULL,1),
	(30,NULL,NULL,'lalalla',NULL,NULL,NULL,'BREVE','2019-02-13 00:00:00',1,NULL,NULL,NULL,'COM',2,18,1,NULL,NULL,'NOMBRE',NULL,NULL,NULL,NULL,NULL,NULL,NULL,NULL,NULL,NULL,NULL,1),
	(31,NULL,NULL,'EUGE-LUCKY',NULL,NULL,NULL,'BREVE','2019-02-12 00:00:00',2,NULL,NULL,NULL,'COMI',1,2,1,NULL,NULL,'NOMBRE VICTIMA',NULL,NULL,NULL,NULL,NULL,NULL,NULL,NULL,NULL,NULL,NULL,1),
	(32,NULL,NULL,'CASO DE PRUEBO',NULL,NULL,NULL,'BREVE CASO','2019-02-13 00:00:00',1,NULL,NULL,NULL,'COMISARIA',1,7,1,NULL,NULL,'VICTIMA PRUEBA',NULL,NULL,NULL,NULL,NULL,NULL,NULL,NULL,NULL,NULL,NULL,1),
	(33,NULL,NULL,'PRUEBA PRUEBA',NULL,NULL,NULL,'BREVE DATE','2019-02-13 00:00:00',1,NULL,NULL,NULL,'COMI',1,12,1,NULL,NULL,'NOMBRE NOMBRE',NULL,NULL,NULL,NULL,NULL,NULL,NULL,NULL,NULL,NULL,NULL,1),
	(34,NULL,NULL,'CASO MODIFICADO',NULL,NULL,NULL,'BREVE MODIFICADO','2019-02-13 00:00:00',1,NULL,NULL,NULL,'COMIS',1,17,1,NULL,NULL,'VICTIMA MODIFICADO',NULL,NULL,NULL,NULL,NULL,NULL,NULL,NULL,NULL,NULL,NULL,1),
	(35,NULL,NULL,'PRUEBA PROGRAMA',NULL,NULL,NULL,'BREVE PROGRAMA','2019-02-14 00:00:00',3,NULL,'OTRO ORGANISMO',NULL,'COMI',1,6,1,NULL,NULL,'VICTIMA PROGRAMA',NULL,NULL,NULL,NULL,NULL,NULL,NULL,NULL,NULL,NULL,NULL,1),
	(36,NULL,NULL,'PRUEBA PROGRAMA',NULL,NULL,NULL,'BREVE PROGRAMA','2019-02-14 00:00:00',3,NULL,'OTRO ORGANISMO',NULL,'COMI',1,6,1,NULL,NULL,'VICTIMA PROGRAMA',NULL,NULL,NULL,NULL,NULL,NULL,NULL,NULL,NULL,NULL,NULL,1),
	(37,NULL,NULL,'PRUEBA AC',NULL,NULL,NULL,'BREVE AC','2019-02-14 00:00:00',1,NULL,NULL,NULL,'COM',1,12,1,NULL,NULL,'VICTIMA AC',NULL,NULL,NULL,NULL,NULL,NULL,NULL,NULL,NULL,NULL,NULL,1),
	(38,NULL,NULL,'CASO AC',NULL,NULL,NULL,'BREVE','2019-02-14 00:00:00',1,NULL,NULL,NULL,'COM',1,14,1,NULL,NULL,'PRUEBA AC',NULL,NULL,NULL,NULL,NULL,NULL,NULL,NULL,NULL,NULL,NULL,1),
	(39,NULL,NULL,NULL,NULL,NULL,NULL,NULL,'2016-02-14 00:00:00',NULL,NULL,NULL,NULL,NULL,NULL,NULL,NULL,NULL,NULL,NULL,NULL,NULL,NULL,NULL,NULL,NULL,NULL,NULL,NULL,NULL,NULL,1),
	(40,NULL,NULL,NULL,NULL,NULL,NULL,NULL,'2015-02-14 00:00:00',NULL,NULL,NULL,NULL,NULL,NULL,NULL,NULL,NULL,NULL,NULL,NULL,NULL,NULL,NULL,NULL,NULL,NULL,NULL,NULL,NULL,NULL,1),
	(41,NULL,NULL,NULL,NULL,NULL,NULL,NULL,'2014-02-14 00:00:00',NULL,NULL,NULL,NULL,NULL,NULL,NULL,NULL,NULL,NULL,NULL,NULL,NULL,NULL,NULL,NULL,NULL,NULL,NULL,NULL,NULL,NULL,1),
	(42,NULL,NULL,NULL,NULL,NULL,NULL,NULL,'2019-02-14 00:00:00',NULL,NULL,NULL,NULL,NULL,NULL,NULL,NULL,NULL,NULL,NULL,NULL,NULL,NULL,NULL,NULL,NULL,NULL,NULL,NULL,NULL,NULL,1),
	(43,NULL,NULL,'msososoos',NULL,NULL,NULL,'ATACH','2019-02-14 00:00:00',1,NULL,NULL,NULL,'COM',1,2,1,NULL,NULL,'PRUEBA PRUEBA',NULL,NULL,NULL,NULL,NULL,NULL,NULL,NULL,NULL,NULL,NULL,1),
	(44,NULL,NULL,NULL,NULL,NULL,NULL,NULL,'2018-12-20',NULL,NULL,NULL,NULL,NULL,NULL,NULL,NULL,NULL,NULL,NULL,NULL,NULL,NULL,NULL,NULL,NULL,NULL,NULL,NULL,NULL,NULL,1),
	(45,NULL,NULL,NULL,NULL,NULL,NULL,NULL,'2018-12-20',NULL,NULL,NULL,NULL,NULL,NULL,NULL,NULL,NULL,NULL,NULL,NULL,NULL,NULL,NULL,NULL,NULL,NULL,NULL,NULL,NULL,NULL,1),
	(46,NULL,NULL,NULL,NULL,NULL,NULL,NULL,'2018-12-20',NULL,NULL,NULL,NULL,NULL,NULL,NULL,NULL,NULL,NULL,NULL,NULL,NULL,NULL,NULL,NULL,NULL,NULL,NULL,NULL,NULL,NULL,1),
	(47,NULL,NULL,NULL,NULL,NULL,NULL,NULL,'2018-12-20',NULL,NULL,NULL,NULL,NULL,NULL,NULL,NULL,NULL,NULL,NULL,NULL,NULL,NULL,NULL,NULL,NULL,NULL,NULL,NULL,NULL,NULL,1),
	(48,NULL,NULL,NULL,NULL,NULL,NULL,NULL,'2019-12-20',NULL,NULL,NULL,NULL,NULL,NULL,NULL,NULL,NULL,NULL,NULL,NULL,NULL,NULL,NULL,NULL,NULL,NULL,NULL,NULL,NULL,NULL,1),
	(49,NULL,NULL,NULL,NULL,NULL,NULL,NULL,'2018-12-20',NULL,NULL,NULL,NULL,NULL,NULL,NULL,NULL,NULL,NULL,NULL,NULL,NULL,NULL,NULL,NULL,NULL,NULL,NULL,NULL,NULL,NULL,1),
	(50,NULL,NULL,NULL,NULL,NULL,NULL,NULL,'2019-12-20',NULL,NULL,NULL,NULL,NULL,NULL,NULL,NULL,NULL,NULL,NULL,NULL,NULL,NULL,NULL,NULL,NULL,NULL,NULL,NULL,NULL,NULL,1),
	(51,NULL,NULL,NULL,NULL,NULL,NULL,NULL,'2010-12-20 00:00:00',NULL,NULL,NULL,NULL,NULL,NULL,NULL,NULL,NULL,NULL,NULL,NULL,NULL,NULL,NULL,NULL,NULL,NULL,NULL,NULL,NULL,NULL,1),
	(52,NULL,NULL,'CASOSSSS',NULL,NULL,NULL,'BREVE','2019-02-14 00:00:00',2,NULL,NULL,NULL,'COMI',1,16,1,NULL,NULL,'VICTIMA',NULL,NULL,NULL,NULL,NULL,NULL,NULL,NULL,NULL,NULL,NULL,1),
	(53,NULL,NULL,'ULTIMO',NULL,NULL,NULL,'BREVE','2019-02-15 00:00:00',3,NULL,NULL,NULL,'COMI',1,11,1,NULL,NULL,'NOMBRE VICTIMA',NULL,NULL,NULL,NULL,NULL,NULL,NULL,NULL,NULL,NULL,NULL,1),
	(54,NULL,NULL,'MARIA',NULL,NULL,NULL,'BREVE DESCRIPCION','2019-02-15 00:00:00',1,NULL,NULL,NULL,'COM',1,12,1,NULL,NULL,'MARIA ESTER',NULL,NULL,NULL,NULL,NULL,NULL,NULL,NULL,NULL,NULL,NULL,1),
	(55,NULL,NULL,'MARIA',NULL,NULL,NULL,'BREVE','2019-02-15 00:00:00',1,NULL,NULL,NULL,'COM',1,13,1,NULL,NULL,'MARIA EUGENIA',NULL,NULL,NULL,NULL,NULL,NULL,NULL,NULL,NULL,NULL,NULL,1),
	(56,NULL,NULL,NULL,NULL,NULL,NULL,NULL,'2011-12-20 00:00:00',NULL,NULL,NULL,NULL,NULL,NULL,NULL,NULL,NULL,NULL,NULL,NULL,NULL,NULL,NULL,NULL,NULL,NULL,NULL,NULL,NULL,NULL,1),
	(57,NULL,NULL,'NOMBRE',NULL,NULL,NULL,NULL,'2018-12-20 00:00:00',NULL,NULL,NULL,NULL,NULL,NULL,NULL,NULL,NULL,NULL,NULL,NULL,NULL,NULL,NULL,NULL,NULL,NULL,NULL,NULL,NULL,NULL,1),
	(58,NULL,NULL,'NOMBRE',NULL,NULL,NULL,NULL,'2018-12-20 00:00:00',NULL,NULL,NULL,NULL,NULL,NULL,NULL,NULL,NULL,NULL,NULL,NULL,NULL,NULL,NULL,NULL,NULL,NULL,NULL,NULL,NULL,NULL,1),
	(59,NULL,NULL,'NOMBRE',NULL,NULL,NULL,NULL,'2018-12-20 00:00:00',NULL,NULL,NULL,NULL,NULL,NULL,NULL,NULL,NULL,NULL,NULL,NULL,NULL,NULL,NULL,NULL,NULL,NULL,NULL,NULL,NULL,NULL,1),
	(60,NULL,NULL,'NOMBRE',NULL,NULL,NULL,NULL,'2018-12-20',NULL,NULL,NULL,NULL,NULL,NULL,NULL,NULL,NULL,NULL,NULL,NULL,NULL,NULL,NULL,NULL,NULL,NULL,NULL,NULL,NULL,NULL,1),
	(61,NULL,NULL,'KKKKKKKKKKKK',NULL,NULL,NULL,NULL,'2018-12-20',NULL,NULL,NULL,NULL,NULL,NULL,NULL,NULL,NULL,NULL,NULL,NULL,NULL,NULL,NULL,NULL,NULL,NULL,NULL,NULL,NULL,NULL,1),
	(62,NULL,NULL,'NOMBRE',NULL,NULL,NULL,NULL,'2019-12-20 00:00:00',NULL,NULL,NULL,NULL,NULL,NULL,NULL,NULL,NULL,NULL,NULL,NULL,NULL,NULL,NULL,NULL,NULL,NULL,NULL,NULL,NULL,NULL,1),
	(63,NULL,NULL,'NOMBRE',NULL,NULL,NULL,NULL,'2018-12-20',NULL,NULL,NULL,NULL,NULL,NULL,NULL,NULL,NULL,NULL,NULL,NULL,NULL,NULL,NULL,NULL,NULL,NULL,NULL,NULL,NULL,NULL,1),
	(64,NULL,NULL,'NOMBRE',NULL,NULL,NULL,NULL,'2018-12-20',NULL,NULL,NULL,NULL,NULL,NULL,NULL,NULL,NULL,NULL,NULL,NULL,NULL,NULL,NULL,NULL,NULL,NULL,NULL,NULL,NULL,NULL,1),
	(65,NULL,NULL,'NOMBRE',NULL,NULL,NULL,NULL,'2018-12-20 00:00:00',NULL,NULL,NULL,NULL,NULL,NULL,NULL,NULL,NULL,NULL,NULL,NULL,NULL,NULL,NULL,NULL,NULL,NULL,NULL,NULL,NULL,NULL,1),
	(66,NULL,NULL,'NOMBRE CAUSA',NULL,NULL,NULL,'BREVE','2019-02-16 00:00:00',2,NULL,NULL,NULL,'COM',1,16,1,NULL,NULL,'MARTA',NULL,NULL,NULL,NULL,NULL,NULL,NULL,NULL,NULL,NULL,NULL,1),
	(67,NULL,NULL,'NOMBRE CAUSA',NULL,NULL,NULL,'BREVE','2019-02-16 00:00:00',2,NULL,NULL,NULL,'COM',1,16,1,NULL,NULL,'MARTA',NULL,NULL,NULL,NULL,NULL,NULL,NULL,NULL,NULL,NULL,NULL,1),
	(68,NULL,NULL,'NOMBRE CAUSA',NULL,NULL,NULL,'BREVE','2019-02-16 00:00:00',2,NULL,NULL,NULL,'COM',1,16,1,NULL,NULL,'MARTA',NULL,NULL,NULL,NULL,NULL,NULL,NULL,NULL,NULL,NULL,NULL,1),
	(69,NULL,NULL,'NOMBRE',NULL,NULL,NULL,'BREVE','2019-02-16 00:00:00',2,NULL,NULL,NULL,'COM',1,6,1,NULL,NULL,'MARTA',NULL,NULL,NULL,NULL,NULL,NULL,NULL,NULL,NULL,NULL,NULL,1),
	(70,NULL,NULL,'NOMBRE CAUSA',NULL,NULL,NULL,'BREVE','2019-02-16 00:00:00',2,NULL,NULL,NULL,'COM',1,16,1,NULL,NULL,'MARTA',NULL,NULL,NULL,NULL,NULL,NULL,NULL,NULL,NULL,NULL,NULL,1),
	(71,NULL,NULL,'NOMBRE CAUSA',NULL,NULL,NULL,'BREVE','2019-02-16 00:00:00',2,NULL,NULL,NULL,'COM',1,16,1,NULL,NULL,'MARTA',NULL,NULL,NULL,NULL,NULL,NULL,NULL,NULL,NULL,NULL,NULL,1),
	(72,NULL,NULL,'NOMBRE CAUSA',NULL,NULL,NULL,'BREVE','2019-02-16 00:00:00',2,NULL,NULL,NULL,'COM',1,16,1,NULL,NULL,'MARTA',NULL,NULL,NULL,NULL,NULL,NULL,NULL,NULL,NULL,NULL,NULL,1),
	(73,NULL,NULL,'NOMBRE CAUSA',NULL,NULL,NULL,'BREVE','2019-02-16 00:00:00',2,NULL,NULL,NULL,'COM',1,16,1,NULL,NULL,'MARTA',NULL,NULL,NULL,NULL,NULL,NULL,NULL,NULL,NULL,NULL,NULL,1),
	(74,NULL,NULL,'NOMBRE',NULL,NULL,NULL,'BREVE','2019-02-16 00:00:00',1,NULL,NULL,NULL,'COM',2,14,1,NULL,NULL,'MARTA',NULL,NULL,NULL,NULL,NULL,NULL,NULL,NULL,NULL,NULL,NULL,1),
	(75,NULL,NULL,'NOMBRE',NULL,NULL,NULL,'BREVE','2019-02-16 00:00:00',1,NULL,NULL,NULL,'COMI',2,17,1,NULL,NULL,'NOMBRE',NULL,NULL,NULL,NULL,NULL,NULL,NULL,NULL,NULL,NULL,NULL,1),
	(76,NULL,NULL,'NOMBRE',NULL,NULL,NULL,'BREVE','2019-02-16 00:00:00',1,NULL,NULL,NULL,'COMI',2,17,1,NULL,NULL,'NOMBRE',NULL,NULL,NULL,NULL,NULL,NULL,NULL,NULL,NULL,NULL,NULL,1),
	(77,NULL,NULL,NULL,NULL,NULL,NULL,NULL,'2013-12-20 00:00:00',NULL,NULL,NULL,NULL,NULL,NULL,NULL,NULL,NULL,NULL,NULL,NULL,NULL,NULL,NULL,NULL,NULL,NULL,NULL,NULL,NULL,NULL,1),
	(78,NULL,NULL,NULL,NULL,NULL,NULL,NULL,'2018-12-20 00:00:00',NULL,NULL,NULL,NULL,NULL,NULL,NULL,NULL,NULL,NULL,NULL,NULL,NULL,NULL,NULL,NULL,NULL,NULL,NULL,NULL,NULL,NULL,1),
	(79,NULL,NULL,NULL,NULL,NULL,NULL,NULL,'2012-12-20 00:00:00',NULL,NULL,NULL,NULL,NULL,NULL,NULL,NULL,NULL,NULL,NULL,NULL,NULL,NULL,NULL,NULL,NULL,NULL,NULL,NULL,NULL,NULL,1),
	(80,NULL,NULL,'CASO CON USUARIO',NULL,NULL,NULL,'BREVE CON USUARIO','2019-02-16 00:00:00',2,NULL,NULL,NULL,'COMI',1,17,1,NULL,NULL,'VICTIMA CON USUARIO',NULL,NULL,NULL,NULL,NULL,NULL,NULL,1,NULL,NULL,NULL,1),
	(81,NULL,NULL,'caso prof1',NULL,NULL,NULL,'BREVE PROF1','2019-02-16 00:00:00',1,NULL,NULL,NULL,'COMI',1,15,1,NULL,NULL,'VICTIMA PROF 1',NULL,NULL,NULL,NULL,NULL,NULL,NULL,1,NULL,NULL,NULL,1),
	(82,NULL,NULL,'REFERENCIA PROF2',NULL,NULL,NULL,'BREVE DOS','2019-02-16 00:00:00',2,NULL,NULL,NULL,'COMI',1,15,1,NULL,NULL,'VICTIMA PROF',NULL,NULL,NULL,NULL,NULL,NULL,NULL,2,NULL,NULL,NULL,1),
	(83,NULL,NULL,'PRUEBA FINAL',NULL,NULL,NULL,'BREVE PRUEBA FINAL','2019-02-17 00:00:00',3,NULL,'OTRO ORGANISMO',NULL,'COMI',1,9,1,NULL,NULL,'MARCELA PEREZ',NULL,NULL,NULL,NULL,NULL,NULL,NULL,1,NULL,NULL,NULL,1),
	(84,NULL,NULL,NULL,NULL,NULL,NULL,NULL,'2016-12-20 00:00:00',NULL,NULL,NULL,NULL,NULL,NULL,NULL,NULL,NULL,NULL,NULL,NULL,NULL,NULL,NULL,NULL,NULL,NULL,NULL,NULL,NULL,NULL,1),
	(85,NULL,NULL,'Carla Conte',NULL,NULL,NULL,'Muy largo de contar','2018-12-20 00:00:00',1,NULL,NULL,NULL,'com',2,32,1,NULL,NULL,'fernando lobo',NULL,NULL,NULL,NULL,NULL,NULL,NULL,3,NULL,NULL,NULL,1),
	(86,NULL,NULL,NULL,NULL,NULL,NULL,NULL,'2017-12-20 00:00:00',NULL,NULL,NULL,NULL,NULL,NULL,NULL,NULL,NULL,NULL,NULL,NULL,NULL,NULL,NULL,NULL,NULL,NULL,NULL,NULL,NULL,NULL,1),
	(87,NULL,NULL,'walter Olmos',NULL,NULL,NULL,'Muy largo de contar','2019-02-05 00:00:00',1,NULL,NULL,NULL,'com',2,4,1,NULL,NULL,'fernando lobo',NULL,NULL,NULL,NULL,NULL,NULL,NULL,2,NULL,NULL,NULL,1),
	(88,NULL,NULL,'walter Olmos 2',NULL,NULL,NULL,'Muy largo de contar','2019-02-04 00:00:00',2,NULL,NULL,NULL,'com',1,5,2,2,NULL,'fernando lobo',NULL,NULL,NULL,NULL,NULL,NULL,NULL,2,NULL,NULL,NULL,1),
	(89,NULL,NULL,'walter Olmos',NULL,NULL,NULL,'Muy largo de contar','2019-02-19 00:00:00',1,NULL,NULL,NULL,'com',2,5,1,NULL,NULL,'fernando lobo',NULL,NULL,NULL,NULL,NULL,NULL,NULL,7,NULL,NULL,NULL,1),
	(90,NULL,NULL,'Teresa May',NULL,NULL,NULL,'Muy largo de contar','2019-02-16 00:00:00',1,NULL,NULL,NULL,'com',1,1,1,NULL,NULL,'fernando lobo',NULL,NULL,NULL,NULL,NULL,NULL,NULL,1,NULL,NULL,NULL,1),
	(91,NULL,NULL,'walter Olmos 2',NULL,NULL,NULL,'Muy largo de contar','2019-01-31 00:00:00',2,NULL,NULL,NULL,'com',1,3,1,NULL,NULL,'fernando lobo',NULL,NULL,NULL,NULL,NULL,NULL,NULL,6,NULL,NULL,NULL,1),
	(92,NULL,NULL,'MARIA MARIA',NULL,NULL,NULL,'Muy largo de contar','2019-02-14 00:00:00',1,NULL,NULL,NULL,'com',1,3,1,NULL,NULL,'fernando lobo',NULL,NULL,NULL,NULL,NULL,NULL,NULL,7,NULL,NULL,NULL,1),
	(93,NULL,NULL,'ALFREDO CASEROS',NULL,NULL,NULL,'Muy largo de contar','2019-02-04 00:00:00',1,NULL,NULL,NULL,'com',2,2,1,NULL,NULL,'fernando lobo',NULL,NULL,NULL,NULL,NULL,NULL,NULL,15,NULL,NULL,NULL,1),
	(94,NULL,NULL,'AMALIA GRANATA',NULL,NULL,NULL,'Muy largo de contar','2019-02-05 00:00:00',1,NULL,NULL,NULL,'com',2,2,1,NULL,NULL,'fernando lobo',NULL,NULL,NULL,NULL,NULL,NULL,NULL,2,NULL,NULL,NULL,1),
	(95,NULL,NULL,'PAZ MARTINEZ',NULL,NULL,NULL,'Muy largo de contar','2019-02-28 00:00:00',2,NULL,NULL,NULL,'com',1,2,1,NULL,NULL,'fernando lobo',NULL,NULL,NULL,NULL,NULL,NULL,NULL,21,NULL,NULL,NULL,1),
	(96,NULL,NULL,'LAURA CASA',NULL,NULL,NULL,'alallala','2019-02-28 00:00:00',2,NULL,NULL,NULL,'com',1,2,1,NULL,NULL,'fernando lobo',NULL,NULL,NULL,NULL,NULL,NULL,NULL,20,NULL,NULL,NULL,1),
	(97,NULL,NULL,'CASO PROVINCIA',NULL,NULL,NULL,'BREVE DESCRIP','2019-02-24 00:00:00',2,NULL,NULL,NULL,'com',2,3,1,NULL,NULL,'MARIA TERESA',NULL,NULL,NULL,NULL,NULL,NULL,NULL,2,NULL,NULL,NULL,1),
	(98,NULL,NULL,'HORACIO FERNANDEZ ASESINO',NULL,NULL,NULL,'BREVE DESCRIP','2019-02-22 00:00:00',1,NULL,NULL,NULL,'com',2,3,1,NULL,NULL,'MARIA TERESA',NULL,NULL,NULL,NULL,NULL,NULL,NULL,12,NULL,NULL,NULL,1),
	(99,NULL,NULL,'ANABELLA ARJONA',NULL,NULL,NULL,'alallala','2019-02-15 00:00:00',1,NULL,NULL,NULL,'com',2,36,1,NULL,NULL,'MARIA TERESA',NULL,NULL,NULL,NULL,NULL,NULL,NULL,6,NULL,NULL,NULL,1),
	(100,NULL,NULL,'ROSANA BERMEJO',NULL,NULL,NULL,'alallala','2019-02-20 00:00:00',1,NULL,NULL,NULL,'com',2,5,1,NULL,NULL,'MARIA TERESA',NULL,NULL,NULL,NULL,NULL,NULL,NULL,7,NULL,NULL,NULL,1),
	(101,NULL,NULL,'CASO PROVINCIA',NULL,NULL,NULL,'BREVE DESCRIP','2019-02-24 00:00:00',1,NULL,NULL,NULL,'COMISARIA',1,1,1,NULL,NULL,'FLORENCIA PEREZ',NULL,NULL,NULL,NULL,NULL,NULL,NULL,2,NULL,NULL,NULL,1),
	(102,NULL,NULL,'JACINTO LOPEZ',NULL,NULL,NULL,'BREVE DESCRIP','2019-02-14 00:00:00',1,NULL,NULL,NULL,'COMISARIA',2,1,1,NULL,NULL,'FLORENCIA PEREZ',NULL,NULL,NULL,NULL,NULL,NULL,NULL,7,NULL,NULL,NULL,1),
	(103,NULL,NULL,'AMANDA CLARKE',NULL,NULL,NULL,'Muy largo de contar','2019-02-08 00:00:00',1,NULL,NULL,NULL,'com',2,2,1,NULL,NULL,'MARIA TERESA',NULL,NULL,NULL,NULL,NULL,NULL,NULL,2,NULL,NULL,NULL,1),
	(104,NULL,NULL,'MARIANO LOPEZ',NULL,NULL,NULL,'BREVE DESCRIP','2019-02-15 00:00:00',1,NULL,NULL,NULL,'COMISARIA',2,2,1,NULL,NULL,'CARLA PAZ',NULL,NULL,NULL,NULL,NULL,NULL,NULL,3,NULL,NULL,NULL,1),
	(105,NULL,NULL,'BRIAN LANZELOTA',NULL,NULL,NULL,'alallala','2019-02-21 00:00:00',1,NULL,NULL,NULL,'COMISARIA',2,2,1,NULL,NULL,'MARIA TERESA',NULL,NULL,NULL,NULL,NULL,NULL,NULL,7,NULL,NULL,NULL,1),
	(106,NULL,NULL,'QUISPE MAMANI',NULL,NULL,NULL,'Muy largo de contar','2019-02-11 00:00:00',1,NULL,NULL,NULL,'com',1,1,1,NULL,NULL,'MARIA TERESA',NULL,NULL,NULL,NULL,NULL,NULL,NULL,16,NULL,NULL,NULL,1),
	(107,NULL,NULL,'PRUEBA FINAL',NULL,NULL,NULL,'Muy largo de contar','2019-02-16 00:00:00',1,NULL,NULL,NULL,'COMISARIA',1,2,1,NULL,NULL,'PRUEBA FINAL',NULL,NULL,NULL,NULL,NULL,NULL,NULL,4,NULL,NULL,NULL,1),
	(108,NULL,NULL,'CASO PRUEBA FINAL',NULL,NULL,NULL,'alallala','2019-02-11 00:00:00',1,NULL,NULL,NULL,'com',1,4,1,NULL,NULL,'CARLA PAZ',NULL,NULL,NULL,NULL,NULL,NULL,NULL,3,NULL,NULL,NULL,1),
	(109,NULL,NULL,'CASO FINAL',NULL,NULL,NULL,'Muy largo de contar','2019-02-21 00:00:00',1,NULL,NULL,NULL,'COMISARIA',2,4,1,NULL,NULL,'VICTIMA FINAL',NULL,NULL,NULL,NULL,NULL,NULL,NULL,4,NULL,NULL,NULL,1),
	(110,NULL,NULL,'Carla Conte',NULL,NULL,NULL,'alallala','2019-02-07 00:00:00',3,NULL,'otro orga',NULL,'com',1,2,1,NULL,NULL,'PRUEBA FINAL',NULL,NULL,NULL,NULL,NULL,NULL,NULL,4,NULL,NULL,NULL,1),
	(111,NULL,NULL,'CASO PROVINCIA',NULL,NULL,'varios','alallala','2019-02-16 00:00:00',3,NULL,NULL,NULL,'COMISARIA',2,8,2,4,'desaparecio','VICTIMA FINAL',NULL,NULL,NULL,NULL,NULL,NULL,NULL,7,NULL,NULL,NULL,1),
	(112,NULL,NULL,'CASO CASO CASO',NULL,NULL,'CASO','CASO','2019-02-21 00:00:00',3,NULL,'CASO CASO',NULL,'CASO',1,9,2,4,'desaparecio','CASO CASO',NULL,NULL,NULL,NULL,NULL,NULL,NULL,4,NULL,NULL,NULL,1),
	(113,NULL,NULL,'CASO PROVINCIA',NULL,NULL,'CASO','CASO','2019-02-07 00:00:00',3,NULL,'otro orga',NULL,'COMISARIA',1,4,2,4,'desaparecio','VICTIMA FINAL',NULL,NULL,NULL,NULL,NULL,NULL,NULL,6,NULL,NULL,NULL,1),
	(114,NULL,NULL,'CASO PROVINCIA',NULL,NULL,NULL,'breve','2019-02-28 00:00:00',3,NULL,NULL,NULL,'COMI',1,29,1,NULL,NULL,'MARIA MARTA',NULL,NULL,NULL,NULL,NULL,NULL,NULL,4,NULL,NULL,NULL,1),
	(115,NULL,NULL,'PAULA LOPEZ CANTRERAS',NULL,NULL,NULL,'BREVE DESCRIP','2019-02-11 00:00:00',3,NULL,NULL,NULL,'COMI',1,3,2,2,NULL,'PRUEBA FINAL',NULL,NULL,NULL,NULL,NULL,NULL,NULL,14,NULL,NULL,NULL,1),
	(116,NULL,NULL,'PAULA LOPEZ CANTRERAS',NULL,NULL,NULL,'BREVE DESCRIP','2019-02-11 00:00:00',3,NULL,NULL,NULL,'COMI',1,3,2,2,NULL,'PRUEBA FINAL',NULL,NULL,NULL,NULL,NULL,NULL,NULL,14,NULL,NULL,NULL,1),
	(117,NULL,NULL,'MARIA CASH',NULL,NULL,NULL,'BREVE DESCRIP','2019-02-13 00:00:00',3,NULL,'CASO CASO',NULL,'COMISARIA',2,2,2,3,NULL,'FLORENCIA PEREZ',NULL,NULL,NULL,NULL,NULL,NULL,NULL,8,NULL,NULL,NULL,1),
	(118,NULL,NULL,'Carla Conte',NULL,NULL,NULL,'CASO','2019-02-28 00:00:00',3,NULL,NULL,NULL,'COMI',2,4,1,NULL,NULL,'CARLA PAZ',NULL,NULL,NULL,NULL,NULL,NULL,NULL,6,NULL,NULL,NULL,NULL),
	(119,NULL,NULL,'MARIA CASH',NULL,NULL,NULL,'CASO','2019-02-14 00:00:00',3,NULL,NULL,NULL,'COMISARIA',2,4,2,3,NULL,'PRUEBA FINAL',NULL,NULL,NULL,NULL,NULL,NULL,NULL,8,NULL,NULL,NULL,NULL),
	(120,NULL,NULL,'CASO PROVINCIA',NULL,NULL,NULL,'CASO','2019-02-09 00:00:00',3,NULL,NULL,NULL,'com',2,2,2,3,NULL,'FLORENCIA PEREZ',NULL,NULL,NULL,NULL,NULL,NULL,NULL,8,NULL,NULL,NULL,NULL),
	(121,NULL,NULL,'walter Olmos',NULL,NULL,NULL,'Muy largo de contar','2019-02-23 00:00:00',3,NULL,NULL,NULL,'com',1,2,1,NULL,NULL,'CARLA PAZ',NULL,NULL,NULL,NULL,NULL,NULL,NULL,1,NULL,NULL,NULL,NULL),
	(122,NULL,NULL,'walter Olmos',NULL,NULL,NULL,'Muy largo de contar','2022-02-02 00:00:00',3,NULL,NULL,NULL,'com',1,2,1,NULL,NULL,'VICTIMA FINAL',NULL,NULL,NULL,NULL,NULL,NULL,NULL,5,NULL,NULL,NULL,NULL),
	(123,NULL,NULL,'PEDRO JOSE ALMIRON',NULL,NULL,NULL,'CASO','2019-02-14 00:00:00',3,NULL,NULL,NULL,'COMISARIA',2,3,2,2,NULL,'MARIA DOLORES LOPEZ',NULL,NULL,NULL,NULL,NULL,NULL,NULL,11,NULL,NULL,NULL,NULL),
	(124,NULL,'2019-03-11 14:05:12','PAOLO ROCCA',NULL,NULL,NULL,'LARGOOOOOOO','2018-03-14 00:00:00',3,NULL,NULL,NULL,'COM',NULL,7,2,2,NULL,'HERMIDA MOLINA CAMPOS',NULL,NULL,NULL,NULL,NULL,NULL,NULL,9,NULL,NULL,NULL,NULL),
	(125,NULL,NULL,'CASO DOMINGO FERIADO',NULL,NULL,NULL,'Muy largo de contar','2019-03-14 00:00:00',3,NULL,NULL,NULL,'COMI',1,3,1,NULL,NULL,'PRUEBA FINAL',NULL,NULL,NULL,NULL,NULL,NULL,NULL,9,NULL,NULL,NULL,NULL),
	(126,NULL,NULL,'CASO MARIA FLORES',NULL,NULL,NULL,'LARGUISIMO','2019-03-04 00:00:00',1,NULL,NULL,NULL,'COMISARIA',1,3,1,NULL,NULL,'CARLA PAZ',2,NULL,NULL,NULL,NULL,NULL,NULL,8,NULL,NULL,NULL,NULL),
	(127,NULL,NULL,'Trata de blancas Florencio Varela',NULL,NULL,NULL,'Ver declaraci√≥n del denunciante','2019-03-04 00:00:00',3,NULL,NULL,NULL,'4ta de Florencio Varela',2,15,1,NULL,NULL,'Varios',1,NULL,NULL,NULL,NULL,NULL,NULL,16,NULL,NULL,NULL,NULL),
	(128,NULL,NULL,'HILARIO GOMEZ',NULL,NULL,'OTRO','dolor in reprehenderit in voluptate velit esse cillum dolore eu fugiat nulla pariatur. Excepteur sint occaecat cupidatat non proident, sunt in culpa qui officia deserunt mollit anim id est laborum.','2019-02-05 00:00:00',3,NULL,'CASO CASO',NULL,'3RA DE BAHIA BLANCA',2,13,2,1,NULL,'VICTIMA FINAL',1,NULL,NULL,NULL,NULL,NULL,NULL,7,NULL,NULL,NULL,NULL),
	(129,NULL,NULL,'PEDRO FERNANDEZ CONTRA JOSE PEREZ',NULL,NULL,NULL,'BREVE DESCRIP','2019-02-28 00:00:00',3,NULL,'CASO CASO',NULL,'2DA DE BENITO JUAREZ',1,1,1,NULL,NULL,'VICTIMA FINAL',2,NULL,NULL,NULL,NULL,NULL,NULL,40,NULL,NULL,NULL,NULL),
	(130,NULL,NULL,'CASO REVISION FINAL DE SCRIPTS',NULL,NULL,NULL,'velit esse cillum dolore eu fugiat nulla pariatur. Excepteur sint occaecat cupidatat non proident, sunt in culpa qui officia deserunt mollit anim id est laborum.','2019-03-01 00:00:00',2,NULL,NULL,NULL,'1RA DE VICENTE LOPEZ',1,15,1,NULL,NULL,'ROSARIO MOLINA',2,NULL,NULL,NULL,NULL,NULL,NULL,18,NULL,NULL,NULL,NULL),
	(131,NULL,NULL,'HILARIO GOMEZ',NULL,NULL,'OTRO','velit esse cillum dolore eu fugiat nulla pariatur. Excepteur sint occaecat cupidatat non proident, sunt in culpa qui officia deserunt mollit anim id est laborum.','2019-03-04 00:00:00',3,NULL,'CASO CASO',NULL,'2DA DE BENITO JUAREZ',1,2,2,1,NULL,'FLORENCIA PEREZ',2,NULL,NULL,NULL,NULL,NULL,NULL,11,NULL,NULL,NULL,NULL),
	(132,NULL,NULL,'Caso Prueba Intervencion',NULL,NULL,NULL,'breve','2019-01-17',1,NULL,NULL,NULL,'1ra de Martinez',1,2,2,2,NULL,'CARLA PAZ',1,NULL,NULL,NULL,NULL,NULL,NULL,12,NULL,NULL,NULL,NULL),
	(133,NULL,NULL,'CASO FINAL PROBANDO CASO COMPLETO EUGE',NULL,NULL,NULL,'CASO','2019-03-04',1,NULL,NULL,NULL,'3RA DE BAHIA BLANCA',2,2,1,NULL,NULL,'VICTIMA FINAL',1,NULL,NULL,NULL,NULL,NULL,NULL,19,NULL,NULL,NULL,NULL),
	(134,NULL,NULL,'CASO PRUEBA CLASE',NULL,NULL,NULL,'onsequat. Duis aute irure doloreu fugiat nulla pariatur. Excepteur sint occaecat cupidatat non proident, sunt in culpa qui officia deserunt mollit anim id est laborum.','2019-03-04',1,NULL,NULL,NULL,'3RA DE BAHIA BLANCA',1,3,2,1,NULL,'CARLA PAZ',1,NULL,NULL,NULL,NULL,NULL,NULL,6,NULL,NULL,NULL,NULL),
	(135,NULL,NULL,'FERNANDO RAMIREZ',NULL,NULL,NULL,'DWIDQIJDOQWJDQ','2019-02-15',1,NULL,NULL,NULL,'3RA DE BAHIA BLANCA',1,2,1,NULL,NULL,'PRUEBA FINAL',1,NULL,NULL,NULL,NULL,NULL,NULL,13,NULL,NULL,NULL,NULL),
	(136,NULL,NULL,'CASO MARIA PAULA PEREZ',NULL,NULL,NULL,'na aliqua. Ut enirure dolor in reprehenderit in voluptate velit esse cillum dolore eu fugiat nulla pariatur. Excepteur sint occaecat cupidatat non proident, sunt in culpa qui officia deserunt mollit anim id est laborum.','2019-03-04',2,NULL,NULL,NULL,'4ta de Florencio Varela',2,1,1,NULL,NULL,'WALTER PEREZ',1,NULL,NULL,NULL,NULL,NULL,NULL,11,NULL,NULL,NULL,NULL),
	(137,NULL,NULL,'Carla Conte',NULL,NULL,NULL,'BREVE DESCRIP','2019-03-04',1,NULL,NULL,NULL,'4ta de Florencio Varela',1,2,2,2,NULL,'MARIA TERESA',1,NULL,NULL,NULL,NULL,NULL,NULL,9,NULL,NULL,NULL,NULL),
	(138,NULL,NULL,'CASO PRUEBA CARGA',NULL,NULL,NULL,'Muy largo de contar','2019-02-13',1,NULL,NULL,NULL,'3RA DE BAHIA BLANCA',1,2,1,NULL,NULL,'FLORENCIA PEREZ',1,NULL,NULL,NULL,NULL,NULL,NULL,4,NULL,NULL,NULL,NULL),
	(139,NULL,NULL,'PAOLO FERNANDEZ',NULL,NULL,NULL,'alallala','2019-03-04',1,NULL,NULL,NULL,'COMISARIA',2,3,1,NULL,NULL,'MARIA TERESA',2,NULL,NULL,NULL,NULL,NULL,NULL,4,NULL,NULL,NULL,NULL),
	(140,NULL,NULL,'URSULA CASTRO',NULL,NULL,NULL,'Muy largo de contar','2003-02-22',1,NULL,NULL,NULL,'2DA DE BENITO JUAREZ',1,9,1,NULL,NULL,'PEDRO LOPEZ',2,NULL,NULL,NULL,NULL,NULL,NULL,21,NULL,NULL,NULL,NULL),
	(141,'2019-03-09 23:13:04','2019-03-09 23:13:04','PEDRO ALMODOVAR',NULL,NULL,'ASESINATO','DESCRIPCION EXACTA DEL CASO A ANALIZAR','1998-01-12',3,NULL,'OTRO ORGANISMO NO CARGADO',NULL,'4TA DE BENAVIDEZ',1,16,2,4,'OTRO MOTIVO PASIVO','YANINA GONZALEZ',2,NULL,NULL,NULL,NULL,NULL,NULL,5,3,NULL,NULL,NULL),
	(142,'2019-03-10 11:52:26','2019-03-10 11:52:26','PEDRO LOPEZ',NULL,NULL,'OTRO','1  Para saber que consultas se ejecutan y cuales son en formato SQL , podr√≠a utilizar el fascade DB de la siguiente forma en el archivo routes/web.php (antes de todas las rutas definidas)','2009-01-01',2,NULL,NULL,NULL,'4ta de Florencio Varela',1,11,1,NULL,NULL,'VICTIMA FINAL',2,NULL,NULL,NULL,NULL,NULL,NULL,6,4,NULL,NULL,NULL),
	(143,'2019-03-10 12:34:01','2019-03-10 12:34:01','MARIA CASH BUSCADA',NULL,NULL,'CASO','onsequat. Duis aute irure doloreu fugiat nulla pariatur. Excepteur sint occaecat cupidatat non proident, sunt in culpa qui officia deserunt mollit anim id est laborum.','2009-03-01',3,NULL,'otro orga',NULL,'2DA DE BENITO JUAREZ',2,8,2,2,NULL,'FLORENCIA PEREZ',1,NULL,NULL,NULL,NULL,NULL,NULL,7,4,NULL,NULL,NULL),
	(144,'2019-03-10 14:54:39','2019-03-10 14:54:39','JANA BENITEZ',NULL,NULL,'OTRO','onsequat. Duis aute irure doloreu fugiat nulla pariatur. Excepteur sint occaecat cupidatat non proident, sunt in culpa qui officia deserunt mollit anim id est laborum.','1999-12-12',3,NULL,NULL,NULL,'3RA DE BAHIA BLANCA',1,4,1,NULL,NULL,'CARLA PAZ',1,NULL,NULL,NULL,NULL,NULL,NULL,13,NULL,NULL,NULL,NULL),
	(145,'2019-03-10 15:08:37','2019-03-10 15:08:37','CASO NUEVO FERNANDO',NULL,NULL,NULL,'Muy largo de contar','1999-12-12',2,NULL,NULL,NULL,'2DA DE BENITO JUAREZ',2,9,1,NULL,NULL,'PRUEBA FINAL',1,NULL,NULL,NULL,NULL,NULL,NULL,3,5,NULL,NULL,NULL),
	(146,'2019-03-10 18:41:48','2019-03-10 18:41:48','ABEL FERRERO',NULL,NULL,NULL,'BREVE DESCRIP','1990-12-12',2,NULL,NULL,NULL,'4ta de Florencio Varela',1,5,2,3,NULL,'JOSE FERNANDEZ',1,NULL,NULL,NULL,NULL,NULL,NULL,10,5,NULL,NULL,NULL),
	(147,'2019-03-10 23:45:39','2019-03-10 23:45:39','ASUNCION GOMEZ',NULL,NULL,NULL,'NUEVO CASO DE CARGA','1998-02-01',3,NULL,NULL,NULL,'2DA DE BENITO JUAREZ',1,3,2,2,NULL,'GABRIELA VERA',2,NULL,NULL,NULL,NULL,NULL,NULL,11,5,NULL,NULL,NULL),
	(148,'2019-03-11 10:52:32','2019-03-11 10:52:32','LEONARDO BARCO',NULL,NULL,NULL,'BREVE DESCRIP','1999-12-12',2,NULL,NULL,NULL,'3RA DE BAHIA BLANCA',1,2,1,NULL,NULL,'MARIA ROMINA LOPEZ',2,NULL,NULL,NULL,NULL,NULL,NULL,7,5,NULL,NULL,NULL),
	(149,'2019-03-11 19:02:35','2019-03-11 19:40:30','DARIO LOPERFIDO editado',NULL,NULL,'OTRO DELITO','DNWEJDNWDJNODNOQNDOWNDIWOEQNDPQND','1990-12-11',3,NULL,NULL,NULL,'2DA DE BENITO JUAREZ',NULL,13,2,4,NULL,'JAZMIN HERNANDEZ',2,NULL,NULL,NULL,NULL,NULL,NULL,109,5,5,NULL,NULL),
	(150,'2019-03-12 12:38:23','2019-03-12 12:48:27','PEDRO RODRIGUEZ',NULL,NULL,'OTRO DELITO','BREVE DESCRIP','1990-12-12',3,NULL,NULL,NULL,'2DA DE BENITO JUAREZ',NULL,2,2,2,NULL,'FACUNDO BAEZ',2,NULL,NULL,NULL,NULL,NULL,NULL,13,7,7,NULL,NULL),
	(151,'2019-03-12 15:05:39','2019-03-12 15:05:39','VALERIA RIBERO',NULL,NULL,'OTRO DELITO','Muy largo de contar','2000-12-12',3,NULL,'CASO CASO',NULL,'3RA DE BAHIA BLANCA',2,1,2,3,NULL,'MARIA TERESA',2,NULL,NULL,NULL,NULL,NULL,NULL,9,6,NULL,NULL,NULL),
	(152,'2019-03-12 18:31:27','2019-03-12 19:07:20','PEDRO RODRIGUEZ 2',NULL,NULL,'OTRO','Muy largo de contar','1999-12-12',3,NULL,NULL,NULL,'COMI',NULL,8,2,4,NULL,'FLORENCIA PEREZ',2,NULL,NULL,NULL,NULL,NULL,NULL,7,6,6,NULL,NULL),
	(153,'2019-03-17 14:38:27','2019-03-17 14:38:27','GABRIELA JIMENEZ',NULL,NULL,NULL,'BREVE DESCRIP','2019-01-12',3,NULL,'otro orga',NULL,'2DA DE BENITO JUAREZ',2,18,2,4,'OTRO MOTIVO PASIVO','CARLA PAZ',2,NULL,NULL,NULL,NULL,NULL,NULL,9,6,NULL,NULL,NULL),
	(154,'2019-03-18 22:41:29','2019-03-18 22:41:29','DARIO PEREZ',NULL,NULL,NULL,'CASO','1999-12-12',1,NULL,NULL,NULL,'COMISARIA',2,14,2,1,NULL,'VICTIMA FINAL',2,NULL,NULL,NULL,NULL,NULL,NULL,9,6,NULL,NULL,NULL),
	(155,'2019-03-18 23:17:24','2019-03-18 23:17:24','CASO PROVINCIA UNIDA',NULL,NULL,NULL,'onsequat. Duis aute irure doloreu fugiat nulla pariatur. Excepteur sint occaecat cupidatat non proident, sunt in culpa qui officia deserunt mollit anim id est laborum.','1990-12-12',1,NULL,NULL,NULL,'3RA DE BAHIA BLANCA',1,1,2,3,NULL,'PENELOPE MARTINEZ',1,NULL,NULL,NULL,NULL,NULL,NULL,56,6,NULL,NULL,NULL),
	(156,'2019-03-18 23:30:03','2019-03-18 23:30:03','PERLA JEREZ',NULL,NULL,NULL,'onsequat. Duis aute irure doloreu fugiat nulla pariatur. Excepteur sint occaecat cupidatat non proident, sunt in culpa qui officia deserunt mollit anim id est laborum.','2009-12-12',3,NULL,NULL,NULL,'2121',1,9,1,NULL,NULL,'WALDEMAR GOMEZ',1,NULL,NULL,NULL,NULL,NULL,NULL,101,6,NULL,NULL,NULL),
	(157,'2019-03-18 23:55:29','2019-03-18 23:55:29','MARTINA LEMOS',NULL,NULL,NULL,'BREVE DESCRIP','2019-03-12',3,NULL,NULL,NULL,'COMI',1,3,1,NULL,NULL,'PRUEBA FINAL',2,NULL,NULL,NULL,NULL,NULL,NULL,21,6,NULL,NULL,NULL),
	(158,'2019-03-20 15:39:32','2019-03-20 15:39:32','walter Olmos',NULL,NULL,NULL,'on proident, sunt in culpa qui officia deserunt mollit anim id est laborum.','1999-12-12',1,NULL,NULL,NULL,'COMISARIA',2,4,1,NULL,NULL,'VICTIMA FINAL',1,NULL,NULL,NULL,NULL,NULL,NULL,44,NULL,NULL,NULL,NULL),
	(159,'2019-03-21 12:29:43','2019-03-21 12:29:43','pppp',NULL,NULL,NULL,'BREVE DESCRIP','1999-12-12',1,NULL,NULL,NULL,'12',2,3,2,2,NULL,'victima',1,NULL,NULL,NULL,NULL,NULL,NULL,26,NULL,NULL,NULL,NULL),
	(160,'2019-03-21 14:36:54','2019-03-21 14:36:54','Carla Conte',NULL,NULL,NULL,'Muy largo de contar','1999-12-12',1,NULL,NULL,NULL,'COMISARIA',2,1,1,NULL,NULL,'FLORENCIA PEREZ',1,NULL,NULL,NULL,NULL,NULL,NULL,4,1,NULL,NULL,NULL),
	(161,'2019-03-21 14:40:04','2019-03-21 14:40:04','PEDRO BENITEZ',NULL,NULL,NULL,'BREVE DESCRIP','1999-12-12',3,NULL,NULL,NULL,'1RA DE VICENTE LOPEZ',2,5,2,4,'OTRO MOTIVO PASIVO','MARIA TERESA',2,NULL,NULL,NULL,NULL,NULL,NULL,NULL,1,NULL,NULL,NULL),
	(162,'2019-03-21 14:56:00','2019-03-21 14:56:00','RODRIGO NOYA',NULL,NULL,NULL,'BREVE DESCRIP','1999-12-12',1,NULL,NULL,NULL,'COMISARIA',2,5,1,NULL,NULL,'PRUEBA FINAL',1,NULL,NULL,NULL,NULL,NULL,NULL,NULL,1,NULL,NULL,NULL),
	(163,'2019-03-21 15:09:52','2019-03-21 15:09:52','PEDRO GOMEZ',NULL,NULL,NULL,'BREVE DESCRIP','1999-12-12',1,NULL,NULL,NULL,'4ta de Florencio Varela',1,3,2,2,NULL,'MARIA TERESA',2,NULL,NULL,NULL,NULL,NULL,NULL,NULL,1,NULL,NULL,NULL),
	(164,'2019-03-26 18:37:14','2019-03-26 18:37:14','Pablo',NULL,NULL,NULL,'Muy largo de contar','1999-12-12',1,NULL,NULL,NULL,'2DA DE BENITO JUAREZ',3,2,1,NULL,NULL,'CARLA PAZ',1,NULL,NULL,NULL,NULL,NULL,NULL,31,1,NULL,NULL,NULL),
	(165,'2019-03-28 14:55:42','2019-03-28 14:55:42','PEDRO PEREZ',NULL,47,NULL,'Muy largo de contar','1999-12-12',1,NULL,NULL,NULL,'4ta de Florencio Varela',2,2,1,NULL,NULL,'PRUEBA FINAL',1,NULL,NULL,NULL,NULL,NULL,NULL,NULL,1,NULL,'LINCOLN',NULL),
	(166,'2019-03-28 20:42:19','2019-03-28 20:42:19','GABRIEL TORRES','abc 123',74,NULL,'Muy largo de contar','1999-12-12',3,4,NULL,3,'COMISARIA',2,2,2,5,'desaparecio','VICTIMA FINAL',1,NULL,NULL,NULL,NULL,NULL,NULL,NULL,1,NULL,'LINCOLN',NULL),
	(167,'2019-03-28 20:44:32','2019-03-28 20:44:32','PAULA VILLA','abc 123',74,NULL,'Muy largo de contar','1999-12-12',3,4,NULL,3,'COMISARIA',2,2,2,5,'desaparecio','PRUEBA FINAL',1,NULL,NULL,NULL,NULL,NULL,NULL,NULL,1,NULL,'LINCOLN',NULL),
	(168,'2019-03-29 19:06:25','2019-03-29 19:06:25','CASO PROVINCIA','uuuuuu22',41,NULL,'Muy largo de contar','2019-03-29',2,NULL,NULL,4,'COMISARIA',1,5,2,2,NULL,'FLORENCIA PEREZ',1,NULL,NULL,NULL,NULL,NULL,NULL,NULL,1,NULL,'LINCOLN',NULL),
	(169,'2019-03-29 19:53:45','2019-03-29 19:53:45','Pedro Marto','abc 123',74,NULL,'Lorem ipsum d','2019-01-12',2,NULL,NULL,18,'2DA DE BENITO JUAREZ',1,2,2,3,NULL,'Carla martinez',2,NULL,NULL,NULL,NULL,NULL,NULL,NULL,1,NULL,'LINCOLN',NULL),
	(170,'2019-04-03 19:08:33','2019-04-03 19:08:33','Pedro Lopez Aguilar','12ABC',74,NULL,'Hola Como va','1999-12-12',1,NULL,NULL,5,'COMISARIA',2,2,2,3,NULL,'FLORENCIA PEREZ',1,NULL,NULL,NULL,NULL,NULL,NULL,NULL,1,NULL,'LINCOLN',NULL),
	(171,'2019-04-04 20:34:38','2019-04-04 20:34:38','Pedro Lopez final','abc 123',40,NULL,'caso largo','1999-12-12',1,NULL,NULL,2,'2DA DE BENITO JUAREZ',1,4,1,NULL,NULL,'VICTIMA FINAL',1,NULL,NULL,NULL,NULL,NULL,NULL,NULL,1,NULL,'LINCOLN',NULL),
	(172,'2019-04-04 23:55:21','2019-04-04 23:55:21','pedro','12312',40,NULL,'222','1999-12-12',1,NULL,NULL,2,'122222',1,2,1,NULL,NULL,'CARLA PAZ',1,NULL,NULL,NULL,NULL,NULL,NULL,NULL,1,NULL,'LINCOLN',NULL),
	(173,'2019-04-05 21:43:22','2019-04-05 21:43:22','CASO CARLOS IBARRA','abc 123',41,NULL,'BREVE DESCRIP','2019-01-12',1,NULL,NULL,10,'COMI',2,2,1,NULL,NULL,'PRUEBA FINAL',1,NULL,NULL,NULL,NULL,NULL,NULL,NULL,1,NULL,'LINCOLN',NULL),
	(174,'2019-04-06 15:35:25','2019-04-06 15:35:25','Carla Conte','abc 123',74,NULL,'BREVE DESCRIP','1999-12-12',1,NULL,NULL,5,'COMISARIA',2,3,1,NULL,NULL,'FLORENCIA PEREZ',1,NULL,NULL,NULL,NULL,NULL,NULL,NULL,1,NULL,'LINCOLN',NULL),
	(175,'2019-04-06 17:57:22','2019-04-06 17:57:22','RAUL MARTINEZ','12QW',46,NULL,'alallala','2018-12-12',3,9,NULL,6,'2DA DE BENITO JUAREZ',1,11,2,5,'OTRO MOTIVO PASIVO','VICTIMA FINAL',2,NULL,NULL,NULL,NULL,NULL,NULL,NULL,1,NULL,'LINCOLN',NULL),
	(176,'2019-04-06 18:11:10','2019-04-06 18:11:10','RAUL MARTINEZ','12QW',46,NULL,'alallala','2018-12-12',3,9,NULL,6,'2DA DE BENITO JUAREZ',1,11,2,5,'OTRO MOTIVO PASIVO','VICTIMA FINAL',1,NULL,NULL,NULL,NULL,NULL,NULL,NULL,1,NULL,'LINCOLN',NULL),
	(177,'2019-04-06 20:36:36','2019-04-06 20:36:36','RAUL MARTINEZ','12QW',46,NULL,'alallala','2018-12-12',3,9,NULL,6,'2DA DE BENITO JUAREZ',1,11,2,5,'OTRO MOTIVO PASIVO','VICTIMA FINAL',1,NULL,NULL,NULL,NULL,NULL,NULL,NULL,1,NULL,'LINCOLN',NULL),
	(178,'2019-04-06 20:57:43','2019-04-06 20:57:43','GABRIEL MARTINEZ','123GAB',58,NULL,'BREVE DESCRIP','2010-09-13',3,1,NULL,2,'2DA DE BENITO JUAREZ',1,3,2,2,NULL,'ROSALINDA MARTINEZ',2,NULL,NULL,NULL,NULL,NULL,NULL,NULL,1,NULL,'LINCOLN',NULL),
	(179,'2019-04-06 21:51:25','2019-04-06 21:51:25','ROSARIO FUENTES','2B3B3',44,NULL,'alallala','2012-12-12',3,2,NULL,2,'4ta de Florencio Varela',2,7,2,5,'OTRO MOTIVO PASIVO','FERNANDO GOMEZ',2,NULL,NULL,NULL,NULL,NULL,NULL,NULL,1,NULL,'LINCOLN',NULL),
	(180,'2019-04-06 22:32:16','2019-04-06 22:32:16','VIRGILIO RODRIGUEZ','abc 123',65,NULL,'BREVE DESCRIP','2018-12-12',3,6,NULL,6,'2DA DE BENITO JUAREZ',2,2,2,5,'desaparecio','CARLA PAZ',2,NULL,NULL,NULL,NULL,NULL,NULL,NULL,1,NULL,'LINCOLN',NULL),
	(181,'2019-04-07 13:26:24','2019-04-07 13:26:24','ZULEMA GONZALEZ','uuuuuu 2222',67,NULL,'BREVE DESCRIP','2015-12-12',3,9,NULL,13,'2DA DE BENITO JUAREZ',1,17,2,5,'se fue a vivir al exterior','FLORENCIA PEREZ',2,NULL,NULL,NULL,NULL,NULL,NULL,NULL,1,NULL,'LINCOLN',NULL),
	(182,'2019-04-07 14:32:05','2019-04-07 14:32:05','ROMINA FERNANDEZ','B222222',41,NULL,'CASO','0018-12-31',3,9,NULL,4,'2DA DE BENITO JUAREZ',1,12,2,5,'se fue a vivir al exterior','ROMINA PEREZ',2,NULL,NULL,NULL,NULL,NULL,NULL,NULL,1,NULL,'LINCOLN',NULL),
	(183,'2019-04-07 16:25:16','2019-04-07 16:25:16','walter Olmos 2','uuuuu',42,NULL,'CASO','1999-12-12',2,0,NULL,4,'2DA DE BENITO JUAREZ',2,14,2,3,NULL,'MARIA TERESA',1,NULL,NULL,NULL,NULL,NULL,NULL,NULL,1,NULL,'LINCOLN',NULL),
	(184,'2019-04-07 18:48:34','2019-04-07 18:48:34','CASO PROVINCIA','111',43,NULL,'CASO','1999-12-12',2,0,NULL,1,'3RA DE BAHIA BLANCA',2,12,2,3,NULL,'FLORENCIA PEREZ',1,NULL,NULL,NULL,NULL,NULL,NULL,NULL,1,NULL,'LINCOLN',NULL),
	(185,'2019-04-07 19:15:36','2019-04-07 19:15:36','Carla Conte','uuuuu',39,NULL,'nt mollit ani','1998-12-12',1,0,NULL,3,'4ta de Florencio Varela',2,3,2,1,NULL,'MARIA TERESA',1,NULL,NULL,NULL,NULL,NULL,NULL,NULL,1,NULL,'LINCOLN',1),
	(186,'2019-04-12 12:04:54','2019-04-12 12:04:54','PEDRO LOPEZ','abc 123',41,NULL,'BREVE DESCRIP','2016-12-12',3,18,NULL,15,'4ta de Florencio Varela',1,8,2,4,NULL,'VICTIMA FINAL',2,NULL,NULL,NULL,NULL,NULL,NULL,NULL,1,NULL,'LINCOLN',1),
	(187,'2019-04-12 12:29:57','2019-04-12 12:29:57','walter Olmos','abc 123',40,NULL,'BREVE DESCRIP','1999-12-12',2,0,NULL,2,'COMISARIA',1,2,1,NULL,NULL,'PRUEBA FINAL',1,NULL,NULL,NULL,NULL,NULL,NULL,NULL,1,NULL,'LINCOLN',1),
	(188,'2019-04-12 14:08:09','2019-04-12 14:08:09','walter Olmos','abc 123',60,NULL,'BREVE DESCRIP','1999-12-12',3,17,NULL,12,'COMISARIA',2,14,2,5,'desaparecio','VICTIMA FINAL',2,NULL,NULL,NULL,NULL,NULL,NULL,NULL,1,NULL,'LINCOLN',1),
	(189,'2019-04-12 14:27:44','2019-04-12 14:27:44','Carla Conte','abc 123',58,NULL,'BREVE DESCRIP','1999-12-12',2,0,NULL,7,'2DA DE BENITO JUAREZ',2,7,2,3,NULL,'CARLA PAZ',2,NULL,NULL,NULL,NULL,NULL,NULL,NULL,1,NULL,'LINCOLN',1),
	(190,'2019-04-12 14:33:18','2019-04-12 14:33:18','CASO PROVINCIA','uuuuuu',41,NULL,'alallala','1999-12-12',2,0,NULL,3,'COMISARIA',1,2,1,NULL,NULL,'VICTIMA FINAL',2,NULL,NULL,NULL,NULL,NULL,NULL,NULL,1,NULL,'LINCOLN',1),
	(191,'2019-04-12 17:00:01','2019-04-12 17:00:01','ROBERTO FUNES','abc 123',40,NULL,'BREVE DESCRIP','1999-12-12',1,0,NULL,6,'2DA DE BENITO JUAREZ',1,11,2,2,NULL,'MARIA TERESA',NULL,NULL,NULL,NULL,NULL,NULL,NULL,NULL,1,NULL,'LINCOLN',1),
	(192,'2019-04-12 20:29:41','2019-04-12 20:29:41','CAMBIO ORDEN','abc 123',39,NULL,'BREVE DESCRIP','1999-12-12',1,0,NULL,1,'COMI',2,1,1,NULL,NULL,'PRUEBA FINAL',NULL,NULL,NULL,NULL,NULL,NULL,NULL,NULL,1,NULL,'LINCOLN',1),
	(193,'2019-04-12 20:38:46','2019-04-12 20:38:46','CASO 2','abc 123',43,NULL,'alallala','1999-12-12',2,0,NULL,10,'COMISARIA',1,3,1,NULL,NULL,'PRUEBA FINAL',NULL,NULL,NULL,NULL,NULL,NULL,NULL,NULL,1,NULL,'LINCOLN',1),
	(194,'2019-04-15 18:56:39','2019-04-15 18:56:39','CASO PROVINCIA','abc 123',39,NULL,'BREVE DESCRIP','1999-12-12',1,0,NULL,2,'COMISARIA',2,1,1,NULL,NULL,'PRUEBA FINAL',NULL,NULL,NULL,NULL,NULL,NULL,NULL,NULL,1,NULL,'LINCOLN',1),
	(195,'2019-04-16 02:30:15','2019-04-16 02:30:15','HILARIO GOMEZ','abc 123',41,NULL,'BREVE DESCRIP','1999-12-12',1,0,NULL,6,'COMISARIA',1,1,1,NULL,NULL,'PRUEBA FINAL',NULL,NULL,NULL,NULL,NULL,NULL,NULL,NULL,1,NULL,'LINCOLN',1),
	(196,'2019-04-16 11:16:20','2019-04-16 11:16:20','HILARIO GOMEZ','abc 123',40,NULL,'BREVE DESCRIP','1999-12-12',1,0,NULL,2,'COMI',1,5,1,NULL,NULL,'CARLA PAZ',NULL,NULL,NULL,NULL,NULL,NULL,NULL,NULL,1,NULL,'LINCOLN',1),
	(197,'2019-04-16 18:29:04','2019-04-16 18:29:04','HILARIO GOMEZ','abc 123',39,NULL,'BREVE DESCRIP','1999-12-12',1,0,NULL,2,'4ta de Florencio Varela',1,2,1,NULL,NULL,'MARIA TERESA',NULL,NULL,NULL,NULL,NULL,NULL,NULL,NULL,1,NULL,'LINCOLN',1),
	(198,'2019-04-17 19:20:11','2019-04-17 19:20:11','TOMAS BOLSONARO','123WERA',38,NULL,'CASO','1999-12-12',1,0,NULL,3,'3RA DE BAHIA BLANCA',1,4,1,NULL,NULL,'MARIA TERESA',NULL,NULL,NULL,NULL,NULL,NULL,NULL,NULL,1,NULL,'LINCOLN',1),
	(199,'2019-04-17 19:47:43','2019-04-17 19:47:43','CASO PROVINCIA','abc 123',40,NULL,'alallala','1999-12-12',3,2,NULL,3,'4ta de Florencio Varela',2,3,1,NULL,NULL,'VICTIMA FINAL',NULL,NULL,NULL,NULL,NULL,NULL,NULL,NULL,1,NULL,'LINCOLN',1),
	(200,'2019-04-17 20:35:25','2019-04-17 20:35:25','Mirta Gomez','CBA547530',64,NULL,'el dia 13 de enero de 2019 persona conocida en el edificio se quito la vida','2019-04-17',1,0,NULL,1,'3RA DE BAHIA BLANCA',2,2,1,NULL,NULL,'Ricardo Agopian',NULL,NULL,NULL,NULL,NULL,NULL,NULL,NULL,1,NULL,'LINCOLN',1),
	(201,'2019-04-17 20:54:01','2019-04-17 20:54:01','PRUEBA','uuuuuu 2222',46,NULL,'CASO','1999-12-12',2,0,NULL,3,'COMI',3,3,1,NULL,NULL,'CARLA PAZ',NULL,NULL,NULL,NULL,NULL,NULL,NULL,NULL,1,NULL,'LINCOLN',1),
	(202,'2019-04-17 22:23:00','2019-04-17 22:23:00','HILARIO GOMEZ','abc 123',43,NULL,'BREVE DESCRIP','1999-12-12',1,0,NULL,3,'4ta de Florencio Varela',2,2,1,NULL,NULL,'fernando lobo',NULL,NULL,NULL,NULL,NULL,NULL,NULL,NULL,1,NULL,'LINCOLN',1),
	(203,'2019-04-21 17:33:48','2019-04-21 17:33:48','walter Olmos','abc 123',39,NULL,'BREVE DESCRIP','1999-12-12',1,0,NULL,1,'2DA DE BENITO JUAREZ',1,3,1,NULL,NULL,'PRUEBA FINAL',NULL,NULL,NULL,NULL,NULL,NULL,NULL,NULL,1,NULL,'LINCOLN',1),
	(204,'2019-04-21 18:31:16','2019-04-21 18:31:16','PRUEBA CON DELITO','uuuuuu 2222',46,NULL,'alallala','1999-02-21',1,0,NULL,5,'4ta de Florencio Varela',2,4,1,NULL,NULL,'PRUEBA FINAL',NULL,NULL,NULL,NULL,NULL,NULL,NULL,NULL,1,NULL,'LINCOLN',1),
	(205,'2019-04-21 18:34:08','2019-04-21 18:34:08','HILARIO GOMEZ','abc 123',43,NULL,'CASO','1999-12-12',2,0,NULL,4,'COMISARIA',2,2,1,NULL,NULL,'fernando lobo',NULL,NULL,NULL,NULL,NULL,NULL,NULL,NULL,1,NULL,'LINCOLN',1),
	(206,'2019-04-21 18:56:08','2019-04-21 18:56:08','CASO PROVINCIA','abc 123',45,NULL,'CASO','1999-12-12',2,0,NULL,7,'2DA DE BENITO JUAREZ',1,12,1,NULL,NULL,'PRUEBA FINAL',NULL,NULL,NULL,NULL,NULL,NULL,NULL,NULL,1,NULL,'LINCOLN',1),
	(207,'2019-04-21 22:05:48','2019-04-21 22:05:48','PRUEBA TOTAL','abc 123',39,NULL,'BREVE DESCRIP','1999-12-12',2,0,NULL,2,'3RA DE BAHIA BLANCA',1,5,1,NULL,NULL,'PRUEBA FINAL',NULL,NULL,NULL,NULL,NULL,NULL,NULL,NULL,1,NULL,'LINCOLN',1),
	(208,'2019-04-21 22:27:34','2019-04-21 22:27:34','HILARIO GOMEZ','abc 123',42,NULL,'BREVE DESCRIP','1990-12-12',2,0,NULL,4,'com',2,1,1,NULL,NULL,'FLORENCIA PEREZ',NULL,NULL,NULL,NULL,NULL,NULL,NULL,NULL,1,NULL,'LINCOLN',1),
	(209,'2019-04-22 14:40:40','2019-04-22 14:40:40','walter Olmos',NULL,40,NULL,'BREVE DESCRIP','1999-12-12',2,0,NULL,12,'com',1,13,1,NULL,NULL,'FLORENCIA PEREZ',NULL,NULL,NULL,NULL,NULL,NULL,NULL,NULL,1,NULL,'LINCOLN',1),
	(210,'2019-04-22 18:11:21','2019-04-22 18:11:21','PRUEBA CASO CASO CASO',NULL,43,NULL,'BREVE DESCRIP','1999-12-12',2,0,NULL,4,'3RA DE BAHIA BLANCA',1,5,1,NULL,NULL,'fernando lobo',NULL,NULL,NULL,NULL,NULL,NULL,NULL,NULL,1,NULL,'LINCOLN',1),
	(211,'2019-04-23 12:20:28','2019-04-23 12:20:28','CASO A','123',49,NULL,'BREVE DESCRIP','1999-12-12',3,4,NULL,12,'3RA DE BAHIA BLANCA',1,3,2,2,NULL,'VICTIMA FINAL',NULL,NULL,NULL,NULL,NULL,NULL,NULL,NULL,1,NULL,'LINCOLN',1),
	(212,'2019-04-23 14:19:25','2019-04-23 14:19:25','walter Olmos',NULL,47,NULL,'Muy largo de contar','1999-12-12',3,4,NULL,8,'3RA DE BAHIA BLANCA',1,5,2,4,NULL,'VICTIMA FINAL',NULL,NULL,NULL,NULL,NULL,NULL,NULL,NULL,1,NULL,'LINCOLN',1),
	(213,'2019-04-23 15:35:55','2019-04-23 15:35:55','MARIA CASH',NULL,67,NULL,'BREVE DESCRIP','1997-12-12',1,0,NULL,11,'2DA DE BENITO JUAREZ',1,6,1,NULL,NULL,'CARLA PAZ',NULL,NULL,NULL,NULL,NULL,NULL,NULL,NULL,1,NULL,'LINCOLN',1),
	(214,'2019-04-24 13:49:25','2019-04-24 13:49:25','CASO FAMILIA','12312',68,NULL,'Muy largo de contar','1992-12-12',1,0,NULL,2,'2DA DE BENITO JUAREZ',1,2,1,NULL,NULL,'VICTIMA FINAL',NULL,NULL,NULL,NULL,NULL,NULL,NULL,NULL,1,NULL,'LINCOLN',1),
	(215,'2019-04-25 15:29:57','2019-04-25 15:29:57','HILARIO GOMEZ',NULL,73,'varios','BREVE DESCRIP','1999-12-12',3,3,NULL,2,'COMI',3,3,2,5,'OTRO MOTIVO PASIVO','FLORENCIA PEREZ',NULL,NULL,NULL,NULL,NULL,NULL,NULL,NULL,1,NULL,'LINCOLN',1),
	(216,'2019-04-25 21:05:28','2019-04-25 21:05:28','AMILCAR ADURIZ',NULL,47,NULL,'alallala EJENDENENDUENDE','2018-02-12',3,13,NULL,14,'4ta de Florencio Varela',1,10,2,4,NULL,'PRUEBA FINAL',NULL,NULL,NULL,NULL,NULL,NULL,NULL,NULL,1,NULL,'LINCOLN',1),
	(217,'2019-04-26 14:27:59','2019-04-26 14:27:59','MARIA JULIA LOPEZ','2913713',54,NULL,'Muy largo de contar','2018-08-30',2,0,NULL,8,'COMI',2,11,2,3,NULL,'DARIO ANTONIO LOPEZ',NULL,2,NULL,'fue entre 2 a 3 meses antes del 1-4','1',2,883,NULL,1,NULL,'LINCOLN',1),
	(218,'2019-04-27 19:47:44','2019-04-28 20:20:17','JEREMIAS PEREZ modificado','12312',43,NULL,'CASO','2010-08-12',2,0,NULL,5,'4ta de Florencio Varela',2,13,1,NULL,NULL,'PEDRO JACINTO',NULL,1,'2010-12-12',NULL,'1',1,1,NULL,1,1,'LINCOLN',1),
	(219,'2019-04-28 19:29:33','2019-04-28 19:29:33','VERONICA USER','abc 123',43,NULL,'CASO','2010-12-12',1,0,NULL,3,'3RA DE BAHIA BLANCA',2,3,1,NULL,NULL,'VERONICA PROBANDO',NULL,2,NULL,'DJDJDJDJ','1',14,2814,NULL,2,NULL,'LA PLATA',1),
	(220,'2019-04-29 13:50:29','2019-04-29 13:50:29','BERNARDITA MARTINEZ','193719',63,NULL,'Muy largo de contar','2018-09-20',1,0,NULL,10,'2DA DE BENITO JUAREZ',2,15,2,5,'OTRO MOTIVO PASIVO','MARIA TERESA MARTINEZ',NULL,1,'1900-01-01',NULL,'1',6,1291,NULL,1,NULL,'LINCOLN',1),
	(221,'2019-04-29 23:38:19','2019-04-29 23:38:19',NULL,NULL,NULL,NULL,NULL,NULL,NULL,NULL,NULL,NULL,NULL,NULL,NULL,NULL,NULL,NULL,NULL,NULL,NULL,NULL,NULL,NULL,NULL,NULL,NULL,1,NULL,'LINCOLN',NULL),
	(222,'2019-04-29 23:47:30','2019-04-29 23:47:30',NULL,NULL,74,NULL,NULL,NULL,1,NULL,NULL,NULL,NULL,NULL,NULL,NULL,NULL,NULL,'fernando lobo demanda',NULL,NULL,NULL,NULL,NULL,NULL,NULL,NULL,1,NULL,'LINCOLN',NULL),
	(223,'2019-04-29 23:49:44','2019-04-29 23:49:44',NULL,NULL,74,NULL,NULL,NULL,1,NULL,NULL,NULL,NULL,NULL,NULL,NULL,NULL,NULL,'fernando lobo demanda',NULL,NULL,NULL,NULL,NULL,NULL,NULL,NULL,1,NULL,'LINCOLN',NULL),
	(224,'2019-04-30 00:04:26','2019-04-30 00:05:22','exito total','abc 123',74,NULL,'CASO','1999-12-12',1,0,NULL,2,'3RA DE BAHIA BLANCA',2,2,1,NULL,NULL,'fernando lobo demanda',NULL,3,NULL,NULL,'1',7,1840,NULL,1,1,'LINCOLN',NULL),
	(225,'2019-04-30 01:41:05','2019-04-30 01:45:33','HILARIO GOMEZ',NULL,49,NULL,'BREVE DESCRIP','2018-12-12',2,0,NULL,9,'3RA DE BAHIA BLANCA',2,5,1,NULL,NULL,'wwwwwwww',NULL,3,NULL,NULL,'1',9,2090,NULL,1,1,'LINCOLN',1),
	(226,'2019-04-30 01:53:40','2019-04-30 01:53:40','pppppppp','12312',42,NULL,'Muy largo de contar','1999-12-12',2,0,NULL,4,'COMI',1,6,1,NULL,NULL,'CARLA PAZ',NULL,1,'1999-12-12',NULL,'1',2,882,NULL,1,NULL,'LINCOLN',NULL);

/*!40000 ALTER TABLE `casos` ENABLE KEYS */;
UNLOCK TABLES;


# Volcado de tabla cavajs
# ------------------------------------------------------------

DROP TABLE IF EXISTS `cavajs`;

CREATE TABLE `cavajs` (
  `id` int(10) unsigned NOT NULL AUTO_INCREMENT,
  `nombre` varchar(255) DEFAULT NULL,
  PRIMARY KEY (`id`)
) ENGINE=InnoDB DEFAULT CHARSET=latin1;

LOCK TABLES `cavajs` WRITE;
/*!40000 ALTER TABLE `cavajs` DISABLE KEYS */;

INSERT INTO `cavajs` (`id`, `nombre`)
VALUES
	(1,'Sede Central (La Plata)  '),
	(2,'Mor√≥n '),
	(3,'Azul '),
	(4,'Pergamino '),
	(5,'Bah√≠a Blanca '),
	(6,'Pilar '),
	(7,'Ezeiza '),
	(8,'Pinamar '),
	(9,'Lan√∫s '),
	(10,'Quilmes '),
	(11,'Lomas de Zamora '),
	(12,'San Fernando '),
	(13,'Los Toldos '),
	(14,'San Mart√≠n '),
	(15,'Mar del Plata '),
	(16,'Tandil '),
	(17,'Mercedes '),
	(18,'Vicente L√≥pez '),
	(19,'Moreno '),
	(20,'Z√°rate '),
	(21,'Jos√© C. Paz '),
	(22,'Almirante Brown '),
	(23,'La Matanza');

/*!40000 ALTER TABLE `cavajs` ENABLE KEYS */;
UNLOCK TABLES;


# Volcado de tabla ciudades
# ------------------------------------------------------------

DROP TABLE IF EXISTS `ciudades`;

CREATE TABLE `ciudades` (
  `id` int(10) unsigned NOT NULL,
  `localidad_nombre` varchar(255) DEFAULT NULL,
  `latitud` decimal(9,7) DEFAULT NULL,
  `longitud` decimal(9,7) DEFAULT NULL,
  `idPcia` int(11) DEFAULT NULL
) ENGINE=InnoDB DEFAULT CHARSET=latin1;

LOCK TABLES `ciudades` WRITE;
/*!40000 ALTER TABLE `ciudades` DISABLE KEYS */;

INSERT INTO `ciudades` (`id`, `localidad_nombre`, `latitud`, `longitud`, `idPcia`)
VALUES
	(1,'ABASTO',-35.0103680,-58.1151850,1),
	(2,'ABBOTT',-35.2825060,-58.8042620,1),
	(3,'ACASSUSO',-34.4794020,-58.5074040,1),
	(4,'ACEVEDO',-33.7556650,-60.4408370,1),
	(5,'ADOLFO GONZALES CHAVES',-38.0334000,-60.1003340,1),
	(6,'ADROGUE',-34.8015580,-58.3914680,1),
	(7,'AEROPUERTO INTERNACIONAL EZEIZA',-34.8128220,-58.5521650,1),
	(8,'AGUAS VERDES',-36.6552110,-56.6949520,1),
	(9,'AGUSTIN MOSCONI',-35.7392170,-60.5590630,1),
	(10,'AGUSTIN ROCA',-34.5080840,-60.8648960,1),
	(11,'AGUSTINA',-34.4607070,-61.0670720,1),
	(12,'ALBERDI VIEJO',-34.4418000,-61.8448790,1),
	(13,'ALBERTI',-35.0330730,-60.2806200,1),
	(14,'ALDO BONZI',-34.7141730,-58.5089040,1),
	(15,'ALEJANDRO KORN',-35.0135130,-58.3865350,1),
	(16,'ALEJANDRO PETION',-34.9793770,-58.6749430,1),
	(17,'ALFREDO DEMARCHI',-35.2929820,-61.4072540,1),
	(18,'ALTAMIRANO',-35.3615830,-58.1504870,1),
	(19,'ALTO LOS CARDALES',-34.3160240,-58.9784570,1),
	(20,'ALVAREZ DE TOLEDO',-35.6391610,-59.6292380,1),
	(21,'ALVAREZ JONTE',-35.3227800,-57.4490770,1),
	(22,'AMERICA',-35.4903410,-62.9763760,1),
	(23,'ANDANT',-36.5640580,-62.1324010,1),
	(24,'ANGEL ETCHEVERRY',-35.0261580,-58.0959060,1),
	(25,'ANTONIO CARBONI',-35.2033090,-59.3449560,1),
	(26,'APARICIO',-38.6204950,-60.8809600,1),
	(27,'ARANA',-35.0300560,-57.8865250,1),
	(28,'ARBOLEDAS',-36.8827710,-61.4878180,1),
	(29,'AREA CINTURON ECOLOGICO',-34.6750060,-58.3105630,1),
	(30,'AREA DE PROMOCION EL TRIANGULO',-34.4544550,-58.7062420,1),
	(31,'ARENAS VERDES',-38.5463780,-58.5573220,1),
	(32,'ARENAZA',-34.9846040,-61.7729120,1),
	(33,'ARGERICH',-38.7686560,-62.6025280,1),
	(34,'ARIEL',-36.5312540,-59.9200650,1),
	(35,'ARRECIFES',-34.0645910,-60.1025560,1),
	(36,'ARRIBE?OS',-34.2101540,-61.3548580,1),
	(37,'ARROYO CORTO',-37.5129180,-62.3116840,1),
	(38,'ARROYO DE LA CRUZ',-34.3363790,-59.1094150,1),
	(39,'ARROYO DULCE',-34.1024330,-60.4061550,1),
	(40,'ARROYO VENADO',-37.0864660,-62.5391480,1),
	(41,'ARTURO SEGUI',-34.8907400,-58.1327120,1),
	(42,'ASAMBLEA',-35.2267580,-60.4168950,1),
	(43,'ASCENSION',-34.2368760,-61.1036140,1),
	(44,'ATALAYA',-35.0240360,-57.5340250,1),
	(45,'ATLANTIDA',-37.8505520,-57.5134600,1),
	(46,'AVELLANEDA',-34.6626510,-58.3656990,1),
	(47,'AYACUCHO',-37.1536700,-58.4895480,1),
	(48,'AZCUENAGA',-34.3637910,-59.3745990,1),
	(49,'AZOPARDO',-37.7017920,-62.9006760,1),
	(50,'AZUL',-36.7795140,-59.8586330,1),
	(51,'BAHIA BLANCA',-38.7114040,-62.2569090,1),
	(52,'BAHIA SAN BLAS',-40.5602250,-62.2380640,1),
	(53,'BAIGORRITA',-34.7472690,-60.9889530,1),
	(54,'BAJO HONDO',-38.7648160,-61.9184050,1),
	(55,'BALCARCE',-37.8482780,-58.2551670,1),
	(56,'BALNEARIO LAGUNA DE GOMEZ',-34.6606440,-61.0183650,1),
	(57,'BALNEARIO MARISOL',-38.9224910,-60.5329770,1),
	(58,'BALNEARIO ORENSE',-38.8079580,-59.7382990,1),
	(59,'BALNEARIO PEHUEN CO',-38.9961960,-61.5471990,1),
	(60,'BALNEARIO SAN CAYETANO',-38.7481820,-59.4292050,1),
	(61,'BALNEARIO SAUCE GRANDE',-38.9953580,-61.2152020,1),
	(62,'BANDERALO',-35.0124670,-63.3741560,1),
	(63,'BANFIELD',-34.7379030,-58.4406750,1),
	(64,'BARADERO',-33.8128780,-59.5043070,1),
	(65,'BARKER',-37.6424110,-59.3889380,1),
	(66,'BARRIO AMERICA UNIDA',-34.8861980,-58.4173350,1),
	(67,'BARRIO BANCO PROVINCIA',-34.8752590,-57.8550860,1),
	(68,'BARRIO BELGRANO',-34.9022940,-58.6479010,1),
	(69,'BARRIO COLINAS VERDES',-37.8931020,-57.8261650,1),
	(70,'BARRIO EL BOQUERON',-38.0297230,-57.7995490,1),
	(71,'BARRIO EL CARMEN ESTE)',-34.9293100,-57.8853550,1),
	(72,'BARRIO EL CARMEN OESTE)',-34.9707540,-57.8108950,1),
	(73,'BARRIO EL CASAL',-37.8324150,-57.6311160,1),
	(74,'BARRIO EL COYUNCO',-37.9050810,-57.7391820,1),
	(75,'BARRIO EL MIRADOR',-35.3145370,-58.0484420,1),
	(76,'BARRIO EL TALADRO',-35.0742490,-58.8632420,1),
	(77,'BARRIO GAMBIER',-34.9359590,-57.9837630,1),
	(78,'BARRIO KENNEDY',-37.0062220,-57.1417260,1),
	(79,'BARRIO LA GLORIA',-37.9068270,-57.7858860,1),
	(80,'BARRIO LAS CASUARINAS',-34.5607460,-59.1700840,1),
	(81,'BARRIO LAS GOLONDRINAS',-35.0335780,-58.1935380,1),
	(82,'BARRIO LAS MALVINAS',-34.9374880,-58.0093950,1),
	(83,'BARRIO LAS MARGARITAS',-34.1932370,-60.6820260,1),
	(84,'BARRIO LAS QUINTAS',-34.9257210,-58.0393400,1),
	(85,'BARRIO LOMAS ALTAS',-35.5739890,-58.0680440,1),
	(86,'BARRIO LOS BOSQUECITOS',-35.1050390,-58.1835010,1),
	(87,'BARRIO LOS PIONEROS',-34.2530410,-58.9584400,1),
	(88,'BARRIO MORABO',-34.5497200,-58.9467790,1),
	(89,'BARRIO PARQUE GENERAL SAN MARTIN',-34.5673430,-58.5843110,1),
	(90,'BARRIO PARQUE LAS ACACIAS',-35.1030330,-58.2730410,1),
	(91,'BARRIO RIO SALADO',-35.6936380,-58.4473140,1),
	(92,'BARRIO RUTA 24 KILOMETRO 10',-34.6882160,-58.9574300,1),
	(93,'BARRIO RUTA 24 KM. 10',-34.6764460,-58.9704190,1),
	(94,'BARRIO RUTA SOL',-34.9437330,-58.1732650,1),
	(95,'BARRIO SAAVEDRA',-34.1263840,-59.0201570,1),
	(96,'BARRIO SAN CAYETANO',-35.5466820,-58.0013260,1),
	(97,'BARRIO SANTA  PAULA',-37.9317160,-57.6831620,1),
	(98,'BARRIO SANTA ROSA',-34.9530810,-58.7829290,1),
	(99,'BARRIO UNIVERSITARIO',-34.9027530,-57.9270880,1),
	(100,'BARRIOS LISANDRO DE LA TORRE Y SANTA MARTA',-34.8543300,-58.7844440,1),
	(101,'BATAN',-38.0086210,-57.7085500,1),
	(102,'BAYAUCA',-34.8710510,-61.2895450,1),
	(103,'BECCAR',-34.4674160,-58.5400340,1),
	(104,'BELEN DE ESCOBAR',-34.3516700,-58.7832530,1),
	(105,'BELLA VISTA',-34.5751400,-58.6960410,1),
	(106,'BELLOCQ',-35.9189710,-61.5312630,1),
	(107,'BENAVIDEZ',-34.4104350,-58.6887920,1),
	(108,'BENITEZ',-34.9660330,-60.1236390,1),
	(109,'BENITO JUAREZ',-37.6766410,-59.8057680,1),
	(110,'BERAZATEGUI',-34.7597490,-58.2019650,1),
	(111,'BERAZATEGUI OESTE',-34.7804200,-58.2415010,1),
	(112,'BERDIER',-34.3987730,-60.2605730,1),
	(113,'BERISSO',-34.8746350,-57.8947470,1),
	(114,'BERMUDEZ',-34.6966050,-61.3250130,1),
	(115,'BERNAL',-34.7003780,-58.2766430,1),
	(116,'BERNAL OESTE',-34.7269640,-58.3182800,1),
	(117,'BERUTTI',-35.8580310,-62.5126330,1),
	(118,'BILLINGHURST',-34.5751070,-58.5745830,1),
	(119,'BLANCAGRANDE',-36.5328890,-60.8824550,1),
	(120,'BLAQUIER',-34.6356620,-62.4786820,1),
	(121,'BOCAYUVA',-36.2065730,-63.0761550,1),
	(122,'BORDENAVE',-37.8028180,-63.0425140,1),
	(123,'BOSQUES',-34.8275810,-58.2229120,1),
	(124,'BOULOGNE SUR MER',-34.4983310,-58.5700140,1),
	(125,'BRAGADO',-35.1189420,-60.4879150,1),
	(126,'BURZACO',-34.8315420,-58.3986870,1),
	(127,'C.C. BOSQUE REAL',-34.5601390,-58.9182610,1),
	(128,'CABILDO',-38.4838570,-61.8926020,1),
	(129,'CACHARI',-36.3805630,-59.5030650,1),
	(130,'CADRET',-35.7727530,-61.3353880,1),
	(131,'CAMET',-37.9130760,-57.5524640,1),
	(132,'CAMET NORTE',-37.8224330,-57.4974690,1),
	(133,'CAMPANA',-34.1639620,-58.9588740,1),
	(134,'CAMPO DE MAYO',-34.5346820,-58.6513860,1),
	(135,'CAMPOS DE ROCA',-35.1149770,-58.0953900,1),
	(136,'CAMPOS SALLES',-33.4010840,-60.2846970,1),
	(137,'CANNING',-34.8849790,-58.4778100,1),
	(138,'CANNING',-34.8962280,-58.5087010,1),
	(139,'CA?ADA SECA',-34.4155050,-62.9618550,1),
	(140,'CA?UELAS',-35.0527140,-58.7583860,1),
	(141,'CAPILLA DEL SE?OR',-34.2912110,-59.1015230,1),
	(142,'CAPITAN CASTRO',-35.9136930,-62.2240580,1),
	(143,'CAPITAN SARMIENTO',-34.1723670,-59.7893490,1),
	(144,'CARAPACHAY',-34.5259150,-58.5357640,1),
	(145,'CARDENAL CAGLIERO',-40.6522000,-62.7575970,1),
	(146,'CARHUE',-37.1774800,-62.7578960,1),
	(147,'CARILO',-37.1641590,-56.9027910,1),
	(148,'CARLOS BEGUERIE',-35.4854690,-59.1017160,1),
	(149,'CARLOS CASARES',-35.6235440,-61.3653160,1),
	(150,'CARLOS KEEN',-34.4862820,-59.2180860,1),
	(151,'CARLOS MARIA NAON',-35.2394990,-60.8251360,1),
	(152,'CARLOS SALAS',-35.3913660,-61.9949100,1),
	(153,'CARLOS SPEGAZZINI',-34.9338490,-58.5780020,1),
	(154,'CARLOS TEJEDOR',-35.3925730,-62.4193020,1),
	(155,'CARLOS TOMAS SOURIGUES',-34.8021190,-58.2188210,1),
	(156,'CARMEN DE ARECO',-34.3776990,-59.8229020,1),
	(157,'CARMEN DE PATAGONES',-40.7972980,-62.9847540,1),
	(158,'CASALINS',-36.3181420,-58.5525030,1),
	(159,'CASBAS',-36.7580950,-62.5017750,1),
	(160,'CASCADAS',-37.2899620,-62.2971680,1),
	(161,'CASEROS',-34.6088730,-58.5636640,1),
	(162,'CASTELAR',-34.6644130,-58.6456430,1),
	(163,'CASTELLI',-36.0916940,-57.8071800,1),
	(164,'CASTILLA',-34.6131250,-59.9005190,1),
	(165,'CAZON',-35.5768030,-59.6645040,1),
	(166,'CENTINELA DEL MAR',-38.4348810,-58.2168640,1),
	(167,'CENTRO GUERRERO',-36.0570620,-57.8235420,1),
	(168,'CERRO DE LA GLORIA CANAL 15)',-35.9760530,-57.4487350,1),
	(169,'CHACABUCO',-34.6429840,-60.4701840,1),
	(170,'CHACRAS DEL RIO LUJAN',-34.2934150,-58.9211990,1),
	(171,'CHAPADMALAL',-38.1757780,-57.6513390,1),
	(172,'CHASCOMUS',-35.5743010,-58.0005530,1),
	(173,'CHASICO',-38.3352260,-62.6424100,1),
	(174,'CHICLANA',-35.7327370,-61.7439270,1),
	(175,'CHILLAR',-37.3150110,-59.9853180,1),
	(176,'CHIVILCOY',-34.8980160,-60.0188840,1),
	(177,'CHURRUCA',-34.5589660,-58.6228020,1),
	(178,'CITY BELL',-34.8879380,-58.0582330,1),
	(179,'CIUDAD DEL LIBERTADOR GENERAL SAN MARTIN',-34.5796990,-58.5420140,1),
	(180,'CIUDAD EVITA',-34.7245360,-58.5370060,1),
	(181,'CIUDAD JARDIN EL LIBERTADOR',-34.5416520,-58.5959090,1),
	(182,'CIUDAD JARDIN LOMAS DEL PALOMAR',-34.5961200,-58.5966000,1),
	(183,'CIUDADELA',-34.6326970,-58.5424070,1),
	(184,'CLARAZ',-37.8918270,-59.2866980,1),
	(185,'CLAROMECO',-38.7973740,-60.1076230,1),
	(186,'CLAYPOLE',-34.8044760,-58.3447830,1),
	(187,'CLUB DE CAMPO LAS MALVINAS',-35.2139980,-58.2433030,1),
	(188,'CLUB DE CAMPO LOS PUENTES',-34.5760130,-59.0214110,1),
	(189,'COLON',-33.8978630,-61.0995610,1),
	(190,'COLONIA HINOJO',-36.8800690,-60.1780550,1),
	(191,'COLONIA MAURICIO',-35.5249600,-61.4378670,1),
	(192,'COLONIA NIEVAS',-36.8641370,-60.0816420,1),
	(193,'COLONIA SAN ADOLFO',-39.3983950,-62.5711720,1),
	(194,'COLONIA SAN MARTIN',-37.9769150,-62.3326100,1),
	(195,'COLONIA SAN MIGUEL',-36.9495660,-60.1108950,1),
	(196,'COLONIA SAN MIGUEL ARCANGEL',-37.4486190,-63.1176090,1),
	(197,'COLONIA SAN RICARDO',-34.4162140,-61.9280140,1),
	(198,'COLONIA SERE',-35.4388160,-62.7252380,1),
	(199,'COMANDANTE NICANOR OTAMENDI',-38.1119340,-57.8415350,1),
	(200,'COMODORO PY',-35.3233100,-60.5217310,1),
	(201,'CONESA',-33.5962120,-60.3541260,1),
	(202,'COPETONAS',-38.7227400,-60.4519660,1),
	(203,'CORONEL BOERR',-35.9414440,-59.0693550,1),
	(204,'CORONEL BRANDSEN',-35.1690980,-58.2373530,1),
	(205,'CORONEL CHARLONE',-34.6729950,-63.3724450,1),
	(206,'CORONEL DORREGO',-38.7166240,-61.2884950,1),
	(207,'CORONEL MARTINEZ DE HOZ',-35.3321820,-61.6140850,1),
	(208,'CORONEL PRINGLES',-37.9865210,-61.3540720,1),
	(209,'CORONEL SEGUI',-34.8681190,-60.3939710,1),
	(210,'CORONEL SUAREZ',-37.4596220,-61.9317530,1),
	(211,'CORONEL VIDAL',-37.4522140,-57.7299500,1),
	(212,'CORTINES',-34.5590630,-59.2044270,1),
	(213,'COSTA BONITA',-38.5589730,-58.6585540,1),
	(214,'COUNTRY CLUB EL CASCO',-34.1275890,-59.0834600,1),
	(215,'COUNTRY CLUB EL RODEO',-35.0794690,-58.1393280,1),
	(216,'COUNTRY CLUB LAS PRADERAS',-34.4902660,-59.1324860,1),
	(217,'COUNTRY LOS MEDANOS',-38.8468450,-62.7387420,1),
	(218,'CROTTO',-36.5774100,-60.1711190,1),
	(219,'CRUCESITA',-34.6691060,-58.3574540,1),
	(220,'CUARTEL V',-34.5586600,-58.8163010,1),
	(221,'CULULLU',-34.4460870,-59.3622550,1),
	(222,'CURA MALAL',-37.4843020,-62.1036200,1),
	(223,'CURARU',-35.6403500,-62.1924370,1),
	(224,'DAIREAUX',-36.6001750,-61.7450130,1),
	(225,'DARREGUEIRA',-37.6857560,-63.1595660,1),
	(226,'DE BARY',-36.3416810,-63.2611530,1),
	(227,'DE LA CANAL',-37.1293130,-59.1053800,1),
	(228,'DE LA GARMA',-37.9635020,-60.4156590,1),
	(229,'DEL CARRIL',-35.5127170,-59.5158200,1),
	(230,'DEL VALLE',-35.8973450,-60.7316090,1),
	(231,'DEL VISO',-34.4494010,-58.8009120,1),
	(232,'DEL VISO',-34.4804960,-58.8042590,1),
	(233,'DELFIN HUERGO',-37.3173290,-63.2331690,1),
	(234,'DIEGO GAYNOR',-34.2889740,-59.2227810,1),
	(235,'DIQUE LUJAN',-34.3717750,-58.6917930,1),
	(236,'DIQUE N? 1',-34.8758490,-57.9336300,1),
	(237,'DOCK SUD',-34.6491270,-58.3411770,1),
	(238,'DOLORES',-36.3161220,-57.6752660,1),
	(239,'DOMSELAAR',-35.0486930,-58.3145750,1),
	(240,'DON BOSCO',-34.7032130,-58.2984530,1),
	(241,'DON ORIONE',-34.8210750,-58.3447460,1),
	(242,'DON TORCUATO ESTE',-34.4869370,-58.6159410,1),
	(243,'DON TORCUATO OESTE',-34.5035350,-58.6275290,1),
	(244,'DORBIGNY',-37.6772290,-61.7052610,1),
	(245,'DUDIGNAC',-35.6511930,-60.7098960,1),
	(246,'DUFAUR',-37.9428220,-62.2848640,1),
	(247,'DUGGAN',-34.2071970,-59.6357060,1),
	(248,'DUNAMAR',-38.8586780,-60.0873320,1),
	(249,'EL ARBOLITO',-33.9147840,-60.9438080,1),
	(250,'EL CAZADOR',-34.3034900,-58.7811270,1),
	(251,'EL DIVISORIO',-38.3235640,-61.4450580,1),
	(252,'EL DORADO',-34.6528610,-61.5829090,1),
	(253,'EL JAG?EL',-34.8304510,-58.4948690,1),
	(254,'EL LIBERTADOR',-34.5564990,-58.6223380,1),
	(255,'EL MARQUESADO',-38.2369310,-57.7634180,1),
	(256,'EL PALOMAR',-34.6177070,-58.6015330,1),
	(257,'EL PARAISO',-33.5679150,-59.9791120,1),
	(258,'EL PATO',-34.9067560,-58.1967000,1),
	(259,'EL PENSAMIENTO',-38.2154090,-61.3145850,1),
	(260,'EL PERDIDO',-38.6757750,-61.0884420,1),
	(261,'EL REMANSO',-34.4149480,-59.0862810,1),
	(262,'EL RETIRO',-34.9476180,-57.9957430,1),
	(263,'EL TALAR',-34.4713210,-58.6570300,1),
	(264,'EL TRIGO',-35.8815480,-59.4063370,1),
	(265,'EL TRIUNFO',-35.0882210,-61.5163330,1),
	(266,'EL TROPEZON',-34.9564050,-58.2787450,1),
	(267,'ELVIRA',-35.2432720,-59.4860400,1),
	(268,'EMILIO AYARZA',-34.7460600,-60.0392310,1),
	(269,'EMILIO V. BUNGE',-34.7798330,-63.1960960,1),
	(270,'ENERGIA',-38.5580130,-59.3364570,1),
	(271,'ENSENADA',-34.8679770,-57.9214380,1),
	(272,'EREZCANO',-33.5232450,-60.3174450,1),
	(273,'ERNESTINA',-35.2702340,-59.5575030,1),
	(274,'ESCALADA',-34.1609330,-59.1125400,1),
	(275,'ESPARTILLAR',-37.3563350,-62.4387640,1),
	(276,'ESPARTILLAR E)',-37.3604340,-62.4297390,1),
	(277,'ESPIGAS',-36.4122730,-60.6730690,1),
	(278,'ESTACION ARENALES',-34.2698460,-61.2926720,1),
	(279,'ESTACION CAMET',-37.8886650,-57.6000120,1),
	(280,'ESTACION CHAPADMALAL',-38.0367280,-57.7129900,1),
	(281,'ESTACION SOL DE MAYO',-34.2689450,-60.8717770,1),
	(282,'ESTANISLAO SEVERO ZEBALLOS',-34.8122860,-58.2426530,1),
	(283,'ESTEBAN AGUSTIN GASCON',-37.4544380,-63.2565950,1),
	(284,'ESTELA',-38.1080950,-62.9129040,1),
	(285,'EZPELETA',-34.7435640,-58.2281410,1),
	(286,'EZPELETA OESTE',-34.7634440,-58.2638310,1),
	(287,'FARO',-38.7966780,-61.0688770,1),
	(288,'FATIMA',-34.4072580,-58.9746910,1),
	(289,'FELIPE SOLA',-38.0059930,-62.8186940,1),
	(290,'FERRE',-34.1250380,-61.1326550,1),
	(291,'FLORENCIO VARELA',-34.7960540,-58.2748590,1),
	(292,'FLORENTINO AMEGHINO',-34.8466780,-62.4671580,1),
	(293,'FLORIDA',-34.5327430,-58.4910980,1),
	(294,'FLORIDA OESTE',-34.5394220,-58.5148140,1),
	(295,'FONTEZUELA',-33.9138390,-60.4628650,1),
	(296,'FORTIN ACHA',-34.3430420,-61.5156660,1),
	(297,'FORTIN OLAVARRIA',-35.7048850,-63.0230330,1),
	(298,'FORTIN TIBURCIO',-34.3467320,-61.1310780,1),
	(299,'FRANCISCO ALVAREZ',-34.6073140,-58.8599430,1),
	(300,'FRANCISCO MADERO',-35.8483070,-62.0693920,1),
	(301,'FRANKLIN',-34.6103910,-59.6301800,1),
	(302,'FRENTE MAR',-37.8577700,-57.5154240,1),
	(303,'GAHAN',-34.3380740,-60.0992740,1),
	(304,'GARDEY',-37.2823320,-59.3630000,1),
	(305,'GARIN',-34.4287850,-58.7361730,1),
	(306,'GARRE',-36.5604380,-62.5981120,1),
	(307,'GENERAL ALVEAR',-36.0229380,-60.0147940,1),
	(308,'GENERAL ARENALES',-34.3044680,-61.3056280,1),
	(309,'GENERAL BELGRANO',-35.7694580,-58.4944620,1),
	(310,'GENERAL CONESA',-36.5208590,-57.3249370,1),
	(311,'GENERAL DANIEL CERRI',-38.7136520,-62.3924220,1),
	(312,'GENERAL GUIDO',-36.6431650,-57.7905020,1),
	(313,'GENERAL HORNOS',-34.8937760,-58.9172220,1),
	(314,'GENERAL JUAN MADARIAGA',-36.9967730,-57.1374770,1),
	(315,'GENERAL LA MADRID',-37.2503990,-61.2595790,1),
	(316,'GENERAL LAS HERAS',-34.9267740,-58.9453410,1),
	(317,'GENERAL LAVALLE',-36.4080850,-56.9433550,1),
	(318,'GENERAL MANSILLA',-35.0816830,-57.7469760,1),
	(319,'GENERAL OBRIEN',-34.9067980,-60.7597840,1),
	(320,'GENERAL PACHECO',-34.4523090,-58.6448940,1),
	(321,'GENERAL PINTO',-34.7641560,-61.8900670,1),
	(322,'GENERAL PIRAN',-37.2778610,-57.7740150,1),
	(323,'GENERAL RIVAS',-34.6100370,-59.7504230,1),
	(324,'GENERAL RODRGUEZ',-34.6278600,-58.9532530,1),
	(325,'GENERAL ROJO',-33.4758680,-60.2874270,1),
	(326,'GENERAL VILLEGAS',-35.0338420,-63.0146640,1),
	(327,'GERLI',-34.6847640,-58.3726030,1),
	(328,'GERLI',-34.6909570,-58.3838630,1),
	(329,'GERMANIA',-34.5761120,-62.0518310,1),
	(330,'GIRODIAS',-36.3674520,-62.3569660,1),
	(331,'GLEW',-34.8860110,-58.3818300,1),
	(332,'GOBERNADOR CASTRO',-33.6605790,-59.8663410,1),
	(333,'GOBERNADOR JULIO A. COSTA',-34.8152400,-58.3082330,1),
	(334,'GOBERNADOR UDAONDO',-35.3003270,-58.5943050,1),
	(335,'GOBERNADOR UGARTE',-35.1643970,-60.0813580,1),
	(336,'GOLDNEY',-34.6029550,-59.2882140,1),
	(337,'GOMEZ',-35.0693660,-58.1656900,1),
	(338,'GONZALEZ CATAN',-34.7724650,-58.6404860,1),
	(339,'GONZALEZ MORENO',-35.5576530,-63.3815800,1),
	(340,'GORCHS',-35.6733730,-58.9583000,1),
	(341,'GOROSTIAGA',-34.8391270,-59.8646670,1),
	(342,'GOWLAND',-34.6524290,-59.3523190,1),
	(343,'GOYENA',-37.7192520,-62.6071300,1),
	(344,'GRAND BOURG',-34.4869940,-58.7286750,1),
	(345,'GREGORIO DE LAFERRERE',-34.7468380,-58.5925330,1),
	(346,'GR?NBEIN',-38.7471080,-62.1891170,1),
	(347,'GUAMINI',-37.0120880,-62.4166860,1),
	(348,'GUERNICA',-34.9230590,-58.3650270,1),
	(349,'GUERRICO',-33.6745850,-60.4006870,1),
	(350,'GUILLERMO ENRIQUE HUDSON',-34.7897590,-58.1439690,1),
	(351,'GUNTHER',-34.5995000,-61.9164990,1),
	(352,'HAEDO',-34.6440660,-58.5978180,1),
	(353,'HALE',-36.0010430,-60.8534500,1),
	(354,'HENDERSON',-36.2994630,-61.7178400,1),
	(355,'HERRERA VEGAS',-36.0883250,-61.4112500,1),
	(356,'HILARIO ASCASUBI',-39.3758600,-62.6477900,1),
	(357,'HINOJO',-36.8759000,-60.1473200,1),
	(358,'HORTENSIA',-35.9277090,-61.2622900,1),
	(359,'HUANGUELEN',-37.0622290,-61.9297530,1),
	(360,'HURLINGHAM',-34.5930930,-58.6357210,1),
	(361,'IGNACIO CORREAS',-35.0345600,-57.8440250,1),
	(362,'INDIO RICO',-38.3293770,-60.8866340,1),
	(363,'INES INDART',-34.3994160,-60.5436830,1),
	(364,'INGENIERO ADOLFO SOURDEAUX',-34.5004330,-58.6618050,1),
	(365,'INGENIERO JUAN ALLAN',-34.8648080,-58.2110440,1),
	(366,'INGENIERO MASCHWITZ',-34.3790010,-58.7303340,1),
	(367,'INGENIERO MONETA',-33.9314630,-59.7482330,1),
	(368,'INGENIERO PABLO NOGUES',-34.4790930,-58.6989740,1),
	(369,'INGENIERO THOMPSON',-36.6102540,-62.9109610,1),
	(370,'INGENIERO WHITE',-38.7794670,-62.2629510,1),
	(371,'INOCENCIO SOSA',-35.7184200,-62.1142780,1),
	(372,'IRALA',-34.7718230,-60.6916910,1),
	(373,'IRENE',-38.5543430,-60.6954940,1),
	(374,'IRINEO PORTELA',-33.9810490,-59.6715600,1),
	(375,'ISIDRO CASANOVA',-34.7184290,-58.5777520,1),
	(376,'ISLA SANTIAGO OESTE)',-34.8370460,-57.8999620,1),
	(377,'ITUZAINGO CENTRO',-34.6440550,-58.6884890,1),
	(378,'ITUZAINGO SUR',-34.6699430,-58.6733040,1),
	(379,'JEPPENER',-35.2802040,-58.1996650,1),
	(380,'JOAQUIN GORINA',-34.9017820,-58.0391860,1),
	(381,'JOSE B. CASAS',-40.4363640,-62.5449340,1),
	(382,'JOSE C. PAZ',-34.5211610,-58.7708810,1),
	(383,'JOSE HERNANDEZ',-34.8985900,-58.0143970,1),
	(384,'JOSE INGENIEROS',-34.6171530,-58.5342190,1),
	(385,'JOSE JUAN ALMEYRA',-34.9232640,-59.5422520,1),
	(386,'JOSE MARIA EZEIZA',-34.8536100,-58.5195520,1),
	(387,'JOSE MARMOL',-34.7851440,-58.3681480,1),
	(388,'JOSE MELCHOR ROMERO',-34.9455090,-58.0362900,1),
	(389,'JUAN A. DE LA  PE?A',-33.8322770,-60.4864900,1),
	(390,'JUAN A. PRADERE',-39.5993800,-62.6510470,1),
	(391,'JUAN ANCHORENA',-33.9263380,-60.3829030,1),
	(392,'JUAN BAUTISTA ALBERDI',-34.4387920,-61.8121890,1),
	(393,'JUAN COUSTE',-38.8942600,-63.1361580,1),
	(394,'JUAN E. BARRA',-37.8233870,-60.4846400,1),
	(395,'JUAN F. IBARRA',-36.3498770,-61.2552590,1),
	(396,'JUAN JOSE PASO',-35.8524740,-62.2962120,1),
	(397,'JUAN MARIA GUTIERREZ',-34.8348420,-58.1819060,1),
	(398,'JUAN N. FERNANDEZ',-38.0091790,-59.2634990,1),
	(399,'JUNIN',-34.5838320,-60.9472650,1),
	(400,'LA AGRARIA',-34.6564150,-60.8466680,1),
	(401,'LA ANGELITA',-34.2608740,-60.9685990,1),
	(402,'LA ARMONIA',-37.7748550,-57.6351210,1),
	(403,'LA AURORA',-35.4079470,-61.2105670,1),
	(404,'LA BALIZA',-37.7697390,-57.4508200,1),
	(405,'LA BEBA',-34.1544390,-61.0128710,1),
	(406,'LA CALETA',-37.7834380,-57.4647860,1),
	(407,'LA CAPILLA',-34.9437330,-58.2632550,1),
	(408,'LA CARRETA',-36.1964810,-62.2245640,1),
	(409,'LA CHOZA',-34.7829910,-59.1095650,1),
	(410,'LA COLINA',-37.3607690,-61.5348490,1),
	(411,'LA CONSTANCIA',-37.2286260,-58.7603890,1),
	(412,'LA CUMBRE',-34.9235920,-58.0019480,1),
	(413,'LA DELFINA',-34.9437720,-61.1588640,1),
	(414,'LA EMILIA',-33.3514850,-60.3139570,1),
	(415,'LA INVENCIBLE',-34.2687420,-60.3853650,1),
	(416,'LA LARGA',-36.6749260,-61.9291950,1),
	(417,'LA LIMPIA',-35.0797270,-60.5928550,1),
	(418,'LA LONJA',-34.4448150,-58.8393730,1),
	(419,'LA LUCILA',-34.4985430,-58.4865820,1),
	(420,'LA LUISA',-34.1285570,-59.9240060,1),
	(421,'LA PALA',-36.6613400,-63.3661280,1),
	(422,'LA PLATA',-34.9208630,-57.9540560,1),
	(423,'LA REJA',-34.6452390,-58.8380250,1),
	(424,'LA RICA',-34.9739190,-59.8639300,1),
	(425,'LA RUTA',-38.6534160,-60.8608560,1),
	(426,'LA SOFIA',-35.7003910,-61.1702870,1),
	(427,'LA TABLADA',-34.6870540,-58.5256120,1),
	(428,'LA TRINIDAD',-34.1068550,-61.1317020,1),
	(429,'LA UNION',-34.8503860,-58.5558700,1),
	(430,'LA VIOLETA',-33.7347850,-60.1701770,1),
	(431,'LABARDEN',-36.9489670,-58.1035670,1),
	(432,'LAGUNA ALSINA',-36.8090520,-62.2451480,1),
	(433,'LAGUNA DE LOBOS',-35.2747620,-59.1339060,1),
	(434,'LAGUNA VITEL',-35.5404170,-58.1349190,1),
	(435,'LANUS ESTE',-34.7108610,-58.3725050,1),
	(436,'LANUS OESTE',-34.6957820,-58.4162530,1),
	(437,'LAPLACETTE',-34.7245240,-61.1553170,1),
	(438,'LAPRIDA',-37.5467980,-60.7970540,1),
	(439,'LARTIGAU',-38.4459190,-61.5660970,1),
	(440,'LAS ARMAS',-37.0860540,-57.8285750,1),
	(441,'LAS BAHAMAS',-33.6366100,-59.9895560,1),
	(442,'LAS CARABELAS',-34.0381000,-60.8685260,1),
	(443,'LAS ENCADENADAS',-38.0361080,-62.4704140,1),
	(444,'LAS FLORES',-36.0154970,-59.1004660,1),
	(445,'LAS MARIANAS',-35.0539260,-59.5131010,1),
	(446,'LAS MARTINETAS',-37.1980810,-61.1220420,1),
	(447,'LAS TONINAS',-36.4883980,-56.7004350,1),
	(448,'LAS TOSCAS',-35.3649870,-61.8055490,1),
	(449,'LEANDRO N. ALEM',-34.5217250,-61.3911830,1),
	(450,'LEZICA Y TORREZURI',-34.5807000,-59.0582310,1),
	(451,'LIBANO',-37.5336210,-61.2865750,1),
	(452,'LIBERTAD',-34.7085420,-58.6795870,1),
	(453,'LICENCIADO MATIENZO',-37.9097930,-58.9120970,1),
	(454,'LIMA',-34.0436340,-59.1973340,1),
	(455,'LIN CALEL',-38.7081780,-60.2417250,1),
	(456,'LINCOLN',-34.8690420,-61.5291650,1),
	(457,'LISANDRO OLMOS',-34.9976090,-58.0433770,1),
	(458,'LLAVALLOL',-34.7946180,-58.4320910,1),
	(459,'LOBERIA',-38.1652730,-58.7822300,1),
	(460,'LOBOS',-35.1858680,-59.0957120,1),
	(461,'LOMA HERMOSA',-34.5684070,-58.6030820,1),
	(462,'LOMA VERDE',-34.3285230,-58.8507000,1),
	(463,'LOMA VERDE',-35.2747490,-58.4041700,1),
	(464,'LOMAS DE COPELLO',-34.9520390,-57.8409390,1),
	(465,'LOMAS DE ZAMORA',-34.7627680,-58.4267900,1),
	(466,'LOMAS DEL MIRADOR',-34.6656950,-58.5331550,1),
	(467,'LOMAS DEL RIO LUJAN',-34.2816770,-58.8911910,1),
	(468,'LONGCHAMPS',-34.8609450,-58.3891480,1),
	(469,'LOPEZ',-37.5545120,-59.6278460,1),
	(470,'LOPEZ LECUBE',-38.1171190,-62.7254850,1),
	(471,'LOS ANGELES',-34.4575060,-60.1801850,1),
	(472,'LOS CACHORROS',-34.4250030,-58.7950000,1),
	(473,'LOS CARDALES',-34.3300740,-58.9885650,1),
	(474,'LOS HORNOS',-34.9737160,-57.9850540,1),
	(475,'LOS INDIOS',-34.3735700,-60.6523710,1),
	(476,'LOS NARANJOS',-34.9965520,-57.7036640,1),
	(477,'LOS PINOS',-37.9412060,-58.3225920,1),
	(478,'LOS POLVORINES',-34.5078750,-58.7013440,1),
	(479,'LOS TALAS',-34.9190210,-57.7909950,1),
	(480,'LOS TOLDOS',-35.0010370,-61.0381500,1),
	(481,'LOS TRONCOS DEL TALAR',-34.4425670,-58.6174360,1),
	(482,'LUCAS MONTEVERDE',-35.4838270,-59.9880650,1),
	(483,'LUCILA DEL MAR',-36.6627490,-56.6817140,1),
	(484,'LUIS GUILLON',-34.8001960,-58.4530960,1),
	(485,'LUJAN',-34.5646850,-59.1320950,1),
	(486,'MAGDALA',-36.0846710,-61.7254750,1),
	(487,'MAGDALENA',-35.0806850,-57.5172590,1),
	(488,'MAIPU',-36.8648510,-57.8829170,1),
	(489,'MALVINAS ARGENTINAS',-34.8189580,-58.4235610,1),
	(490,'MANUEL B. GONNET',-34.8819510,-58.0189920,1),
	(491,'MANUEL B. GONNET',-35.5201410,-60.9989490,1),
	(492,'MANUEL J. COBO',-35.8748250,-57.8964230,1),
	(493,'MANUEL OCAMPO',-33.7647230,-60.6492430,1),
	(494,'MANZANARES',-34.4526310,-59.0136610,1),
	(495,'MANZONE',-34.5287310,-58.8776000,1),
	(496,'MAQUINISTA F. SAVIO OESTE)',-34.4106170,-58.7821700,1),
	(497,'MAQUINISTA F. SAVIO ESTE',-34.3964890,-58.7629460,1),
	(498,'MAR AZUL',-37.3366730,-57.0325010,1),
	(499,'MAR CHIQUITA',-37.7462580,-57.4274480,1),
	(500,'MAR DE AJO',-36.7468690,-56.6852640,1),
	(501,'MAR DE AJO NORTE',-36.7065980,-56.6904990,1),
	(502,'MAR DE COBO',-37.7768000,-57.4556590,1),
	(503,'MAR DE LAS PAMPAS',-37.3281310,-57.0399070,1),
	(504,'MAR DEL PLATA',-38.0120910,-57.6064950,1),
	(505,'MAR DEL SUR',-38.3446880,-57.9920390,1),
	(506,'MAR DEL TUYU',-36.5861170,-56.6990060,1),
	(507,'MARCELINO UGARTE',-35.3462660,-60.7453450,1),
	(508,'MARCOS PAZ',-34.7965440,-58.8778210,1),
	(509,'MARIA IGNACIA',-37.4029070,-59.5093350,1),
	(510,'MARIANO ACOSTA',-34.7154810,-58.7976740,1),
	(511,'MARIANO BENITEZ',-33.7090270,-60.5842600,1),
	(512,'MARIANO H.  ALFONZO',-33.9149980,-60.8383550,1),
	(513,'MARTIN CORONADO',-34.5852040,-58.5918760,1),
	(514,'MARTINEZ',-34.4944230,-58.5105730,1),
	(515,'MASSEY',-35.0490890,-63.1218880,1),
	(516,'MATHEU',-34.3688780,-58.8402290,1),
	(517,'MAURICIO HIRSCH',-35.5830180,-61.5244460,1),
	(518,'MAXIMO FERNANDEZ',-35.0615250,-60.7060740,1),
	(519,'MAXIMO PAZ',-34.9364560,-58.6143960,1),
	(520,'MAYOR BURATOVICH',-39.2590950,-62.6157890,1),
	(521,'MAZA',-36.7999470,-63.3385150,1),
	(522,'MECHITA',-35.0699380,-60.4084940,1),
	(523,'MECHITA',-35.0680140,-60.4025970,1),
	(524,'MECHONGUE',-38.1486550,-58.2230120,1),
	(525,'MEDANOS',-38.8293150,-62.6943320,1),
	(526,'MERCEDES',-34.6521720,-59.4295980,1),
	(527,'MERLO',-34.6823280,-58.7436430,1),
	(528,'MICAELA CASCALLARES',-38.4926790,-60.4684230,1),
	(529,'MINISTRO RIVADAVIA',-34.8556900,-58.3616470,1),
	(530,'MIRA PAMPA',-35.8703870,-63.3742010,1),
	(531,'MIRAMAR',-38.2707430,-57.8404710,1),
	(532,'MOCTEZUMA',-35.4774730,-61.4930730,1),
	(533,'MONES CAZON',-36.2301780,-62.0069940,1),
	(534,'MONTE CHINGOLO',-34.7302100,-58.3561740,1),
	(535,'MONTE GRANDE',-34.8191370,-58.4726950,1),
	(536,'MONTE HERMOSO',-38.9815070,-61.3005460,1),
	(537,'MOQUEHUA',-35.0926580,-59.7745300,1),
	(538,'MOREA',-35.5563880,-60.5605940,1),
	(539,'MORENO',-34.6376320,-58.7921360,1),
	(540,'MORON',-34.6652230,-58.6190560,1),
	(541,'MORSE',-34.7608900,-60.8419120,1),
	(542,'MUNRO',-34.5272620,-58.5255060,1),
	(543,'MU?IZ',-34.5557350,-58.7080230,1),
	(544,'NAPALEOFU',-37.6254980,-58.7461860,1),
	(545,'NAVARRO',-35.0036070,-59.2774160,1),
	(546,'NECOCHEA',-38.5711700,-58.7702420,1),
	(547,'NICANOR OLIVERA',-38.2846360,-59.2027540,1),
	(548,'NORBERTO DE LA RIESTRA',-35.2727790,-59.7719330,1),
	(549,'NORUMBEGA',-35.5357390,-60.7928140,1),
	(550,'NUEVA PLATA',-35.9199120,-61.8134000,1),
	(551,'OBLIGADO',-33.5965560,-59.8199790,1),
	(552,'OCHANDIO',-38.3598240,-59.7935350,1),
	(553,'OHIGGINS',-34.5854710,-60.6986330,1),
	(554,'OLASCOAGA',-35.2375280,-60.6115340,1),
	(555,'OLAVARRIA',-36.8920940,-60.3180050,1),
	(556,'OLIDEN',-35.1842580,-57.9479620,1),
	(557,'OLIVERA',-34.6265040,-59.2533810,1),
	(558,'OLIVOS',-34.5121610,-58.4985440,1),
	(559,'OPEN DOOR',-34.4890160,-59.0617360,1),
	(560,'ORDOQUI',-35.8831260,-61.1594280,1),
	(561,'ORENSE',-38.6855170,-59.7764290,1),
	(562,'ORIENTE',-38.7388490,-60.6092240,1),
	(563,'OSTENDE',-37.1300480,-56.8833980,1),
	(564,'PABLO PODESTA',-34.5758250,-58.6202500,1),
	(565,'PAGO CHICO',-38.7839400,-62.1195190,1),
	(566,'PARADA ORLANDO',-34.3273000,-59.0759910,1),
	(567,'PARADA ROBLES',-34.3736270,-59.1393540,1),
	(568,'PARDO',-36.2437580,-59.3662920,1),
	(569,'PASMAN',-37.2234350,-62.1602260,1),
	(570,'PASO DEL REY',-34.6353880,-58.7503180,1),
	(571,'PASTEUR',-35.1426390,-62.2439030,1),
	(572,'PATRICIOS',-35.4395530,-60.7174380,1),
	(573,'PAULA',-36.5053180,-61.0243290,1),
	(574,'PAVON',-36.7089540,-56.7598430,1),
	(575,'PAVON',-34.3581120,-59.0310010,1),
	(576,'PEARSON',-33.6518960,-60.8922240,1),
	(577,'PEDERNALES',-35.2666090,-59.6306570,1),
	(578,'PEDRO LURO',-39.5007770,-62.6874320,1),
	(579,'PEHUAJO',-35.8123030,-61.8988210,1),
	(580,'PELLEGRINI',-36.2697350,-63.1652860,1),
	(581,'PEREYRA',-34.8471950,-58.1392770,1),
	(582,'PEREZ MILLAN',-33.7674500,-60.0927340,1),
	(583,'PERGAMINO',-33.8949900,-60.5716400,1),
	(584,'PICHINCHA',-34.5804520,-62.3516400,1),
	(585,'PIEDRITAS',-34.7711050,-62.9846970,1),
	(586,'PIERES',-38.3962310,-58.6705800,1),
	(587,'PIGUE',-37.6063900,-62.4057730,1),
	(588,'PILA',-36.0014750,-58.1427780,1),
	(589,'PILAR',-34.4663320,-58.9227200,1),
	(590,'PINAMAR',-37.0777450,-56.8437230,1),
	(591,'PINZON',-33.9947210,-60.7316480,1),
	(592,'PI?EYRO',-34.6685500,-58.3886030,1),
	(593,'PIPINAS',-35.5312670,-57.3285890,1),
	(594,'PIROVANO',-36.5109170,-61.5545520,1),
	(595,'PLA',-35.1243820,-60.2200610,1),
	(596,'PLATANOS',-34.7674200,-58.1652690,1),
	(597,'PLAYA DORADA',-37.8730950,-57.5218900,1),
	(598,'PLOMER',-34.7941190,-59.0279760,1),
	(599,'POLVAREDAS',-35.5939070,-59.5079730,1),
	(600,'PONTAUT',-37.7317700,-61.3230960,1),
	(601,'PONTEVEDRA',-34.7467960,-58.7060430,1),
	(602,'PORVENIR',-34.9522290,-62.2174230,1),
	(603,'POSADA DE LOS LAGOS',-35.1499380,-58.0504530,1),
	(604,'PRESIDENTE DERQUI',-34.4928620,-58.8416990,1),
	(605,'PUAN',-37.5426140,-62.7652280,1),
	(606,'PUEBLO DOYLE',-33.9050060,-59.8187530,1),
	(607,'PUEBLO GOUIN',-34.4951190,-59.8029740,1),
	(608,'PUEBLO NUEVO',-37.3263230,-60.9098410,1),
	(609,'PUEBLO SAN JORGE',-37.2298630,-60.9621660,1),
	(610,'PUNTA ALTA',-38.8823550,-62.0626710,1),
	(611,'PUNTA INDIO',-35.2808350,-57.2360070,1),
	(612,'PUNTA LARA',-34.8346690,-58.0010480,1),
	(613,'PUNTA MOGOTES',-38.0833770,-57.5859350,1),
	(614,'QUENUMA',-36.5689910,-63.0876230,1),
	(615,'QUEQUEN',-38.5375050,-58.6952020,1),
	(616,'QUILMES',-34.7241340,-58.2492210,1),
	(617,'QUILMES OESTE',-34.7477990,-58.2999440,1),
	(618,'RAFAEL CALZADA',-34.7911370,-58.3505980,1),
	(619,'RAFAEL CASTILLO',-34.7132050,-58.6258370,1),
	(620,'RAFAEL OBLIGADO',-34.3588130,-60.7845690,1),
	(621,'RAMALLO',-33.4877020,-60.0072210,1),
	(622,'RAMON BIAUS',-35.0858460,-59.9236680,1),
	(623,'RAMON SANTAMARINA',-38.4503900,-59.3311150,1),
	(624,'RAMOS MEJIA',-34.6523080,-58.5592110,1),
	(625,'RAMOS OTERO',-37.5426350,-58.3407190,1),
	(626,'RANCAGUA',-34.0303720,-60.5042330,1),
	(627,'RANCHOS',-35.5173520,-58.3184250,1),
	(628,'RANELAGH',-34.7941470,-58.1989820,1),
	(629,'RAUCH',-36.7755040,-59.0871110,1),
	(630,'RAWSON',-34.6086370,-60.0677110,1),
	(631,'RECALDE',-36.6515020,-61.0845040,1),
	(632,'REMEDIOS DE ESCALADA',-34.5705750,-58.6201180,1),
	(633,'REMEDIOS ESCALADA DE SAN MARTIN',-34.7238090,-58.3976700,1),
	(634,'RETA',-38.8970810,-60.3434100,1),
	(635,'RICARDO ROJAS',-34.4563340,-58.6806670,1),
	(636,'RINCON DE MILBERG',-34.4097530,-58.6304830,1),
	(637,'RINGUELET',-34.8910540,-57.9913780,1),
	(638,'RIO TALA',-33.7695900,-59.6383710,1),
	(639,'RIVERA',-37.1583550,-63.2442190,1),
	(640,'ROBERTO CANO',-34.0876520,-60.6672560,1),
	(641,'ROBERTO DE VICENZO',-34.4369650,-58.7669940,1),
	(642,'ROBERTO J. PAYRO',-35.1799270,-57.6519860,1),
	(643,'ROBERTS',-35.1440880,-61.9707860,1),
	(644,'ROJAS',-34.1872290,-60.7179410,1),
	(645,'ROOSEVELT',-35.8466320,-63.2898120,1),
	(646,'ROQUE PEREZ',-35.4016380,-59.3346860,1),
	(647,'RUFINO DE ELIZALDE',-34.9710900,-57.9524350,1),
	(648,'SAAVEDRA',-37.7636400,-62.3506330,1),
	(649,'SAENZ PE?A',-34.5992890,-58.5320800,1),
	(650,'SAFORCADA',-34.5752590,-61.0747310,1),
	(651,'SALADILLO',-35.6404300,-59.7790590,1),
	(652,'SALAZAR',-36.3071170,-62.2003370,1),
	(653,'SALDUNGARAY',-38.2028130,-61.7678930,1),
	(654,'SALLIQUELO',-36.7511650,-62.9599570,1),
	(655,'SALTO',-34.2921600,-60.2546240,1),
	(656,'SALVADOR MARIA',-35.3028070,-59.1696840,1),
	(657,'SAMBOROMBON',-35.2206240,-58.2805300,1),
	(658,'SAN AGUSTIN',-38.0122840,-58.3553780,1),
	(659,'SAN ANDRES DE GILES',-34.4459080,-59.4451670,1),
	(660,'SAN ANTONIO DE ARECO',-34.2503760,-59.4708630,1),
	(661,'SAN ANTONIO DE PADUA',-34.6698580,-58.6979300,1),
	(662,'SAN BERNARDO',-35.7137370,-61.6477830,1),
	(663,'SAN BERNARDO',-36.6874110,-56.6841400,1),
	(664,'SAN CARLOS DE BOLIVAR',-36.2295600,-61.1131900,1),
	(665,'SAN CAYETANO',-38.3469710,-59.6063830,1),
	(666,'SAN CLEMENTE DEL TUYU',-36.3532390,-56.7239440,1),
	(667,'SAN EMILIO',-35.0319910,-60.8647690,1),
	(668,'SAN ENRIQUE',-35.7785030,-60.3546450,1),
	(669,'SAN FERNANDO',-34.4473600,-58.5690020,1),
	(670,'SAN FRANCISCO DE BELLOCQ',-38.6931710,-60.0141790,1),
	(671,'SAN FRANCISCO SOLANO',-34.7866740,-58.3219360,1),
	(672,'SAN FRANCISCO SOLANO',-34.7777730,-58.3101560,1),
	(673,'SAN GERMAN',-38.2995180,-62.9821880,1),
	(674,'SAN ISIDRO',-34.4770410,-58.5271950,1),
	(675,'SAN JOSE',-34.7673770,-58.3432770,1),
	(676,'SAN JOSE',-37.5077480,-61.9211470,1),
	(677,'SAN JUSTO',-34.6881600,-58.5626790,1),
	(678,'SAN MANUEL',-37.7892830,-58.8486480,1),
	(679,'SAN MAURICIO',-35.5118020,-63.1882150,1),
	(680,'SAN MAYOL',-38.3177370,-60.0258420,1),
	(681,'SAN MIGUEL',-34.5536230,-58.7347880,1),
	(682,'SAN MIGUEL DEL MONTE',-35.4391640,-58.8094600,1),
	(683,'SAN NICOLAS DE LOS ARROYOS',-33.3487080,-60.2313340,1),
	(684,'SAN PEDRO',-33.6791250,-59.6668950,1),
	(685,'SAN ROMAN',-38.7415550,-61.5377200,1),
	(686,'SAN SEBASTIAN',-34.9443780,-59.7018600,1),
	(687,'SAN VICENTE',-35.0104040,-58.4699710,1),
	(688,'SANSINENA',-35.2750300,-63.2135440,1),
	(689,'SANTA CLARA DEL MAR',-37.8348340,-57.5079490,1),
	(690,'SANTA COLOMA',-34.0621540,-59.5585420,1),
	(691,'SANTA ELENA',-37.8649000,-57.5169020,1),
	(692,'SANTA ELEODORA',-34.6921180,-62.6957930,1),
	(693,'SANTA LUCIA',-33.8794560,-59.8753280,1),
	(694,'SANTA LUISA',-37.1289650,-60.4099300,1),
	(695,'SANTA MARIA',-37.5565860,-61.8726340,1),
	(696,'SANTA REGINA',-34.5483360,-63.1732730,1),
	(697,'SANTA ROSA',-34.9611840,-58.7308920,1),
	(698,'SANTA TERESA',-34.4366910,-58.7573470,1),
	(699,'SANTA TERESITA',-36.5409110,-56.7058670,1),
	(700,'SANTA TRINIDAD',-37.4891040,-61.9252760,1),
	(701,'SANTO DOMINGO',-36.7137600,-57.5860130,1),
	(702,'SANTO TOMAS',-35.6740920,-61.5066660,1),
	(703,'SANTOS LUGARES',-34.5991530,-58.5478840,1),
	(704,'SARANDI',-34.6843720,-58.3481010,1),
	(705,'SARASA',-34.0523350,-61.2019040,1),
	(706,'SEVIGNE',-36.2067280,-57.7413710,1),
	(707,'SIERRA CHICA',-36.8432380,-60.2234270,1),
	(708,'SIERRA DE LA VENTANA',-38.1366720,-61.7956860,1),
	(709,'SIERRA DE LOS PADRES',-37.9504850,-57.7774700,1),
	(710,'SIERRAS BAYAS',-36.9225240,-60.2157930,1),
	(711,'SMITH',-35.4946290,-61.5937810,1),
	(712,'SOLANET',-36.8444980,-58.5071420,1),
	(713,'SOLIS',-34.2989710,-59.3250550,1),
	(714,'STROEDER',-40.1854870,-62.6205160,1),
	(715,'SUIPACHA',-34.7712620,-59.6879180,1),
	(716,'SUNDBLAD',-35.7656420,-63.1386100,1),
	(717,'TAMANGUEYU',-38.2010110,-58.7373140,1),
	(718,'TANDIL',-37.3238850,-59.1310690,1),
	(719,'TAPALQUE',-36.3573670,-60.0247440,1),
	(720,'TAPIALES',-34.7108320,-58.4950080,1),
	(721,'TEDIN URIBURU',-37.3683690,-59.7630390,1),
	(722,'TEMPERLEY',-34.7674870,-58.3780460,1),
	(723,'TENIENTE ORIGONE',-39.0580590,-62.5697140,1),
	(724,'TIGRE',-34.4266930,-58.5779720,1),
	(725,'TIMOTE',-35.3477620,-62.2246530,1),
	(726,'TODD',-34.0328240,-60.1562270,1),
	(727,'TOLOSA',-34.9007700,-57.9821290,1),
	(728,'TOMAS JOFRE',-34.6989560,-59.3194430,1),
	(729,'TORNQUIST',-38.0989980,-62.2218090,1),
	(730,'TORRES',-34.4318220,-59.1287740,1),
	(731,'TORTUGUITAS',-34.4746660,-58.7513340,1),
	(732,'TORTUGUITAS',-34.4918480,-58.7863780,1),
	(733,'TORTUGUITAS',-34.4578060,-58.7620910,1),
	(734,'TRANSRADIO',-34.8790060,-58.0817340,1),
	(735,'TRENQUE LAUQUEN',-35.9746950,-62.7323100,1),
	(736,'TRES ALGARROBOS',-35.1979820,-62.7730810,1),
	(737,'TRES ARROYOS',-38.3771790,-60.2755590,1),
	(738,'TRES LOMAS',-36.4581090,-62.8621360,1),
	(739,'TRES PICOS',-38.2867750,-62.2073120,1),
	(740,'TRES SARGENTOS',-34.4664780,-60.0008700,1),
	(741,'TRISTAN SUAREZ',-34.8851530,-58.5700340,1),
	(742,'TRIUNVIRATO',-34.6758380,-61.4657090,1),
	(743,'TRONGE',-36.4603090,-62.4871230,1),
	(744,'TRUJUI',-34.5941440,-58.7557350,1),
	(745,'TURDERA',-34.7895610,-58.4041060,1),
	(746,'UDAQUIOLA',-36.5637510,-58.5333340,1),
	(747,'URDAMPILLETA',-36.4329290,-61.4191160,1),
	(748,'URIBELARREA',-35.1227360,-58.8904870,1),
	(749,'VALDES',-35.6488130,-60.4672590,1),
	(750,'VALENTIN ALSINA',-34.6720360,-58.4134850,1),
	(751,'VALERIA DEL MAR',-37.1445560,-56.8902920,1),
	(752,'VASQUEZ',-38.1766860,-60.1708490,1),
	(753,'VEDIA',-34.4973980,-61.5453450,1),
	(754,'VELLOSO',-36.1215310,-59.6527150,1),
	(755,'VERONICA',-35.3881550,-57.3371600,1),
	(756,'VICENTE CASARES',-34.9653530,-58.6504980,1),
	(757,'VICENTE LOPEZ',-34.5255370,-58.4736500,1),
	(758,'VICTORIA',-34.4619820,-58.5595970,1),
	(759,'VIEYTES',-35.2695680,-57.5757120,1),
	(760,'VILLA ADELINA',-34.5287600,-58.5460240,1),
	(761,'VILLA ADELINA',-34.5151200,-58.5457580,1),
	(762,'VILLA ALFREDO FORTABAT',-36.9802710,-60.2790830,1),
	(763,'VILLA ALSINA',-33.9096040,-59.3882020,1),
	(764,'VILLA ANGELICA',-33.6647040,-60.7084370,1),
	(765,'VILLA ARG?ELLO',-34.9053980,-57.9180820,1),
	(766,'VILLA ARRIETA',-36.9436610,-60.1578270,1),
	(767,'VILLA ASTOLFI',-34.4858980,-58.8768340,1),
	(768,'VILLA AYACUCHO',-34.5904130,-58.5530430,1),
	(769,'VILLA BALLESTER',-34.5422850,-58.5583180,1),
	(770,'VILLA BERNARDO MONTEAGUDO',-34.5905900,-58.5396610,1),
	(771,'VILLA BORDEAU',-38.6472610,-62.3200220,1),
	(772,'VILLA BOSCH EST. JUAN MARIA BOSCH)',-34.5822980,-58.5802930,1),
	(773,'VILLA BROWN',-34.8790420,-58.2898090,1),
	(774,'VILLA CACIQUE',-37.6704780,-59.4003530,1),
	(775,'VILLA CAMPI',-33.3599590,-60.3000890,1),
	(776,'VILLA CANTO',-33.3708480,-60.2954120,1),
	(777,'VILLA CASTELAR',-37.3905460,-62.8051330,1),
	(778,'VILLA CATELA',-34.8846000,-57.9511290,1),
	(779,'VILLA CENTENARIO',-34.7289930,-58.4283440,1),
	(780,'VILLA CHACABUCO',-34.5796740,-58.5230370,1),
	(781,'VILLA CORONEL JOSE M. ZAPIOLA',-34.5595170,-58.5772770,1),
	(782,'VILLA DE MAYO',-34.5061510,-58.6793060,1),
	(783,'VILLA DEL MAR',-38.8532240,-62.1164750,1),
	(784,'VILLA DOLORES',-34.8802090,-57.8663040,1),
	(785,'VILLA DOMINICO',-34.6986320,-58.3363600,1),
	(786,'VILLA EDUARDO MADERO',-34.6981160,-58.4877580,1),
	(787,'VILLA ELISA',-34.8776210,-58.0907140,1),
	(788,'VILLA ELVIRA',-34.9406440,-57.9214980,1),
	(789,'VILLA ESPA?A',-34.7760630,-58.2002530,1),
	(790,'VILLA ESPERANZA',-33.4223260,-60.2605870,1),
	(791,'VILLA ESPIL',-34.5066810,-59.3372660,1),
	(792,'VILLA ESPORA',-38.7765070,-62.1851830,1),
	(793,'VILLA FIORITO',-34.7067100,-58.4451300,1),
	(794,'VILLA FLANDRIA NORTE PUEBLO NUEVO)',-34.5707150,-59.1826100,1),
	(795,'VILLA FLANDRIA SUR EST. JAUREGUI)',-34.5993970,-59.1757640,1),
	(796,'VILLA FRANCIA',-34.7913160,-62.2011090,1),
	(797,'VILLA GARIBALDI',-34.9986520,-57.8404970,1),
	(798,'VILLA GENERAL ANTONIO J. DE SUCRE',-34.5470510,-58.5694390,1),
	(799,'VILLA GENERAL ARIAS',-38.8069000,-62.0949850,1),
	(800,'VILLA GENERAL EUGENIO NECOCHEA',-34.5125330,-58.5801480,1),
	(801,'VILLA GENERAL FOURNIER',-35.4989240,-60.8647210,1),
	(802,'VILLA GENERAL JOSE TOMAS GUIDO',-34.5531160,-58.5669980,1),
	(803,'VILLA GENERAL JUAN G. LAS HERAS',-34.5612570,-58.5553940,1),
	(804,'VILLA GENERAL SAVIO',-33.4352670,-60.1451320,1),
	(805,'VILLA GESELL',-37.2464700,-56.9707270,1),
	(806,'VILLA GOBERNADOR UDAONDO',-34.6168700,-58.6932880,1),
	(807,'VILLA GODOY CRUZ',-34.5433990,-58.5755930,1),
	(808,'VILLA GRANADEROS DE SAN MARTIN',-34.5507650,-58.5284850,1),
	(809,'VILLA GREGORIA MATORRAS',-34.5383850,-58.5491720,1),
	(810,'VILLA GRISOLIA',-35.1096180,-60.0705510,1),
	(811,'VILLA INDEPENDENCIA',-34.8829520,-57.8614890,1),
	(812,'VILLA IRIS',-38.1693100,-63.2320510,1),
	(813,'VILLA JOSE LEON SUAREZ',-34.5253710,-58.5802550,1),
	(814,'VILLA JUAN MARTIN DE PUEYRREDON',-34.5474840,-58.5750970,1),
	(815,'VILLA LA ARCADIA',-38.1345030,-61.7885550,1),
	(816,'VILLA LA FLORIDA',-34.7688840,-58.2957090,1),
	(817,'VILLA LA SERRANIA',-36.9903630,-60.3108080,1),
	(818,'VILLA LAGUNA LA BRAVA',-37.8596290,-57.9806010,1),
	(819,'VILLA LIA',-34.1237740,-59.4313730,1),
	(820,'VILLA LIBERTAD',-34.5846960,-58.5623330,1),
	(821,'VILLA LUZURIAGA',-34.6730870,-58.5938790,1),
	(822,'VILLA LYNCH',-34.5901460,-58.5234380,1),
	(823,'VILLA LYNCH PUEYRREDON',-36.6025790,-61.3618630,1),
	(824,'VILLA MAIPU',-34.5682130,-58.5245450,1),
	(825,'VILLA MANUEL POMAR',-33.9159510,-60.9379380,1),
	(826,'VILLA MARGARITA',-37.4600990,-63.2405660,1),
	(827,'VILLA MARIA',-34.8881260,-60.3469390,1),
	(828,'VILLA MARIA IRENE DE LOS REMEDIOS DE ESCALADA',-34.5646400,-58.5922550,1),
	(829,'VILLA MARQUES ALEJANDRO MARIA DE AGUADO',-34.5551360,-58.5383770,1),
	(830,'VILLA MARTELLI',-34.5525980,-58.5091430,1),
	(831,'VILLA MOLL',-35.0782490,-59.6519460,1),
	(832,'VILLA MONTORO',-34.9634490,-57.9025000,1),
	(833,'VILLA NUEVA',-34.8957080,-57.9108820,1),
	(834,'VILLA ORTIZ',-34.8435330,-60.3048500,1),
	(835,'VILLA PARQUE CECIR',-34.1707180,-60.7438340,1),
	(836,'VILLA PARQUE GIRADO',-35.6282700,-58.0145520,1),
	(837,'VILLA PARQUE PRESIDENTE FIGUEROA ALCORTA',-34.5939490,-58.5321740,1),
	(838,'VILLA PARQUE SAN LORENZO',-34.5618730,-58.5336620,1),
	(839,'VILLA PARQUE SICARDI',-34.9830290,-57.8674650,1),
	(840,'VILLA PORTE?A',-34.8910430,-57.8963770,1),
	(841,'VILLA PROGRESO',-34.9308770,-57.8468800,1),
	(842,'VILLA RAFFO',-34.6083090,-58.5319720,1),
	(843,'VILLA RAMALLO',-33.5022930,-60.0650140,1),
	(844,'VILLA RICCIO',-33.3630500,-60.2953990,1),
	(845,'VILLA RODRIGUEZ',-38.3125820,-60.2325000,1),
	(846,'VILLA ROSA',-34.4077330,-58.8539350,1),
	(847,'VILLA ROTH',-34.5798300,-62.1710490,1),
	(848,'VILLA RUIZ',-34.4352020,-59.2603960,1),
	(849,'VILLA SABOYA',-34.4607920,-62.6493440,1),
	(850,'VILLA SAN ANDRES',-34.5659930,-58.5448070,1),
	(851,'VILLA SAN CARLOS',-34.8838130,-57.8770160,1),
	(852,'VILLA SAN JOSE',-34.0906700,-60.4162720,1),
	(853,'VILLA SAN LUIS',-34.8627930,-58.2553230,1),
	(854,'VILLA SANTA ROSA',-34.8380280,-58.2888900,1),
	(855,'VILLA SANTOS TESEI',-34.6123940,-58.6538100,1),
	(856,'VILLA SARMIENTO',-34.6346600,-58.5715760,1),
	(857,'VILLA SAUZE',-35.2858300,-63.3682060,1),
	(858,'VILLA SERRANA LA GRUTA',-38.0568270,-62.0782620,1),
	(859,'VILLA VATTEONE',-34.8303190,-58.2635240,1),
	(860,'VILLA VENTANA',-38.0795770,-61.9311380,1),
	(861,'VILLA YAPEYU',-34.5716950,-58.5491070,1),
	(862,'VILLA ZULA',-34.9221650,-57.8009660,1),
	(863,'VILLALONGA',-39.9151390,-62.6188700,1),
	(864,'VILLANUEVA',-35.6776270,-58.4350920,1),
	(865,'VILLARS',-34.8300240,-58.9422590,1),
	(866,'VI?A',-33.9922770,-60.2263210,1),
	(867,'VIRREY DEL PINO',-34.8475210,-58.6860680,1),
	(868,'VIRREYES',-34.4636240,-58.5761940,1),
	(869,'VIVORATA',-37.6627990,-57.6670970,1),
	(870,'WARNES',-34.9098730,-60.5381680,1),
	(871,'WILDE',-34.7061590,-58.3218350,1),
	(872,'WILLIAM C. MORRIS',-34.5815620,-58.6583010,1),
	(873,'YUTUYACO',-36.9884310,-63.1338090,1),
	(874,'ZARATE',-34.1115310,-59.0483430,1),
	(875,'ZAVALIA',-34.8949210,-61.0044540,1),
	(876,'ZELAYA',-34.3657180,-58.8936960,1),
	(877,'ZENON VIDELA DORNA',-35.5447730,-58.8855910,1),
	(878,'AGRONOMIA',-34.5929440,-58.4886710,2),
	(879,'ALMAGRO',-34.6092280,-58.4217450,2),
	(880,'BALVANERA',-34.6091000,-58.4030630,2),
	(881,'BARRACAS',-34.6464140,-58.3842710,2),
	(882,'BELGRANO',-34.5548820,-58.4502890,2),
	(883,'BOCA',-34.6310700,-58.3568300,2),
	(884,'BOEDO',-34.6299600,-58.4188400,2),
	(885,'CABALLITO',-34.6168250,-58.4436030,2),
	(886,'CHACARITA',-34.5883730,-58.4541750,2),
	(887,'CIUDAD DE BUENOS AIRES',-34.6132920,-58.3887520,2),
	(888,'COGHLAN',-34.5606250,-58.4749450,2),
	(889,'COLEGIALES',-34.5746430,-58.4509680,2),
	(890,'CONSTITUCION',-34.6250480,-58.3843870,2),
	(891,'FLORES',-34.6368070,-58.4582700,2),
	(892,'FLORESTA',-34.6276860,-58.4835870,2),
	(893,'LINIERS',-34.6437960,-58.5191300,2),
	(894,'MATADEROS',-34.6583680,-58.5017320,2),
	(895,'MONSERRAT',-34.6126880,-58.3796520,2),
	(896,'MONTE CASTRO',-34.6192970,-58.5065800,2),
	(897,'NUEVA POMPEYA',-34.6505500,-58.4188550,2),
	(898,'NU?EZ',-34.5437380,-58.4628580,2),
	(899,'PALERMO',-34.5739000,-58.4224360,2),
	(900,'PARQUE AVELLANEDA',-34.6486410,-58.4764560,2),
	(901,'PARQUE CHACABUCO',-34.6359390,-58.4376960,2),
	(902,'PARQUE CHAS',-34.5855220,-58.4791230,2),
	(903,'PARQUE PATRICIOS',-34.6375500,-58.4016760,2),
	(904,'PATERNAL',-34.5974220,-58.4686650,2),
	(905,'PUERTO MADERO',-34.6092160,-58.3563810,2),
	(906,'RECOLETA',-34.5858760,-58.3949960,2),
	(907,'RETIRO',-34.5884240,-58.3759360,2),
	(908,'SAAVEDRA',-34.5530630,-58.4887270,2),
	(909,'SAN CRISTOBAL',-34.6238640,-58.4018860,2),
	(910,'SAN NICOLAS',-34.6036680,-58.3805140,2),
	(911,'SAN TELMO',-34.6215200,-58.3715450,2),
	(912,'VELEZ SARSFIELD',-34.6313610,-58.4932770,2),
	(913,'VERSALLES',-34.6301230,-58.5224020,2),
	(914,'VILLA CRESPO',-34.5988340,-58.4427220,2),
	(915,'VILLA DEL PARQUE',-34.6042460,-58.4906760,2),
	(916,'VILLA DEVOTO',-34.6023800,-58.5142440,2),
	(917,'VILLA GENERAL MITRE',-34.6100290,-58.4689430,2),
	(918,'VILLA LUGANO',-34.6749940,-58.4761630,2),
	(919,'VILLA LURO',-34.6364130,-58.5027290,2),
	(920,'VILLA ORTUZAR',-34.5809740,-58.4676520,2),
	(921,'VILLA PUEYRREDON',-34.5821100,-58.5034850,2),
	(922,'VILLA REAL',-34.6194830,-58.5259860,2),
	(923,'VILLA RIACHUELO',-34.6918960,-58.4632520,2),
	(924,'VILLA SANTA RITA',-34.6161940,-58.4829570,2),
	(925,'VILLA SOLDATI',-34.6654690,-58.4465230,2),
	(926,'VILLA URQUIZA',-34.5715410,-58.4878560,2),
	(927,'ACONQUIJA',-27.4743800,-66.0266880,3),
	(928,'ADOLFO E. CARRANZA',-29.0269780,-65.9719320,3),
	(929,'ALIJILAN',-28.1771810,-65.4915920,3),
	(930,'ALTO DE LAS JUNTAS',-27.4511960,-66.0199690,3),
	(931,'AMADORES',-28.2680360,-65.6462110,3),
	(932,'AMANAO',-27.5275900,-66.5156760,3),
	(933,'ANCASTI',-28.8098300,-65.5021020,3),
	(934,'ANDALGALA',-27.5732230,-66.3235470,3),
	(935,'ANDALHUALA',-26.8479430,-66.0244070,3),
	(936,'ANILLACO',-27.9001530,-67.6142840,3),
	(937,'ANQUINCILA',-28.7545940,-65.5495100,3),
	(938,'ANTINACO',-27.2314460,-67.6080550,3),
	(939,'ANTOFAGASTA DE LA SIERRA',-26.0632960,-67.4116710,3),
	(940,'ANTOFALLA',-25.4453260,-67.6583950,3),
	(941,'APOYACO',-28.3006340,-66.1659790,3),
	(942,'BALDE DE LA PUNTA',-29.5589480,-65.5807240,3),
	(943,'BANDA DE LUCERO',-28.0687850,-67.5077020,3),
	(944,'BA?ADO DE OVANTA',-28.1034000,-65.3076850,3),
	(945,'BARRANCA LARGA',-26.9366730,-66.7473740,3),
	(946,'BELEN',-27.6337580,-67.0181220,3),
	(947,'BUENA VISTA',-27.3391920,-66.0241890,3),
	(948,'CAPAYAN',-28.7807110,-66.0386460,3),
	(949,'CASA DE PIEDRA',-26.8274550,-66.0506270,3),
	(950,'CASA DE PIEDRA',-29.6492890,-65.5171150,3),
	(951,'CASPICHANGO',-26.6859290,-65.9707950,3),
	(952,'CERRO NEGRO',-28.2432410,-67.1442730,3),
	(953,'CHA?AR PUNCO',-26.7588340,-66.0493070,3),
	(954,'CHAQUIAGO',-27.5368960,-66.3350570,3),
	(955,'CHOYA',-27.5210750,-66.4034740,3),
	(956,'CHUCHUCARUANA',-27.9072840,-65.8265240,3),
	(957,'CHUMBICHA',-28.8475650,-66.2413570,3),
	(958,'COLANA',-28.3432880,-66.1222560,3),
	(959,'COLLAGASTA',-28.3616780,-65.7282690,3),
	(960,'COLONIA DEL VALLE',-28.6659570,-65.8752050,3),
	(961,'COLONIA NUEVA CONETA',-28.5859220,-65.8384330,3),
	(962,'COLPES',-28.0606500,-66.2065040,3),
	(963,'COLPES',-28.0564720,-65.8260840,3),
	(964,'CONCEPCION',-28.7027880,-66.0684400,3),
	(965,'CONDOR HUASI',-27.4800250,-67.1034370,3),
	(966,'CONETA',-28.5824940,-65.8832900,3),
	(967,'COPACABANA',-28.1243910,-67.4981010,3),
	(968,'CORDOBITA',-28.2979800,-67.1670900,3),
	(969,'CORRAL QUEMADO',-27.1458270,-66.9418770,3),
	(970,'COSTA DE REYES',-28.2949600,-67.7029020,3),
	(971,'EL ALAMITO',-27.3335380,-66.0229850,3),
	(972,'EL ALTO',-28.3027480,-65.3693770,3),
	(973,'EL AYBAL',-29.1066140,-65.3396950,3),
	(974,'EL BA?ADO',-28.6492910,-65.8184080,3),
	(975,'EL BA?ADO',-28.4594350,-65.7113720,3),
	(976,'EL BA?ADO',-29.1832350,-65.4161460,3),
	(977,'EL BOLSON',-27.9038740,-65.8884830,3),
	(978,'EL CAJON',-26.3955480,-66.2641930,3),
	(979,'EL CERRITO',-26.6988600,-66.0387330,3),
	(980,'EL DESMONTE',-26.9077170,-66.0204230,3),
	(981,'EL DIVISADERO',-29.1937180,-65.4233400,3),
	(982,'EL DURAZNO',-27.2352160,-67.0644300,3),
	(983,'EL HUECO',-28.4127880,-65.7175370,3),
	(984,'EL LINDERO',-27.4743800,-66.0266880,3),
	(985,'EL PAJONAL',-28.3773150,-66.3017090,3),
	(986,'EL PANTANILLO',-28.5416890,-65.8026630,3),
	(987,'EL PE?ON',-26.4377800,-67.2590950,3),
	(988,'EL PORTEZUELO',-28.4818680,-65.6351330,3),
	(989,'EL POTRERO',-27.5162320,-66.3434280,3),
	(990,'EL PUEBLITO',-28.2888180,-67.1234520,3),
	(991,'EL PUESTO',-26.6307680,-66.0140420,3),
	(992,'EL PUESTO',-27.9267620,-67.6304000,3),
	(993,'EL QUIMILO',-29.9534210,-65.3926410,3),
	(994,'EL RODEO',-28.2141520,-65.8738600,3),
	(995,'EL ROSARIO',-27.9877540,-65.6886070,3),
	(996,'EL SALADO',-28.3120210,-67.2508790,3),
	(997,'ESQUIU',-29.3790660,-65.2898290,3),
	(998,'FAMATANCA',-26.8101200,-66.0595220,3),
	(999,'FARALLON NEGRO',-27.2979910,-66.6526540,3),
	(1000,'FIAMBALA',-27.6931620,-67.6085750,3),
	(1001,'FUERTE QUEMADO',-26.6304340,-66.0644370,3),
	(1002,'GUAYAMBA',-28.3441270,-65.4127480,3),
	(1003,'HUALFIN',-27.2251090,-66.8257490,3),
	(1004,'HUAYCAMA',-28.0988460,-65.8147460,3),
	(1005,'HUAYCAMA',-28.5334480,-65.6821280,3),
	(1006,'HUILLAPIMA',-28.7326530,-65.9692670,3),
	(1007,'ICA?O',-28.9308890,-65.2902160,3),
	(1008,'INFANZON',-28.5973240,-65.4116600,3),
	(1009,'JACIPUNCO',-27.2232500,-67.0189560,3),
	(1010,'JOYANGO',-28.0731020,-66.1435570,3),
	(1011,'LA AGUADA',-27.5340890,-66.3117750,3),
	(1012,'LA BAJADA',-28.3920520,-65.6282650,3),
	(1013,'LA CANDELARIA',-28.7207620,-65.4106920,3),
	(1014,'LA CARRERA',-28.3495580,-65.7091200,3),
	(1015,'LA DORADA',-29.2804390,-65.4766320,3),
	(1016,'LA FALDA DE SAN ANTONIO',-28.4198490,-65.6988380,3),
	(1017,'LA GUARDIA',-29.5496730,-65.4504860,3),
	(1018,'LA HIGUERA',-27.9352830,-65.6993670,3),
	(1019,'LA HOYADA',-26.5189080,-66.3686110,3),
	(1020,'LA LOMA',-26.7574990,-66.0331060,3),
	(1021,'LA MAJADA',-29.0295110,-65.5499570,3),
	(1022,'LA MERCED',-28.1537650,-65.6696060,3),
	(1023,'LA MESADA',-27.4511960,-66.0199690,3),
	(1024,'LA PUERTA',-28.1764380,-65.7863040,3),
	(1025,'LA PUNTILLA',-28.1243910,-67.4981010,3),
	(1026,'LA PUNTILLA',-27.6688000,-66.9831850,3),
	(1027,'LA PUNTILLA',-26.8274550,-66.0506270,3),
	(1028,'LA RAMADITA',-27.6442430,-67.6139460,3),
	(1029,'LA TERCENA',-28.3734470,-65.7081290,3),
	(1030,'LA VI?A',-28.0444460,-65.6079380,3),
	(1031,'LAMPACITO',-26.7265980,-66.0436980,3),
	(1032,'LAS CA?AS',-28.2098700,-65.2230170,3),
	(1033,'LAS CHACRITAS',-27.6464170,-65.9533450,3),
	(1034,'LAS ESQUINAS',-28.7644630,-65.1120210,3),
	(1035,'LAS JUNTAS',-28.1038840,-65.8996510,3),
	(1036,'LAS JUNTAS',-27.5255270,-67.1230330,3),
	(1037,'LAS LAJAS',-27.8269130,-65.7401080,3),
	(1038,'LAS MOJARRAS',-26.6988600,-66.0387330,3),
	(1039,'LAS PALMITAS',-28.6402400,-64.9870720,3),
	(1040,'LAS TEJAS',-28.6468890,-65.7889940,3),
	(1041,'LAVALLE',-28.1946340,-65.1137810,3),
	(1042,'LONDRES',-27.7091440,-67.1521290,3),
	(1043,'LORO HUASI',-26.7361380,-66.0217850,3),
	(1044,'LOS ALTOS',-28.0488590,-65.4973640,3),
	(1045,'LOS ANGELES NORTE',-28.4130520,-65.9974960,3),
	(1046,'LOS ANGELES SUR',-28.5096260,-66.0134500,3),
	(1047,'LOS BALVERDIS',-28.2769850,-67.1074440,3),
	(1048,'LOS CASTILLOS',-27.9582300,-65.8206860,3),
	(1049,'LOS CORRALES',-28.5108290,-65.3308770,3),
	(1050,'LOS NACIMIENTOS',-27.1276310,-66.7125340,3),
	(1051,'LOS NACIMIENTOS',-25.7592670,-67.3912670,3),
	(1052,'LOS TALAS',-27.9499980,-65.8758300,3),
	(1053,'LOS VARELA',-27.9279940,-65.8822300,3),
	(1054,'MANANTIALES',-28.1469660,-65.5073240,3),
	(1055,'MEDANITOS',-27.5239130,-67.5891480,3),
	(1056,'MEDANITOS',-26.7588340,-66.0493070,3),
	(1057,'MIRAFLORES',-28.6115640,-65.9045510,3),
	(1058,'MONTE POTRERO',-28.1912460,-65.6706750,3),
	(1059,'MUTQUIN',-28.3178460,-66.1420640,3),
	(1060,'PALO BLANCO',-27.3395850,-67.7592300,3),
	(1061,'PALO LABRADO',-28.3360930,-65.6274300,3),
	(1062,'PALO SECO',-26.8274550,-66.0506270,3),
	(1063,'PAMPA BLANCA',-27.6354340,-67.6168390,3),
	(1064,'POLCOS',-28.4333820,-65.7202970,3),
	(1065,'POMAN',-28.3927800,-66.2220820,3),
	(1066,'POMANCILLO ESTE',-28.3087170,-65.7222100,3),
	(1067,'POMANCILLO OESTE',-28.3178430,-65.7423450,3),
	(1068,'POZO DEL MISTOL',-28.4689790,-65.7195050,3),
	(1069,'PUERTA DE CORRAL QUEMADO',-27.2142920,-66.9263180,3),
	(1070,'PUERTA DE SAN JOSE',-27.5397410,-67.0153310,3),
	(1071,'PUNTA DE BALASTO',-26.9300940,-66.1487290,3),
	(1072,'PUNTA DEL AGUA',-27.2106670,-67.7317930,3),
	(1073,'QUIROS',-28.7883060,-65.1007300,3),
	(1074,'RAMBLONES',-29.1582840,-65.3749450,3),
	(1075,'RECREO',-29.2768610,-65.0565640,3),
	(1076,'RINCON',-28.2022630,-66.1487990,3),
	(1077,'SAN ANTONIO',-28.0073080,-65.7268500,3),
	(1078,'SAN ANTONIO',-28.9331050,-65.0949660,3),
	(1079,'SAN ANTONIO',-28.4237770,-65.7062130,3),
	(1080,'SAN FERNANDO DEL VALLE DE CATAMARCA',-28.4846580,-65.7867890,3),
	(1081,'SAN ISIDRO',-28.4583110,-65.7267580,3),
	(1082,'SAN JOSE',-28.3887320,-65.7062700,3),
	(1083,'SAN JOSE BANDA',-26.8101200,-66.0595220,3),
	(1084,'SAN JOSE NORTE',-26.7745990,-66.0362580,3),
	(1085,'SAN JOSE VILLA',-26.7919330,-66.0378780,3),
	(1086,'SAN MARTIN',-29.2514240,-65.7966970,3),
	(1087,'SAN MIGUEL',-28.1297410,-66.2019570,3),
	(1088,'SAN PABLO',-28.7185210,-66.0406030,3),
	(1089,'SAN PEDRO',-27.9608490,-65.1680080,3),
	(1090,'SAN PEDRO',-28.7717180,-66.1240600,3),
	(1091,'SANTA CRUZ',-28.4928950,-65.6744470,3),
	(1092,'SANTA MARIA',-26.6891170,-66.0188840,3),
	(1093,'SANTA ROSA',-28.4478020,-65.7055330,3),
	(1094,'SAUJIL',-27.5632130,-67.6355130,3),
	(1095,'SAUJIL',-28.1733370,-66.2145150,3),
	(1096,'SIJAN',-28.2623560,-66.2209300,3),
	(1097,'SINGUIL',-27.8142170,-65.8670660,3),
	(1098,'SUMALAO',-28.4746460,-65.7433480,3),
	(1099,'TAPSO',-28.4159040,-65.1086410,3),
	(1100,'TATON',-27.3270120,-67.4747700,3),
	(1101,'TINOGASTA',-28.0637510,-67.5802700,3),
	(1102,'VILISMAN',-28.5021130,-65.4385490,3),
	(1103,'VILLA DE BALCOZNA',-27.8783580,-65.7190760,3),
	(1104,'VILLA DOLORES',-28.4434740,-65.7215360,3),
	(1105,'VILLA LAS PIRQUITAS',-28.2754670,-65.7334310,3),
	(1106,'VILLA VIL',-27.0710810,-66.8307700,3),
	(1107,'YAPES',-26.8289860,-66.0179170,4),
	(1108,'AVIA TERAI',-26.6904270,-60.7309490,4),
	(1109,'BARRANQUERAS',-27.4877740,-58.9327420,4),
	(1110,'BARRIO DE LOS PESCADORES',-27.4480430,-58.8551010,4),
	(1111,'BASAIL',-27.8868660,-59.2791000,4),
	(1112,'CAMPO LARGO',-26.8038640,-60.8423030,4),
	(1113,'CAPITAN SOLARI',-26.8050730,-59.5596520,4),
	(1114,'CHARADAI',-27.6553300,-59.8624460,4),
	(1115,'CHARATA',-27.2200460,-61.1915850,4),
	(1116,'CHOROTIS',-27.9175850,-61.3995690,4),
	(1117,'CIERVO PETISO',-26.5815850,-59.6329800,4),
	(1118,'COLONIA ABORIGEN',-26.9583440,-60.1902370,4),
	(1119,'COLONIA BARANDA',-27.5620450,-59.3096910,4),
	(1120,'COLONIA BENITEZ',-27.3305880,-58.9450100,4),
	(1121,'COLONIA ELISA',-26.9324550,-59.5204850,4),
	(1122,'COLONIA POPULAR',-27.2759310,-59.1523780,4),
	(1123,'COLONIAS UNIDAS',-26.7000970,-59.6277420,4),
	(1124,'CONCEPCION DEL BERMEJO',-26.6022740,-60.9492640,4),
	(1125,'CORONEL DU GRATY',-27.6825710,-60.9091960,4),
	(1126,'CORZUELA',-26.9556760,-60.9707570,4),
	(1127,'COTE LAI',-27.5303120,-59.5765170,4),
	(1128,'EL ESPINILLO',-25.4176700,-60.4139680,4),
	(1129,'EL SAUZAL',-24.5791490,-61.5461700,4),
	(1130,'EL SAUZALITO',-24.4345500,-61.6813720,4),
	(1131,'ENRIQUE URIEN',-27.5587250,-60.5259910,4),
	(1132,'ESTACION GENERAL OBLIGADO',-27.4128680,-59.4201580,4),
	(1133,'FONTANA',-27.4167130,-59.0439380,4),
	(1134,'FORTIN LAS CHU?AS',-26.8891040,-60.9081520,4),
	(1135,'FORTIN LAVALLE',-25.7056310,-60.2037480,4),
	(1136,'FUERTE ESPERANZA',-25.1560600,-61.8424100,4),
	(1137,'GANCEDO',-27.4896490,-61.6738770,4),
	(1138,'GENERAL CAPDEVILA',-27.4231810,-61.4765850,4),
	(1139,'GENERAL JOSE DE SAN MARTIN',-26.5340730,-59.3347110,4),
	(1140,'GENERAL PINEDO',-27.3252980,-61.2822100,4),
	(1141,'GENERAL VEDIA',-26.9349380,-58.6612850,4),
	(1142,'HAUMONIA',-27.5077850,-60.1635280,4),
	(1143,'HERMOSO CAMPO',-27.6105390,-61.3448440,4),
	(1144,'HORQUILLA',-27.5427590,-59.9578540,4),
	(1145,'INGENIERO BARBET',-27.0032120,-59.4825140,4),
	(1146,'ISLA DEL CERRITO',-27.2927850,-58.6178380,4),
	(1147,'ITIN',-27.4876220,-61.3238820,4),
	(1148,'JUAN JOSE CASTELLI',-25.9504150,-60.6243210,4),
	(1149,'LA CLOTILDE',-27.1781990,-60.6315740,4),
	(1150,'LA EDUVIGIS',-26.8374120,-59.0641180,4),
	(1151,'LA ESCONDIDA',-27.1073250,-59.4475330,4),
	(1152,'LA LEONESA',-27.0379600,-58.7069380,4),
	(1153,'LA SABANA',-27.8738010,-59.9395700,4),
	(1154,'LA TIGRA',-27.1157900,-60.5898940,4),
	(1155,'LA VERDE',-27.1297930,-59.3774620,4),
	(1156,'LAGUNA BLANCA',-27.2572200,-59.2340490,4),
	(1157,'LAGUNA LIMPIA',-26.4967010,-59.6799370,4),
	(1158,'LAPACHITO',-27.1587900,-59.3903980,4),
	(1159,'LAS BRE?AS',-27.0885170,-61.0836990,4),
	(1160,'LAS GARCITAS',-26.6193460,-59.8042760,4),
	(1161,'LAS PALMAS',-27.0478980,-58.6795740,4),
	(1162,'LOS FRENTONES',-26.4082980,-61.4134270,4),
	(1163,'MACHAGAI',-26.9287340,-60.0477200,4),
	(1164,'MAKALLE',-27.2116190,-59.2883660,4),
	(1165,'MARGARITA BELEN',-27.2616470,-58.9741470,4),
	(1166,'MESON DE FIERRO',-27.4312290,-61.0177580,4),
	(1167,'MIRAFLORES',-25.6489330,-60.9300400,4),
	(1168,'NAPALPI',-26.9032620,-60.1173840,4),
	(1169,'NAPENAY',-26.7314690,-60.6190290,4),
	(1170,'NUEVA POMPEYA',-24.9334420,-61.4847000,4),
	(1171,'PAMPA ALMIRON',-26.7022480,-59.1237850,4),
	(1172,'PAMPA DEL INDIO',-26.0507150,-59.9412240,4),
	(1173,'PAMPA DEL INFIERNO',-26.5063970,-61.1764900,4),
	(1174,'PAMPA LANDRIEL',-27.3957450,-61.1029790,4),
	(1175,'PRESIDENCIA DE LA PLAZA',-27.0029710,-59.8476000,4),
	(1176,'PRESIDENCIA ROCA',-26.1402010,-59.5968450,4),
	(1177,'PRESIDENCIA ROQUE SAENZ PENA',-26.7916060,-60.4421460,4),
	(1178,'PUERTO BERMEJO NUEVO',-26.9073750,-58.5428320,4),
	(1179,'PUERTO BERMEJO VIEJO',-26.9285480,-58.5063040,4),
	(1180,'PUERTO EVA PERON',-26.6614800,-58.6355820,4),
	(1181,'PUERTO TIROL',-27.3745130,-59.0953160,4),
	(1182,'PUERTO VILELAS',-27.5106090,-58.9389940,4),
	(1183,'QUITILIPI',-26.8732070,-60.2185240,4),
	(1184,'RESISTENCIA',-27.4521190,-58.9876170,4),
	(1185,'RIO MUERTO',-26.3078820,-61.6540440,4),
	(1186,'SAMUHU',-27.5222250,-60.3941750,4),
	(1187,'SAN BERNARDO',-27.2904380,-60.7149740,4),
	(1188,'SANTA SYLVINA',-27.8356010,-61.1361740,4),
	(1189,'SELVAS DEL RIO DE ORO',-26.8044760,-58.9585450,4),
	(1190,'TACO POZO',-25.6156600,-63.2692960,4),
	(1191,'TRES ISLETAS',-26.3378350,-60.4299350,4),
	(1192,'VENADOS GRANDES',-27.8181540,-61.3815660,4),
	(1193,'VILLA ANGELA',-27.5788590,-60.7141120,4),
	(1194,'VILLA BERTHET',-27.2895490,-60.4155960,4),
	(1195,'VILLA EL PALMAR',-26.4551190,-60.1646170,4),
	(1196,'VILLA RIO BERMEJITO',-25.6424410,-60.2629440,4),
	(1197,'WICHI',-24.6913980,-61.4304450,4),
	(1198,'ZAPARINQUI',-26.0673620,-60.5633870,4),
	(1199,'ACCESO NORTE',-45.7828070,-67.5033370,5),
	(1200,'ALDEA APELEG',-44.7052520,-70.8460010,5),
	(1201,'ALDEA BELEIRO',-45.5614640,-71.5181730,5),
	(1202,'ALDEA EPULEF',-43.2341170,-69.7112940,5),
	(1203,'ALDEA ESCOLAR',-43.1198190,-71.5588970,5),
	(1204,'ALTO RIO SENGUER',-45.0476420,-70.8227550,5),
	(1205,'ARROYO VERDE',-42.0119890,-65.3064500,5),
	(1206,'ASTRA',-45.7366080,-67.4852150,5),
	(1207,'BAHIA BUSTAMANTE',-45.1143550,-66.5349170,5),
	(1208,'BARRIO 25 DE MAYO',-45.8248450,-67.4616500,5),
	(1209,'BARRIO CALETA CORDOVA',-45.7482510,-67.3786500,5),
	(1210,'BARRIO CALETA OLIVARES',-45.7757270,-67.3895610,5),
	(1211,'BARRIO CASTELLI',-45.8180470,-67.4820280,5),
	(1212,'BARRIO CIUDADELA',-45.7969340,-67.5038540,5),
	(1213,'BARRIO GASODUCTO',-45.7935760,-67.5039630,5),
	(1214,'BARRIO G?EMES',-45.8217120,-67.4921200,5),
	(1215,'BARRIO LAPRIDA',-45.8286810,-67.5429180,5),
	(1216,'BARRIO MANANTIAL ROSALES',-45.8171960,-67.5384040,5),
	(1217,'BARRIO MILITAR - AEROPUERTO MILITAR',-45.7880200,-67.4666860,5),
	(1218,'BARRIO PROSPERO PALAZZO',-45.7954210,-67.4728320,5),
	(1219,'BARRIO RESTINGA ALI',-45.7933100,-67.4097860,5),
	(1220,'BARRIO RODRIGUEZ PE?A',-45.8042080,-67.4855020,5),
	(1221,'BARRIO SAAVEDRA',-45.8455310,-67.5145850,5),
	(1222,'BARRIO SARMIENTO',-45.8191330,-67.5025870,5),
	(1223,'BARRIO VILLA S.U.P.E.',-45.8367380,-67.5021110,5),
	(1224,'BLANCUNTRE',-42.5683890,-68.9190920,5),
	(1225,'BUEN PASTO',-45.0804230,-69.4497780,5),
	(1226,'BUENOS AIRES CHICO',-42.0687960,-71.2158340,5),
	(1227,'CAMARONES',-44.7982910,-65.7105990,5),
	(1228,'CARRENLEUFU',-43.5856890,-71.7009020,5),
	(1229,'CERRO CONDOR',-43.4233200,-69.1640920,5),
	(1230,'CHOLILA',-42.5105310,-71.4351550,5),
	(1231,'COLAN CONHUE',-43.2425980,-69.9302180,5),
	(1232,'COMODORO RIVADAVIA',-45.8729850,-67.5430560,5),
	(1233,'CORCOVADO',-43.5380020,-71.4659620,5),
	(1234,'COSTA DE CHUBUT',-42.6016260,-70.4575740,5),
	(1235,'CUSHAMEN CENTRO',-42.1766610,-70.6626190,5),
	(1236,'DIADEMA ARGENTINA',-45.7906090,-67.6738930,5),
	(1237,'DIQUE FLORENTINO AMEGHINO',-43.7032850,-66.4794000,5),
	(1238,'DOCTOR RICARDO ROJAS',-45.5870080,-71.0290970,5),
	(1239,'DOLAVON',-43.3092980,-65.7087390,5),
	(1240,'EL ESCORIAL',-43.0980700,-68.5596030,5),
	(1241,'EL HOYO',-42.0679670,-71.5206710,5),
	(1242,'EL MAITEN',-42.0542850,-71.1673150,5),
	(1243,'EL MIRASOL',-43.2852930,-67.7603110,5),
	(1244,'EPUYEN',-42.2329250,-71.3695070,5),
	(1245,'ESQUEL',-42.9133240,-71.3185120,5),
	(1246,'FACUNDO',-45.3192710,-69.9721130,5),
	(1247,'FOFO CAHUEL',-42.3910620,-70.5780780,5),
	(1248,'FRONTERA DE RIO PICO',-44.1988560,-71.6666680,5),
	(1249,'GAIMAN',-43.2888070,-65.4924140,5),
	(1250,'GAN GAN',-42.5232330,-68.2828540,5),
	(1251,'GARAYALDE',-44.6795780,-66.6097360,5),
	(1252,'GASTRE',-42.2656200,-69.2210980,5),
	(1253,'GOBERNADOR COSTA',-44.0529830,-70.5979200,5),
	(1254,'GUALJAINA',-42.7267580,-70.5354880,5),
	(1255,'JOSE DE SAN MARTIN',-44.0545030,-70.4698420,5),
	(1256,'KM. 11 - CUARTELES',-45.7707680,-67.4358050,5),
	(1257,'KM. 3 - GENERAL MOSCONI',-45.8318280,-67.4917100,5),
	(1258,'KM. 5 - PRESIDENTE ORTIZ',-45.7875520,-67.4695740,5),
	(1259,'KM. 8 - DON BOSCO',-45.7988980,-67.4314970,5),
	(1260,'LAGO BLANCO',-45.9468590,-71.2641110,5),
	(1261,'LAGO EPUYEN',-42.2135360,-71.4296630,5),
	(1262,'LAGO PUELO',-42.0672920,-71.5981580,5),
	(1263,'LAGO ROSARIO',-43.2500170,-71.3512320,5),
	(1264,'LAGUNITA SALADA',-42.7167790,-69.1884720,5),
	(1265,'LAS PLUMAS',-43.7223980,-67.2869960,5),
	(1266,'LELEQUE',-42.4288630,-71.0683950,5),
	(1267,'LOS ALTARES',-43.8711930,-68.4301170,5),
	(1268,'LOS CIPRESES',-43.1847150,-71.6413920,5),
	(1269,'PASO DE INDIOS',-43.8663050,-69.0448870,5),
	(1270,'PASO DEL SAPO',-42.7371110,-69.6110020,5),
	(1271,'PLAYA MAGAGNA',-43.3821210,-65.0449330,5),
	(1272,'PLAYA UNION',-43.3219410,-65.0475990,5),
	(1273,'PUERTO MADRYN',-42.7551000,-65.0422300,5),
	(1274,'PUERTO PIRAMIDE',-42.5736170,-64.2836890,5),
	(1275,'QUINTA EL MIRADOR',-42.8115900,-65.0514180,5),
	(1276,'RADA TILLY',-45.9368020,-67.5653960,5),
	(1277,'RAWSON',-43.3010520,-65.0955200,5),
	(1278,'RESERVA AREA PROTEGIDA EL DORADILLO',-42.6456160,-65.0647230,5),
	(1279,'RIO MAYO',-45.6964540,-70.2559800,5),
	(1280,'RIO PICO',-44.1829930,-71.3700570,5),
	(1281,'SARMIENTO',-45.5905200,-69.0706830,5),
	(1282,'TECKA',-43.4935820,-70.8135610,5),
	(1283,'TELSEN',-42.4387510,-66.9414280,5),
	(1284,'TRELEW',-43.2483540,-65.3103810,5),
	(1285,'TREVELIN',-43.0908710,-71.4654850,5),
	(1286,'VILLA FUTALAUFQUEN',-42.9006380,-71.6061540,5),
	(1287,'YALA LAUBAT',-42.7671350,-68.8754220,5),
	(1288,'ACHIRAS',-33.1770180,-64.9944680,6),
	(1289,'ADELIA MARIA',-33.6316200,-64.0208370,6),
	(1290,'AGUA DE ORO',-31.0582280,-64.2955790,6),
	(1291,'ALCIRA',-32.7570650,-64.3378600,6),
	(1292,'ALDEA SANTA MARIA',-33.6948820,-62.9114760,6),
	(1293,'ALEJANDRO ROCA',-33.3564510,-63.7205500,6),
	(1294,'ALEJO LEDESMA',-33.6076130,-62.6261410,6),
	(1295,'ALICIA',-31.9387490,-62.4657950,6),
	(1296,'ALMAFUERTE',-32.1934600,-64.2543870,6),
	(1297,'ALMIRANTE BROWN',-31.3075670,-64.1814830,6),
	(1298,'ALPA CORRAL',-32.6904040,-64.7211710,6),
	(1299,'ALTA GRACIA',-31.6576800,-64.4288210,6),
	(1300,'ALTO ALEGRE',-32.3460950,-62.8853490,6),
	(1301,'ALTO DE LOS QUEBRACHOS',-30.5409660,-65.0384390,6),
	(1302,'ALTO RESBALOSO - EL BARRIAL',-31.9620890,-65.0677900,6),
	(1303,'ALTOS DE CHIPION',-30.9563510,-62.3378880,6),
	(1304,'AMBOY',-32.1759170,-64.5765480,6),
	(1305,'AMBUL',-31.4896830,-65.0566540,6),
	(1306,'ANA ZUMARAN',-32.3908240,-63.0574840,6),
	(1307,'ANISACATE',-31.7231380,-64.4144860,6),
	(1308,'ARIAS',-33.6411630,-62.4027890,6),
	(1309,'ARROYITO',-31.4193910,-63.0503440,6),
	(1310,'ARROYO ALGODON',-32.2019670,-63.1627860,6),
	(1311,'ARROYO CABRAL',-32.4889820,-63.4014790,6),
	(1312,'ARROYO LOS PATOS',-31.7500820,-65.0043000,6),
	(1313,'ARROYO SAN ANTONIO',-32.2620510,-64.5937250,6),
	(1314,'ASCOCHINGA',-30.9594650,-64.2754170,6),
	(1315,'ASSUNTA',-33.6332960,-63.2259060,6),
	(1316,'ATAHONA',-30.9035320,-63.7055650,6),
	(1317,'AUSONIA',-32.6613830,-63.2447970,6),
	(1318,'AVELLANEDA',-30.5946760,-64.2078390,6),
	(1319,'BALLESTEROS',-32.5453820,-62.9833010,6),
	(1320,'BALLESTEROS SUR',-32.5885970,-63.0270390,6),
	(1321,'BALNEARIA',-31.0107080,-62.6671040,6),
	(1322,'BA?ADO DE SOTO',-30.8044360,-65.0436620,6),
	(1323,'BARRIO GILBERT 1? DE MAYO)',-31.4406010,-64.3177470,6),
	(1324,'BARRIO LAS QUINTAS',-31.5502930,-64.4334260,6),
	(1325,'BARRIO NUEVO RIO CEBALLOS',-31.1980230,-64.2887920,6),
	(1326,'BARRIO SANTA ISABEL',-30.8375270,-64.5367000,6),
	(1327,'BARRIO VILLA DEL PARQUE',-31.7772190,-64.5320780,6),
	(1328,'BELL VILLE',-32.6285600,-62.6891150,6),
	(1329,'BENGOLEA',-33.0274170,-63.6719280,6),
	(1330,'BENJAMIN GOULD',-33.5901200,-62.7303890,6),
	(1331,'BERROTARAN',-32.4528670,-64.3854400,6),
	(1332,'BIALET MASSE',-31.3214290,-64.4818700,6),
	(1333,'BOUWER',-31.5576670,-64.1944660,6),
	(1334,'BRINCKMANN',-30.8665250,-62.0356520,6),
	(1335,'BULNES',-33.5032820,-64.6755740,6),
	(1336,'CABALANGO',-31.3931050,-64.5635650,6),
	(1337,'CALCHIN',-31.6679360,-63.2006870,6),
	(1338,'CALCHIN OESTE',-31.8633870,-63.2781680,6),
	(1339,'CAMILO ALDAO',-33.1237410,-62.0965950,6),
	(1340,'CAMINIAGA',-30.0682250,-64.0528760,6),
	(1341,'CAMPOS DEL VIRREY',-31.5854350,-64.3439770,6),
	(1342,'CANALS',-33.5623830,-62.8855970,6),
	(1343,'CANDELARIA SUR',-30.8392310,-63.8008470,6),
	(1344,'CANTERAS EL SAUCE',-31.0864140,-64.3145340,6),
	(1345,'CANTERAS QUILPO',-30.8666930,-64.6829010,6),
	(1346,'CA?ADA DE LUQUE',-30.7370880,-63.7236620,6),
	(1347,'CA?ADA DE MACHADO',-31.4289240,-63.5870260,6),
	(1348,'CA?ADA DE RIO PINTO',-30.7759180,-64.2182970,6),
	(1349,'CA?ADA DEL SAUCE',-32.3679990,-64.6425220,6),
	(1350,'CAPILLA DE LOS REMEDIOS',-31.4302070,-63.8321500,6),
	(1351,'CAPILLA DE SITON',-30.5729640,-63.6517420,6),
	(1352,'CAPILLA DEL CARMEN',-31.5081680,-63.3421350,6),
	(1353,'CAPILLA DEL MONTE',-30.8563970,-64.5262690,6),
	(1354,'CAPILLA VIEJA',-31.9420270,-64.6165410,6),
	(1355,'CAPITAN GENERAL BERNARDO O`HIGGINS',-33.2472030,-62.2697380,6),
	(1356,'CARNERILLO',-32.9153140,-64.0256580,6),
	(1357,'CARRILOBO',-31.8716470,-63.1165070,6),
	(1358,'CASA BAMBA',-31.3429020,-64.3992720,6),
	(1359,'CASA GRANDE',-31.1697130,-64.4776210,6),
	(1360,'CASEROS CENTRO',-31.5292560,-64.1688670,6),
	(1361,'CAUSANA',-31.4637910,-64.4124510,6),
	(1362,'CAVANAGH',-33.4783350,-62.3393460,6),
	(1363,'CERRO COLORADO',-30.0960600,-63.9287730,6),
	(1364,'CHAJAN',-33.5563360,-65.0052700,6),
	(1365,'CHALACEA',-30.7545710,-63.5682270,6),
	(1366,'CHANCANI',-31.4172820,-65.4453420,6),
	(1367,'CHA?AR VIEJO',-30.0139610,-63.8503750,6),
	(1368,'CHARBONIER',-30.7720870,-64.5441600,6),
	(1369,'CHARRAS',-33.0241680,-64.0458260,6),
	(1370,'CHAZON',-33.0772600,-63.2754350,6),
	(1371,'CHILIBROSTE',-32.3325970,-62.5136000,6),
	(1372,'CHUCUL',-33.0089550,-64.1712490,6),
	(1373,'CHU?A',-30.4687270,-64.6712290,6),
	(1374,'CHU?A HUASI',-29.9138370,-64.1299820,6),
	(1375,'CHURQUI CA?ADA',-30.1681570,-63.9295890,6),
	(1376,'CIENAGA DEL CORO',-31.0381140,-65.2775890,6),
	(1377,'CINTRA',-32.3081480,-62.6531180,6),
	(1378,'CIUDAD DE LOS NI?OS',-31.2957200,-64.1768690,6),
	(1379,'COLAZO',-31.9642930,-63.3834010,6),
	(1380,'COLONIA 10 DE JULIO',-30.5273760,-62.1142180,6),
	(1381,'COLONIA ALMADA',-32.0333460,-63.8628850,6),
	(1382,'COLONIA ANITA',-31.1438630,-62.2135860,6),
	(1383,'COLONIA BARGE',-33.2585410,-62.6081630,6),
	(1384,'COLONIA BISMARCK',-33.3003020,-62.7132990,6),
	(1385,'COLONIA BREMEN',-33.4634970,-62.7323850,6),
	(1386,'COLONIA CAROYA',-31.0172320,-64.0667290,6),
	(1387,'COLONIA ITALIANA',-33.3119180,-62.1807990,6),
	(1388,'COLONIA ITURRASPE',-31.2071430,-62.1099180,6),
	(1389,'COLONIA LAS CUATRO ESQUINAS',-31.1735850,-63.3375920,6),
	(1390,'COLONIA LAS PICHANAS',-31.2454070,-62.9256660,6),
	(1391,'COLONIA MARINA',-31.2485070,-62.3639650,6),
	(1392,'COLONIA PROSPERIDAD',-31.6304970,-62.3663610,6),
	(1393,'COLONIA SAN BARTOLOME',-31.5283220,-62.7244930,6),
	(1394,'COLONIA SAN PEDRO',-30.7836020,-61.9175640,6),
	(1395,'COLONIA SANTA MARIA',-31.6057750,-62.4278880,6),
	(1396,'COLONIA TIROLESA',-31.2357860,-64.0672540,6),
	(1397,'COLONIA VALTELINA',-31.0529550,-62.2354380,6),
	(1398,'COLONIA VEINTICINCO',-32.8883680,-61.9347830,6),
	(1399,'COLONIA VICENTE AGUERO',-31.0277850,-64.0190460,6),
	(1400,'COLONIA VIDELA',-31.9175040,-63.5047160,6),
	(1401,'COLONIA VIGNAUD',-30.8416240,-61.9558390,6),
	(1402,'CONLARA',-32.0788610,-65.2312590,6),
	(1403,'COPACABANA',-30.6113490,-64.5555690,6),
	(1404,'CORDOBA',-31.4177430,-64.1896010,6),
	(1405,'CORONEL BAIGORRIA',-32.8495480,-64.3598590,6),
	(1406,'CORONEL MOLDES',-33.6230870,-64.5971030,6),
	(1407,'CORRAL DE BUSTOS',-33.2816220,-62.1854510,6),
	(1408,'CORRAL QUEMADO',-30.9890350,-64.3778450,6),
	(1409,'CORRALITO',-32.0252570,-64.1931590,6),
	(1410,'COSQUIN',-31.2405710,-64.4655310,6),
	(1411,'COSTA AZUL',-31.7247290,-64.3939270,6),
	(1412,'COSTASACATE',-31.6470980,-63.7598960,6),
	(1413,'COUNTRY CHACRAS DE LA VILLA',-31.2982310,-64.2371420,6),
	(1414,'COUNTRY SAN ISIDRO',-31.3055340,-64.2480170,6),
	(1415,'CRUZ ALTA',-33.0069950,-61.8109730,6),
	(1416,'CRUZ CA?A',-32.2779030,-65.0273780,6),
	(1417,'CRUZ DE CA?A',-31.0662470,-64.9425320,6),
	(1418,'CRUZ DEL EJE',-30.7218590,-64.8077380,6),
	(1419,'CUESTA BLANCA',-31.4787780,-64.5773470,6),
	(1420,'DALMACIO VELEZ',-32.6108730,-63.5798840,6),
	(1421,'DEAN FUNES',-30.4229410,-64.3516700,6),
	(1422,'DEL CAMPILLO',-34.3760850,-64.4945400,6),
	(1423,'DESPE?ADEROS',-31.8170520,-64.2889890,6),
	(1424,'DEVOTO',-31.4039810,-62.3061390,6),
	(1425,'DIEGO DE ROJAS',-31.0286400,-63.3402800,6),
	(1426,'DIQUE CHICO',-31.7518520,-64.3627640,6),
	(1427,'DOS ARROYOS',-31.8716870,-64.9927500,6),
	(1428,'DUMESNIL',-31.3321160,-64.3336600,6),
	(1429,'EL ALCALDE',-31.1161400,-63.6017410,6),
	(1430,'EL ARA?ADO',-31.7412330,-62.8933440,6),
	(1431,'EL BRETE',-30.6722100,-64.8699070,6),
	(1432,'EL CHACHO',-30.8017970,-65.6440520,6),
	(1433,'EL CORCOVADO - EL TORREON',-32.1497590,-64.5015910,6),
	(1434,'EL CRISPIN',-31.0179720,-63.6051650,6),
	(1435,'EL DIQUECITO',-31.3589140,-64.3650930,6),
	(1436,'EL DURAZNO',-32.1695660,-64.7747710,6),
	(1437,'EL FORTIN',-31.9672500,-62.3026290,6),
	(1438,'EL FUERTECITO',-31.4039350,-62.9733660,6),
	(1439,'EL HUAYCO',-31.8458480,-64.9560920,6),
	(1440,'EL MANZANO',-31.0817620,-64.2998320,6),
	(1441,'EL PANTANILLO',-31.8862650,-64.9906520,6),
	(1442,'EL POTRERILLO',-31.6456180,-64.4816170,6),
	(1443,'EL PUEBLITO',-31.1065560,-64.2971950,6),
	(1444,'EL PUEBLITO',-31.9510970,-65.0721510,6),
	(1445,'EL RASTREADOR',-33.6644790,-63.5392370,6),
	(1446,'EL RINCON',-30.7397210,-64.6484920,6),
	(1447,'EL RODEO',-30.1760790,-63.8679640,6),
	(1448,'EL TIO',-31.3845490,-62.8284740,6),
	(1449,'EL TUSCAL',-29.7574370,-64.5298990,6),
	(1450,'EL VALLE',-31.9510970,-65.0721510,6),
	(1451,'ELENA',-32.5720680,-64.3929520,6),
	(1452,'EMBALSE',-32.2065080,-64.4006230,6),
	(1453,'ESQUINA',-31.0772910,-63.7935630,6),
	(1454,'ESQUINA DEL ALAMBRE',-30.6016120,-64.9074030,6),
	(1455,'ESTACION COLONIA TIROLESA',-31.2735550,-64.0150550,6),
	(1456,'ESTACION LECUEDER',-34.4964110,-64.8094620,6),
	(1457,'ESTACION LUXARDO',-31.3047490,-62.1333020,6),
	(1458,'ESTANCIA DE GUADALUPE',-31.1242100,-65.2269000,6),
	(1459,'ESTANCIA VIEJA',-31.3842600,-64.5173310,6),
	(1460,'ETRURIA',-32.9405160,-63.2472570,6),
	(1461,'EUFRASIO LOZA',-29.9247230,-63.5889150,6),
	(1462,'FALDA DEL CA?ETE',-31.5345240,-64.4559550,6),
	(1463,'FALDA DEL CARMEN',-31.5854630,-64.4548810,6),
	(1464,'FREYRE',-31.1647320,-62.0976330,6),
	(1465,'GENERAL BALDISSERA',-33.1220170,-62.3037210,6),
	(1466,'GENERAL CABRERA',-32.8118910,-63.8736970,6),
	(1467,'GENERAL DEHEZA',-32.7549290,-63.7850380,6),
	(1468,'GENERAL FOTHERINGHAM',-32.3234300,-63.8704260,6),
	(1469,'GENERAL LEVALLE',-34.0098320,-63.9225370,6),
	(1470,'GENERAL PAZ',-31.1341190,-64.1410060,6),
	(1471,'GENERAL ROCA',-32.7305120,-61.9171390,6),
	(1472,'GUANACO MUERTO',-30.4794130,-65.0597630,6),
	(1473,'GUASAPAMPA',-31.0975360,-65.3281880,6),
	(1474,'GUATIMOZIN',-33.4617410,-62.4391430,6),
	(1475,'GUI?AZU NORTE',-31.3067150,-64.1703250,6),
	(1476,'GUTEMBERG',-29.7227090,-63.5149950,6),
	(1477,'HERNANDO',-32.4276150,-63.7330120,6),
	(1478,'HIPOLITO BOUCHARD',-34.7223140,-63.5080130,6),
	(1479,'HUANCHILLAS',-33.6655230,-63.6372620,6),
	(1480,'HUERTA GRANDE',-31.0600930,-64.4843040,6),
	(1481,'HUINCA RENANCO',-34.8397250,-64.3724880,6),
	(1482,'IDIAZABAL',-32.8131430,-63.0329100,6),
	(1483,'IMPIRA',-31.7965930,-63.6511210,6),
	(1484,'INRIVILLE',-32.9438410,-62.2305490,6),
	(1485,'ISLA VERDE',-33.2401070,-62.4044270,6),
	(1486,'ITALO',-34.7911820,-63.7812080,6),
	(1487,'JAMES CRAIK',-32.1613060,-63.4651920,6),
	(1488,'JARDIN ARENALES',-31.3686410,-64.0603030,6),
	(1489,'JESUS MARIA',-30.9811940,-64.0957710,6),
	(1490,'JOSE DE LA QUINTANA',-31.8034930,-64.4188570,6),
	(1491,'JUAREZ CELMAN',-31.2570230,-64.1651660,6),
	(1492,'JUSTINIANO POSSE',-32.8835800,-62.6802770,6),
	(1493,'KILOMETRO 658',-31.3701810,-63.5326030,6),
	(1494,'LA BANDA',-30.7628590,-64.6459840,6),
	(1495,'LA BATEA',-30.4417650,-65.4238390,6),
	(1496,'LA BOCA DEL RIO',-31.8374170,-64.4336410,6),
	(1497,'LA CALERA',-31.3430960,-64.3302280,6),
	(1498,'LA CARBONADA',-31.5285690,-64.0712560,6),
	(1499,'LA CARLOTA',-33.4201680,-63.2969800,6),
	(1500,'LA CAROLINA',-33.1868430,-64.7251130,6),
	(1501,'LA CAUTIVA',-33.9785910,-64.0842990,6),
	(1502,'LA CESIRA',-33.9518610,-62.9744890,6),
	(1503,'LA CORTADERA',-31.6686680,-65.3723940,6),
	(1504,'LA CRUZ',-32.3034060,-64.4831090,6),
	(1505,'LA CUMBRE',-30.9792460,-64.4909090,6),
	(1506,'LA CUMBRECITA',-31.8969640,-64.7751590,6),
	(1507,'LA DONOSA',-31.6430310,-64.3453830,6),
	(1508,'LA FALDA',-31.0919650,-64.4864420,6),
	(1509,'LA FLORESTA',-31.3961490,-64.0609140,6),
	(1510,'LA FRANCIA',-31.4064380,-62.6343580,6),
	(1511,'LA GILDA',-33.2082960,-64.2584450,6),
	(1512,'LA GRANJA',-31.0054370,-64.2616780,6),
	(1513,'LA HIGUERA',-31.0139550,-65.1020310,6),
	(1514,'LA LAGUNA',-32.8014150,-63.2440050,6),
	(1515,'LA MORADA',-31.3050730,-64.2625840,6),
	(1516,'LA PAISANITA',-31.7194210,-64.4779150,6),
	(1517,'LA PALESTINA',-32.6155880,-63.4092350,6),
	(1518,'LA PAMPA',-30.9432200,-64.2765350,6),
	(1519,'LA PAQUITA',-30.9070550,-62.2154360,6),
	(1520,'LA PARA',-30.8925360,-63.0010660,6),
	(1521,'LA PAZ',-32.2172750,-65.0511160,6),
	(1522,'LA PERLA',-31.4425580,-64.3484860,6),
	(1523,'LA PLAYA',-31.0350260,-65.3453120,6),
	(1524,'LA PLAYOSA',-32.0996950,-63.0325290,6),
	(1525,'LA POBLACION',-32.0660030,-65.0309090,6),
	(1526,'LA POSTA',-30.5653600,-63.5163050,6),
	(1527,'LA PUERTA',-31.1419300,-64.0402190,6),
	(1528,'LA PUERTA',-30.8926050,-63.2532710,6),
	(1529,'LA QUINTA',-31.0622590,-63.1501280,6),
	(1530,'LA RAMADA',-32.2996520,-65.0361510,6),
	(1531,'LA RANCHERITA',-31.7574680,-64.4486900,6),
	(1532,'LA RINCONADA',-30.1846540,-62.8301430,6),
	(1533,'LA SERRANITA',-31.7331340,-64.4564150,6),
	(1534,'LA TORDILLA',-31.2352450,-63.0599040,6),
	(1535,'LA TRAVESIA',-32.1066760,-65.0637590,6),
	(1536,'LABORDE',-33.1529890,-62.8560740,6),
	(1537,'LABOULAYE',-34.1236120,-63.3886460,6),
	(1538,'LAGUNA LARGA',-31.7783990,-63.8027370,6),
	(1539,'LAS ACEQUIAS',-33.2822490,-63.9758760,6),
	(1540,'LAS ALBAHACAS',-32.8924930,-64.8435920,6),
	(1541,'LAS ARRIAS',-30.3812830,-63.5966640,6),
	(1542,'LAS BAJADAS',-32.0954060,-64.3310540,6),
	(1543,'LAS CALERAS',-32.3893610,-64.5185920,6),
	(1544,'LAS CALLES',-31.8206860,-64.9717610,6),
	(1545,'LAS CA?ADAS',-30.9332480,-64.7189760,6),
	(1546,'LAS CHACRAS',-31.9402020,-65.0211560,6),
	(1547,'LAS CHACRAS',-32.2418450,-65.0340960,6),
	(1548,'LAS CORZUELAS',-31.2408960,-64.2618870,6),
	(1549,'LAS GRAMILLAS',-31.0882560,-63.2418440,6),
	(1550,'LAS HIGUERAS',-33.0892420,-64.2868230,6),
	(1551,'LAS ISLETILLAS',-32.5100980,-63.9290230,6),
	(1552,'LAS JARILLAS',-31.5182260,-64.5345930,6),
	(1553,'LAS JUNTURAS',-31.8313970,-63.4506360,6),
	(1554,'LAS MOJARRAS',-32.3029690,-63.2328560,6),
	(1555,'LAS OSCURAS',-31.6633720,-65.3190950,6),
	(1556,'LAS PALMAS',-31.3800080,-65.2899760,6),
	(1557,'LAS PE?AS',-32.5348510,-64.1052290,6),
	(1558,'LAS PE?AS',-30.5617530,-64.0019840,6),
	(1559,'LAS PERDICES',-32.6981880,-63.7083100,6),
	(1560,'LAS PLAYAS',-30.6895900,-64.8508830,6),
	(1561,'LAS RABONAS',-31.8544490,-64.9870970,6),
	(1562,'LAS SALADAS',-30.7594680,-63.2035030,6),
	(1563,'LAS TAPIAS',-31.9522280,-65.1014220,6),
	(1564,'LAS VARAS',-31.8012920,-62.6171050,6),
	(1565,'LAS VARILLAS',-31.8731140,-62.7187950,6),
	(1566,'LAS VERTIENTES',-33.2839460,-64.5781460,6),
	(1567,'LEGUIZAMON',-34.2040790,-62.9768890,6),
	(1568,'LEONES',-32.6583910,-62.2999150,6),
	(1569,'LOMA BOLA',-32.2189300,-65.0285130,6),
	(1570,'LOS CALLEJONES',-31.9322690,-65.2330650,6),
	(1571,'LOS CEDROS',-31.5571770,-64.4028320,6),
	(1572,'LOS CERRILLOS',-31.9737900,-65.4376440,6),
	(1573,'LOS CHA?ARITOS',-31.4021380,-63.3321030,6),
	(1574,'LOS CHA?ARITOS',-30.5724820,-64.9410780,6),
	(1575,'LOS CISNES',-33.4000600,-63.4716520,6),
	(1576,'LOS COCOS',-30.9269770,-64.5026120,6),
	(1577,'LOS CONDORES',-32.3211280,-64.2810080,6),
	(1578,'LOS HORNILLOS',-31.9017350,-64.9900890,6),
	(1579,'LOS HOYOS',-29.8024340,-63.6273620,6),
	(1580,'LOS MISTOLES',-30.6259740,-63.8867270,6),
	(1581,'LOS MOLINOS',-31.8582900,-64.3750580,6),
	(1582,'LOS MOLLES',-31.0167070,-64.2253880,6),
	(1583,'LOS MOLLES',-31.9620950,-65.0383140,6),
	(1584,'LOS POZOS',-30.5154520,-64.2664450,6),
	(1585,'LOS REARTES',-31.9198560,-64.5755040,6),
	(1586,'LOS SURGENTES',-32.9843830,-62.0237040,6),
	(1587,'LOS TALARES',-31.3754120,-65.0386010,6),
	(1588,'LOS ZORROS',-32.0459280,-63.2017980,6),
	(1589,'LOZADA',-31.6484550,-64.0899800,6),
	(1590,'LUCA',-32.5401980,-63.4762540,6),
	(1591,'LUCIO V. MANSILLA',-29.8063720,-64.7065410,6),
	(1592,'LUQUE',-31.6468740,-63.3447980,6),
	(1593,'LUTTI',-32.2989440,-64.7254380,6),
	(1594,'LUYABA',-32.1483420,-65.0566190,6),
	(1595,'MALAGUE?O',-31.4648050,-64.3584260,6),
	(1596,'MALENA',-33.4893410,-64.4320010,6),
	(1597,'MALLIN',-31.2976750,-64.5749810,6),
	(1598,'MALVINAS ARGENTINAS',-31.3677030,-64.0503200,6),
	(1599,'MANFREDI',-31.8440590,-63.7460750,6),
	(1600,'MAQUINISTA GALLINI',-30.9074420,-63.5321190,6),
	(1601,'MARCOS JUAREZ',-32.6913100,-62.1057950,6),
	(1602,'MARULL',-30.9945230,-62.8258400,6),
	(1603,'MATORRALES',-31.7144720,-63.5118520,6),
	(1604,'MATTALDI',-34.4803870,-64.1695030,6),
	(1605,'MAYU SUMAJ',-31.4668650,-64.5427630,6),
	(1606,'MEDIA NARANJA',-30.6233100,-64.9515410,6),
	(1607,'MELO',-34.3483190,-63.4471710,6),
	(1608,'MENDIOLAZA',-31.2634680,-64.3038340,6),
	(1609,'MI GRANJA',-31.3501110,-63.9996450,6),
	(1610,'MI VALLE',-31.5725910,-64.3341910,6),
	(1611,'MILENICA',-31.4572740,-64.4057110,6),
	(1612,'MINA CLAVERO',-31.7267840,-65.0055330,6),
	(1613,'MIRAMAR',-30.9145160,-62.6749180,6),
	(1614,'MONTE BUEY',-32.9175280,-62.4576580,6),
	(1615,'MONTE DE LOS GAUCHOS',-33.6368880,-63.8900070,6),
	(1616,'MONTE DEL ROSARIO',-30.9826030,-63.6017850,6),
	(1617,'MONTE LE?A',-32.6112900,-62.5903410,6),
	(1618,'MONTE MAIZ',-33.2045620,-62.6012480,6),
	(1619,'MONTE RALO',-31.9115750,-64.2399920,6),
	(1620,'MONTECRISTO',-31.3438540,-63.9457740,6),
	(1621,'MORRISON',-32.5936420,-62.8360080,6),
	(1622,'MORTEROS',-30.7107060,-62.0044440,6),
	(1623,'MUSSI',-31.4273240,-65.0756890,6),
	(1624,'NICOLAS BRUZZONE',-34.4382300,-64.3383710,6),
	(1625,'NOETINGER',-32.3667420,-62.3120720,6),
	(1626,'NONO',-31.7955700,-65.0034040,6),
	(1627,'OBISPO TREJO',-30.7811920,-63.4130490,6),
	(1628,'OLAETA',-33.0434820,-63.9085960,6),
	(1629,'OLIVA',-32.0413170,-63.5693820,6),
	(1630,'OLIVARES DE SAN NICOLAS',-30.6020500,-64.8433650,6),
	(1631,'ONAGOITY',-34.7703020,-63.6703230,6),
	(1632,'ONCATIVO',-31.9128360,-63.6836820,6),
	(1633,'ORDO?EZ',-32.8412720,-62.8660550,6),
	(1634,'PACHECO DE MELO',-33.7600580,-63.4898590,6),
	(1635,'PAJAS BLANCAS',-31.2146360,-64.2768260,6),
	(1636,'PAMPAYASTA NORTE',-32.2416830,-63.6421870,6),
	(1637,'PAMPAYASTA SUR',-32.2507580,-63.6510140,6),
	(1638,'PANAHOLMA',-31.6268930,-65.0586660,6),
	(1639,'PARQUE CALMAYO',-32.0237440,-64.4641640,6),
	(1640,'PARQUE NORTE',-31.3000750,-64.1767430,6),
	(1641,'PASCANAS',-33.1249870,-63.0426960,6),
	(1642,'PASCO',-32.7470040,-63.3411250,6),
	(1643,'PASO DEL DURAZNO',-33.1700680,-64.0496310,6),
	(1644,'PASO DEL DURAZNO',-33.1704550,-64.0478670,6),
	(1645,'PASO VIEJO',-30.7686840,-65.1864700,6),
	(1646,'PILAR',-31.6804520,-63.8814980,6),
	(1647,'PINCEN',-34.8379290,-63.9155800,6),
	(1648,'PIQUILLIN',-31.2995840,-63.7591050,6),
	(1649,'PLAZA DE MERCEDES',-30.9780510,-63.2596190,6),
	(1650,'PLAZA LUXARDO',-31.3017470,-62.2291670,6),
	(1651,'PLAZA SAN FRANCISCO',-31.3698060,-62.0980390,6),
	(1652,'PORTE?A',-31.0139210,-62.0633290,6),
	(1653,'POTRERO DE GARAY',-31.7824160,-64.5424070,6),
	(1654,'POZO DEL MOLLE',-32.0194390,-62.9199180,6),
	(1655,'POZO NUEVO',-29.5775460,-64.1071000,6),
	(1656,'PUEBLO COMECHINGONES',-31.1685490,-63.6075820,6),
	(1657,'PUEBLO ITALIANO',-33.8807230,-62.8407250,6),
	(1658,'PUESTO DE CASTRO',-30.2390820,-63.4916850,6),
	(1659,'PUNTA DEL AGUA',-32.5754280,-63.8101580,6),
	(1660,'QUEBRACHO HERRADO',-31.5496020,-62.2257310,6),
	(1661,'QUEBRACHO LADEADO',-32.2570960,-65.0309210,6),
	(1662,'QUEBRADA DE LOS POZOS',-31.9074950,-65.0344580,6),
	(1663,'QUEBRADA DE LUNA',-30.7949900,-64.5210980,6),
	(1664,'QUILINO',-30.2159550,-64.5029780,6),
	(1665,'RAFAEL GARCIA',-31.6465370,-64.2584790,6),
	(1666,'RAMON J. CARCANO',-32.4911090,-63.1028080,6),
	(1667,'RANQUELES',-34.8436940,-64.0987740,6),
	(1668,'RAYO CORTADO',-30.0742590,-63.8249820,6),
	(1669,'RINCON',-31.5953850,-63.6155410,6),
	(1670,'RIO BAMBA',-34.0511210,-63.7321530,6),
	(1671,'RIO CEBALLOS',-31.1748540,-64.3096760,6),
	(1672,'RIO CUARTO',-33.1242630,-64.3487380,6),
	(1673,'RIO DE LOS SAUCES',-32.5265600,-64.5869530,6),
	(1674,'RIO PRIMERO',-31.3291840,-63.6218670,6),
	(1675,'RIO SEGUNDO',-31.6501540,-63.9118630,6),
	(1676,'RIO TERCERO',-32.1731010,-64.1130560,6),
	(1677,'ROSALES',-34.1717910,-63.1534800,6),
	(1678,'ROSARIO DEL SALADILLO',-30.4293370,-63.4478620,6),
	(1679,'SACANTA',-31.6633040,-63.0453210,6),
	(1680,'SAGRADA FAMILIA',-31.2897280,-63.4454720,6),
	(1681,'SAIRA',-32.4064120,-62.1029830,6),
	(1682,'SALADILLO',-32.9331600,-62.3428770,6),
	(1683,'SALDAN',-31.3142700,-64.3129040,6),
	(1684,'SALSACATE',-31.3151620,-65.0910260,6),
	(1685,'SALSIPUEDES',-31.1349270,-64.2873330,6),
	(1686,'SAMPACHO',-33.3845380,-64.7219850,6),
	(1687,'SAN AGUSTIN',-31.9763160,-64.3733070,6),
	(1688,'SAN ANTONIO DE ARREDONDO',-31.4782260,-64.5289350,6),
	(1689,'SAN ANTONIO DE LITIN',-32.2128610,-62.6330070,6),
	(1690,'SAN BASILIO',-33.4978540,-64.3151830,6),
	(1691,'SAN CARLOS MINAS',-31.1755900,-65.1017050,6),
	(1692,'SAN CLEMENTE',-31.7166550,-64.6265870,6),
	(1693,'SAN ESTEBAN',-30.9199780,-64.5360040,6),
	(1694,'SAN FRANCISCO',-31.4276090,-62.0866340,6),
	(1695,'SAN FRANCISCO DEL CHA?AR',-29.7882610,-63.9430700,6),
	(1696,'SAN GERONIMO',-31.3409520,-64.9131950,6),
	(1697,'SAN HUBERTO',-31.8325290,-64.9856730,6),
	(1698,'SAN IGNACIO LOTEO SAN JAVIER)',-32.1667860,-64.5163970,6),
	(1699,'SAN IGNACIO LOTEO VELEZ CRESPO)',-32.0994510,-64.5337590,6),
	(1700,'SAN JAVIER Y YACANTO',-32.0266520,-65.0275520,6),
	(1701,'SAN JOAQUIN',-34.5106400,-63.7132750,6),
	(1702,'SAN JOSE',-31.9573260,-65.3152080,6),
	(1703,'SAN JOSE DE LA DORMIDA',-30.3546020,-63.9466530,6),
	(1704,'SAN JOSE DE LAS SALINAS',-30.0090770,-64.6251340,6),
	(1705,'SAN LORENZO',-31.6822280,-65.0255690,6),
	(1706,'SAN MARCOS',-32.6303280,-62.4819710,6),
	(1707,'SAN MARCOS SIERRA',-30.7803420,-64.6468520,6),
	(1708,'SAN MARTIN',-31.8969860,-65.5246630,6),
	(1709,'SAN NICOLAS',-31.4364880,-64.4538960,6),
	(1710,'SAN PEDRO',-31.9368240,-65.2192400,6),
	(1711,'SAN PEDRO DE GUTEMBERG',-29.6982280,-63.5610810,6),
	(1712,'SAN PEDRO DE TOYOS',-30.4541580,-64.4475690,6),
	(1713,'SAN PEDRO NORTE',-30.0887590,-64.1559540,6),
	(1714,'SAN ROQUE',-31.3496900,-64.4599290,6),
	(1715,'SAN ROQUE DEL LAGO',-31.3266870,-64.4544690,6),
	(1716,'SAN SEVERO',-33.5383250,-63.0479280,6),
	(1717,'SAN VICENTE',-31.8549850,-65.4304500,6),
	(1718,'SANABRIA',-32.5275600,-63.2479620,6),
	(1719,'SANTA CATALINA',-33.2059380,-64.4348160,6),
	(1720,'SANTA CATALINA',-30.8726240,-64.2313500,6),
	(1721,'SANTA ELENA',-31.2593060,-64.0753190,6),
	(1722,'SANTA ELENA',-30.1174760,-63.8438050,6),
	(1723,'SANTA EUFEMIA',-33.1767530,-63.2820360,6),
	(1724,'SANTA MAGDALENA',-34.5147370,-63.9415110,6),
	(1725,'SANTA MARIA DE PUNILLA',-31.2703320,-64.4653360,6),
	(1726,'SANTA MONICA',-32.0665950,-64.5791020,6),
	(1727,'SANTA ROSA DE CALAMUCHITA',-32.0731570,-64.5447320,6),
	(1728,'SANTA ROSA DE RIO PRIMERO',-31.1514770,-63.4015910,6),
	(1729,'SANTIAGO TEMPLE',-31.3871250,-63.4182080,6),
	(1730,'SARMIENTO',-30.7741940,-64.1089870,6),
	(1731,'SATURNINO MARIA LASPIUR',-31.7029320,-62.4840180,6),
	(1732,'SAUCE ARRIBA',-31.9143830,-65.1687930,6),
	(1733,'SEBASTIAN ELCANO',-30.1614460,-63.5934500,6),
	(1734,'SEEBER',-30.9239730,-61.9737370,6),
	(1735,'SEGUNDA USINA',-32.1650430,-64.3784230,6),
	(1736,'SERRANO',-34.4699820,-63.5375600,6),
	(1737,'SERREZUELA',-30.6392030,-65.3813010,6),
	(1738,'SILVIO PELLICO',-32.2506340,-62.9316500,6),
	(1739,'SIMBOLAR',-30.4752560,-63.9850400,6),
	(1740,'SINSACATE',-30.9428570,-64.0884970,6),
	(1741,'SOCAVONES',-31.5300870,-64.1457830,6),
	(1742,'SOLAR DE LOS MOLINOS',-31.8262220,-64.5197800,6),
	(1743,'SUCO',-33.4394730,-64.8316610,6),
	(1744,'TALA CA?ADA',-31.3570290,-64.9764520,6),
	(1745,'TALA HUASI',-31.4724470,-64.5651510,6),
	(1746,'TALAINI',-31.2496920,-65.1672000,6),
	(1747,'TANCACHA',-32.2402070,-63.9799470,6),
	(1748,'TANINGA',-31.3454000,-65.0801170,6),
	(1749,'TANTI',-31.3549070,-64.5909560,6),
	(1750,'TASNA',-31.6303410,-65.1483380,6),
	(1751,'TEJAS TRES',-31.4661290,-64.3670950,6),
	(1752,'TICINO',-32.6919270,-63.4353040,6),
	(1753,'TIERRA ALTA',-31.4723030,-64.4707950,6),
	(1754,'TINOCO',-31.1238790,-63.8923780,6),
	(1755,'TIO PUJIO',-32.2863740,-63.3540180,6),
	(1756,'TOLEDO',-31.5560970,-64.0080540,6),
	(1757,'TORO PUJIO',-31.1090400,-62.9876510,6),
	(1758,'TOSNO',-30.9499430,-65.3099280,6),
	(1759,'TOSQUITAS',-33.8188250,-64.4569330,6),
	(1760,'TRANSITO',-31.4251110,-63.1954040,6),
	(1761,'TUCLAME',-30.7485280,-65.2375410,6),
	(1762,'UCACHA',-33.0334390,-63.5082570,6),
	(1763,'UNQUILLO',-31.2319730,-64.3177430,6),
	(1764,'VALLE ALEGRE',-31.6082130,-64.4403680,6),
	(1765,'VALLE DE ANISACATE',-31.7314780,-64.4129620,6),
	(1766,'VALLE HERMOSO',-31.1172890,-64.4842530,6),
	(1767,'VIAMONTE',-33.7470670,-63.0989060,6),
	(1768,'VICU?A MACKENNA',-33.9172360,-64.3902220,6),
	(1769,'VILLA ALBERTINA',-32.4342180,-63.1844590,6),
	(1770,'VILLA ALLENDE',-31.2922070,-64.2950080,6),
	(1771,'VILLA ALPINA',-31.9532610,-64.8132540,6),
	(1772,'VILLA AMANCAY',-32.1863930,-64.5704530,6),
	(1773,'VILLA ASCASUBI',-32.1643580,-63.8925590,6),
	(1774,'VILLA BERNA',-31.9052380,-64.7428820,6),
	(1775,'VILLA CANDELARIA NORTE',-29.8162960,-63.3548390,6),
	(1776,'VILLA CARLOS PAZ',-31.4182380,-64.4933450,6),
	(1777,'VILLA CERRO AZUL',-31.0702140,-64.3197330,6),
	(1778,'VILLA CIUDAD DE AMERICA',-31.7932200,-64.5139260,6),
	(1779,'VILLA CIUDAD PARQUE LOS REARTES',-31.9091580,-64.5456890,6),
	(1780,'VILLA CIUDAD PARQUE LOS REARTES 3? SECCION)',-31.9091580,-64.5456890,6),
	(1781,'VILLA CIUDAD PARQUES LOS REARTES 1? SECCION)',-31.9091580,-64.5456890,6),
	(1782,'VILLA CONCEPCION DEL TIO',-31.3224690,-62.8144750,6),
	(1783,'VILLA CORAZON DE MARIA',-31.4435290,-63.9963790,6),
	(1784,'VILLA CURA BROCHERO',-31.7063690,-65.0191110,6),
	(1785,'VILLA DE LAS ROSAS',-31.9521740,-65.0539140,6),
	(1786,'VILLA DE MARIA',-29.9043580,-63.7223190,6),
	(1787,'VILLA DE POCHO',-31.4880890,-65.2830350,6),
	(1788,'VILLA DE SOTO',-30.8529770,-64.9925000,6),
	(1789,'VILLA DEL DIQUE',-32.1696840,-64.4567950,6),
	(1790,'VILLA DEL PRADO',-31.6174540,-64.3910630,6),
	(1791,'VILLA DEL ROSARIO',-31.5540110,-63.5341490,6),
	(1792,'VILLA DEL TOTORAL',-30.7038440,-64.0682990,6),
	(1793,'VILLA DEL TRANSITO',-31.4474040,-63.1940140,6),
	(1794,'VILLA DOLORES',-31.9440430,-65.1961400,6),
	(1795,'VILLA EL CHACAY',-32.8937270,-64.8675140,6),
	(1796,'VILLA EL TALA',-32.2542670,-64.5850040,6),
	(1797,'VILLA ELISA',-32.7487780,-62.3306740,6),
	(1798,'VILLA FLOR SERRANA',-31.3864690,-64.6003660,6),
	(1799,'VILLA FONTANA',-30.8940090,-63.1159180,6),
	(1800,'VILLA GENERAL BELGRANO',-31.9808240,-64.5606190,6),
	(1801,'VILLA GIARDINO',-31.0362770,-64.4928900,6),
	(1802,'VILLA GUTIERREZ',-30.6569510,-64.1819590,6),
	(1803,'VILLA HUIDOBRO',-34.8371820,-64.5833570,6),
	(1804,'VILLA LA BOLSA',-31.7287880,-64.4324170,6),
	(1805,'VILLA LA RIVERA',-32.2667330,-64.5204930,6),
	(1806,'VILLA LA VI?A',-31.8727710,-65.0372750,6),
	(1807,'VILLA LAGO AZUL',-31.3740260,-64.4831120,6),
	(1808,'VILLA LOS AROMOS',-31.7359600,-64.4389280,6),
	(1809,'VILLA LOS LLANOS',-31.2757010,-64.1626840,6),
	(1810,'VILLA LOS PATOS',-32.7637450,-62.7277950,6),
	(1811,'VILLA MARIA',-32.4120840,-63.2499950,6),
	(1812,'VILLA NUEVA',-32.4288250,-63.2493590,6),
	(1813,'VILLA OESTE',-32.4343320,-63.2875590,6),
	(1814,'VILLA PARQUE SANTA ANA',-31.5917320,-64.3503000,6),
	(1815,'VILLA PARQUE SIQUIMAN',-31.3457170,-64.4802570,6),
	(1816,'VILLA PASTORA',-31.3069070,-64.1785310,6),
	(1817,'VILLA QUILINO',-30.2101160,-64.4775670,6),
	(1818,'VILLA QUILLINZO',-32.2384370,-64.5210500,6),
	(1819,'VILLA REDUCCION',-33.2014560,-63.8622210,6),
	(1820,'VILLA RIO ICHO CRUZ',-31.4791070,-64.5627470,6),
	(1821,'VILLA ROSSI',-34.2979370,-63.2685400,6),
	(1822,'VILLA RUMIPAL',-32.1893810,-64.4792060,6),
	(1823,'VILLA SAN ESTEBAN',-31.6335470,-62.8967670,6),
	(1824,'VILLA SAN ISIDRO - JOSE DE LA QUINTANA',-31.8208260,-64.3935280,6),
	(1825,'VILLA SAN JOSE',-31.2796130,-64.5653440,6),
	(1826,'VILLA SAN MIGUEL',-31.8582900,-64.3750580,6),
	(1827,'VILLA SANTA CRUZ DEL LAGO',-31.3693230,-64.5205370,6),
	(1828,'VILLA SANTA EUGENIA',-32.6651070,-64.7415020,6),
	(1829,'VILLA SARMIENTO',-34.1216200,-64.7240500,6),
	(1830,'VILLA SARMIENTO',-31.9366570,-65.1917970,6),
	(1831,'VILLA SIERRAS DE ORO',-31.4579360,-64.4217150,6),
	(1832,'VILLA TULUMBA',-30.3974820,-64.1231770,6),
	(1833,'VILLA VALERIA',-34.3408530,-64.9178450,6),
	(1834,'VILLA YACANTO',-32.1037830,-64.7541030,6),
	(1835,'WASHINGTON',-33.8733680,-64.6886180,6),
	(1836,'WENCESLAO ESCALANTE',-33.1720230,-62.7700000,6),
	(1837,'YOCSINA',-31.4470580,-64.3660750,6),
	(1838,'ALVEAR',-29.0985990,-56.5521630,7),
	(1839,'BELLA VISTA',-28.5076770,-59.0443330,7),
	(1840,'BERON DE ASTRADA',-27.5506230,-57.5376250,7),
	(1841,'BONPLAND',-29.8203740,-57.4296480,7),
	(1842,'CAZADORES CORRENTINOS',-29.9787830,-58.3024360,7),
	(1843,'CHAVARRIA',-28.9549220,-58.5716490,7),
	(1844,'COLONIA CARLOS PELLEGRINI',-28.5373400,-57.1712310,7),
	(1845,'COLONIA CAROLINA',-29.1457710,-59.1820840,7),
	(1846,'COLONIA LIBERTAD',-30.0439760,-57.8235190,7),
	(1847,'COLONIA LIEBIGS',-27.9156590,-55.8233290,7),
	(1848,'COLONIA PANDO',-28.5252150,-58.4869350,7),
	(1849,'CONCEPCION',-28.3924910,-57.8866810,7),
	(1850,'CORRIENTES',-27.4632820,-58.8392330,7),
	(1851,'CRUZ DE LOS MILAGROS',-28.8357350,-59.0068580,7),
	(1852,'CURUZU CUATIA',-29.7915230,-58.0499450,7),
	(1853,'EL SOMBRERO',-27.7035440,-58.7686060,7),
	(1854,'EMPEDRADO',-27.9524560,-58.8074760,7),
	(1855,'ESQUINA',-30.0159280,-59.5309810,7),
	(1856,'ESTACION LIBERTAD',-30.0125290,-57.8591300,7),
	(1857,'ESTACION TORRENT',-28.8266240,-56.4695260,7),
	(1858,'FELIPE YOFRE',-29.1059200,-58.3424750,7),
	(1859,'GARRUCHOS',-28.1729440,-55.6513320,7),
	(1860,'GOBERNADOR IGR.VALENTIN VIRASORO',-28.0455570,-56.0190200,7),
	(1861,'GOBERNADOR JUAN E. MARTINEZ',-28.9108690,-58.9359580,7),
	(1862,'GOYA',-29.1413440,-59.2605310,7),
	(1863,'GUAVIRAVI',-29.3669870,-56.8292390,7),
	(1864,'INGENIO PRIMER CORRENTINO',-27.4336720,-58.6243280,7),
	(1865,'ITA IBATE',-27.4250660,-57.3376990,7),
	(1866,'ITATI',-27.2693040,-58.2434780,7),
	(1867,'ITUZAINGO',-27.5910430,-56.7039740,7),
	(1868,'JOSE R. GOMEZ',-28.2260140,-55.7844090,7),
	(1869,'JUAN PUJOL',-30.4178960,-57.8560690,7),
	(1870,'LA CRUZ',-29.1736580,-56.6450160,7),
	(1871,'LAGUNA BRAVA',-27.4928280,-58.7167660,7),
	(1872,'LAVALLE',-29.0249810,-59.1818570,7),
	(1873,'LOMAS DE VALLEJOS',-27.7329660,-57.9193850,7),
	(1874,'LORETO',-27.7684510,-57.2748390,7),
	(1875,'MARIANO I. LOZA',-29.3763670,-58.1960230,7),
	(1876,'MBURUCUYA',-28.0460570,-58.2249840,7),
	(1877,'MERCEDES',-29.1833890,-58.0742360,7),
	(1878,'MOCORETA',-30.6176800,-57.9628250,7),
	(1879,'MONTE CASEROS',-30.2515530,-57.6388140,7),
	(1880,'NUESTRA SE?ORA DEL ROSARIO DE CAA CATI',-27.7519960,-57.6225140,7),
	(1881,'PALMAR GRANDE',-27.9407690,-57.9009160,7),
	(1882,'PARADA ACU?A',-29.9084820,-57.9581770,7),
	(1883,'PARADA LABOUGLE',-30.3190400,-57.7289870,7),
	(1884,'PARADA PUCHETA',-29.9053450,-57.5743690,7),
	(1885,'PASO DE LA PATRIA',-27.3150060,-58.5720140,7),
	(1886,'PASO DE LOS LIBRES',-29.7117000,-57.0877440,7),
	(1887,'PEDRO R. FERNANDEZ',-28.7505430,-58.6545370,7),
	(1888,'PERUGORRIA',-29.3404800,-58.6080890,7),
	(1889,'PUEBLO LIBERTADOR',-30.2195810,-59.3906030,7),
	(1890,'RAMADA PASO',-27.3659290,-58.3003090,7),
	(1891,'RIACHUELO',-27.5811450,-58.7419830,7),
	(1892,'SALADAS',-28.2553370,-58.6238010,7),
	(1893,'SAN ANTONIO',-27.5073850,-56.7411670,7),
	(1894,'SAN CARLOS',-27.7457850,-55.9000480,7),
	(1895,'SAN CAYETANO',-27.5712100,-58.6958800,7),
	(1896,'SAN COSME',-27.3711800,-58.5115290,7),
	(1897,'SAN LORENZO',-28.1314600,-58.7668320,7),
	(1898,'SAN LUIS DEL PALMAR',-27.5081080,-58.5554740,7),
	(1899,'SAN MIGUEL',-27.9947740,-57.5919540,7),
	(1900,'SAN ROQUE',-28.5732310,-58.7100570,7),
	(1901,'SANTA ANA',-27.4550910,-58.6530390,7),
	(1902,'SANTA LUCIA',-28.9847970,-59.1017580,7),
	(1903,'SANTA ROSA',-28.2674260,-58.1220610,7),
	(1904,'SANTO TOME',-28.5511590,-56.0420860,7),
	(1905,'SAUCE',-30.0867530,-58.7879620,7),
	(1906,'TABAY',-28.3062680,-58.2862970,7),
	(1907,'TAPEBICUA',-29.5043110,-56.9760310,7),
	(1908,'TATACUA',-28.3720750,-58.3252900,7),
	(1909,'VILLA CORDOBA',-28.9940340,-59.0774380,7),
	(1910,'VILLA OLIVARI',-27.6329470,-56.9062010,7),
	(1911,'YAHAPE',-27.3704270,-57.6552250,7),
	(1912,'YAPEYU',-29.4706320,-56.8158360,7),
	(1913,'YATAYTI CALLE',-29.0295900,-58.9097320,7),
	(1914,'ALCARAZ',-31.4565890,-59.5991390,8),
	(1915,'ALDEA ASUNCION',-32.8251720,-59.2312380,8),
	(1916,'ALDEA BRASILERA',-31.8922860,-60.5917980,8),
	(1917,'ALDEA GRAPSCHENTAL',-31.9563720,-60.4961050,8),
	(1918,'ALDEA MARIA LUISA',-31.8847290,-60.4087460,8),
	(1919,'ALDEA PROTESTANTE',-32.0308330,-60.5643360,8),
	(1920,'ALDEA SALTO',-31.9260360,-60.5483850,8),
	(1921,'ALDEA SAN ANTONIO',-32.6253280,-58.7031970,8),
	(1922,'ALDEA SAN FRANCISCO',-31.9625680,-60.6357130,8),
	(1923,'ALDEA SAN JUAN',-31.9982240,-60.3583820,8),
	(1924,'ALDEA SAN JUAN',-32.7037890,-58.7790630,8),
	(1925,'ALDEA SAN RAFAEL',-31.9598300,-60.2558760,8),
	(1926,'ALDEA SANTA MARIA',-31.6128700,-60.0070720,8),
	(1927,'ALDEA SANTA ROSA',-32.0164540,-60.2411070,8),
	(1928,'ALDEA SPATZENKUTTER',-31.9485290,-60.5803970,8),
	(1929,'ALDEA VALLE MARIA',-31.9922440,-60.5878500,8),
	(1930,'ALTAMIRANO SUR',-32.0888340,-59.1740710,8),
	(1931,'ANTELO',-32.5338100,-60.0356970,8),
	(1932,'ARANGUREN',-32.2443130,-60.1627990,8),
	(1933,'ARROYO BARU',-31.8673630,-58.4457030,8),
	(1934,'BASAVILBASO',-32.3725730,-58.8785610,8),
	(1935,'BENITO LEGEREN',-31.4288790,-58.0768060,8),
	(1936,'BETBEDER',-32.3741010,-59.9380820,8),
	(1937,'BOVRIL',-31.3428910,-59.4467310,8),
	(1938,'CALABACILLA',-31.5076260,-58.1334350,8),
	(1939,'CASEROS',-32.4642770,-58.4780720,8),
	(1940,'CEIBAS',-33.4994120,-58.8003540,8),
	(1941,'CERRITO',-31.5821710,-60.0740220,8),
	(1942,'CHAJARI',-30.7540760,-57.9841630,8),
	(1943,'CLODOMIRO LEDESMA',-31.5794030,-58.1813680,8),
	(1944,'COLON',-32.2232180,-58.1419670,8),
	(1945,'COLONIA ALEMANA',-30.8961590,-58.0221580,8),
	(1946,'COLONIA AVELLANEDA',-31.7680690,-60.4050220,8),
	(1947,'COLONIA AVIGDOR',-31.1853380,-59.4079820,8),
	(1948,'COLONIA AYUI',-31.2050900,-58.0338900,8),
	(1949,'COLONIA CRESPO',-31.6777730,-60.2436880,8),
	(1950,'COLONIA ELIA',-32.6723720,-58.3251190,8),
	(1951,'COLONIA ENSAYO',-31.8672570,-60.5752900,8),
	(1952,'COLONIA GENERAL ROCA',-31.3244070,-58.1214100,8),
	(1953,'COLONIA HUGUES',-32.2963660,-58.2329680,8),
	(1954,'COLONIA PE?A',-30.7974920,-58.1756380,8),
	(1955,'CONCEPCION DEL URUGUAY',-32.4853600,-58.2320520,8),
	(1956,'CONCORDIA',-31.3687040,-58.0450290,8),
	(1957,'CONSCRIPTO BERNARDI',-31.0477780,-59.0867390,8),
	(1958,'CRESPO',-32.0346490,-60.3107510,8),
	(1959,'DIAMANTE',-32.0671550,-60.6377370,8),
	(1960,'DON CRISTOBAL',-32.0752590,-59.9943230,8),
	(1961,'DURAZNO',-31.9865850,-59.2804620,8),
	(1962,'EL BRILLANTE',-32.1797670,-58.2122330,8),
	(1963,'EL CIMARRON',-30.9868630,-58.9777570,8),
	(1964,'EL COLORADO',-32.1819020,-58.1918560,8),
	(1965,'EL PALENQUE',-31.6625750,-60.1751140,8),
	(1966,'EL PINGO',-31.5838500,-59.8938070,8),
	(1967,'EL RAMBLON',-31.8480470,-60.0927490,8),
	(1968,'EL SOLAR',-31.1810120,-59.7328840,8),
	(1969,'ENRIQUE CARBO',-33.1478480,-59.2089400,8),
	(1970,'ESTACION ARROYO CLE',-32.6338910,-59.4016110,8),
	(1971,'ESTACION CAMPS',-32.1133210,-60.2299020,8),
	(1972,'ESTACION ESCRI?A',-32.5932360,-58.9037420,8),
	(1973,'ESTACION LAZO',-32.8718400,-59.4223490,8),
	(1974,'ESTACION PUIGGARI',-32.0602300,-60.4435730,8),
	(1975,'ESTACION RAICES',-31.9082480,-59.2606930,8),
	(1976,'ESTACION YERUA',-31.4694330,-58.2636680,8),
	(1977,'ESTACION YUQUERI',-31.3963810,-58.1611540,8),
	(1978,'ESTANCIA GRANDE',-31.4400280,-58.1246630,8),
	(1979,'FAUSTINO M. PARERA',-32.8044310,-58.8826330,8),
	(1980,'FEBRE',-32.4774520,-59.9217120,8),
	(1981,'FEDERACION',-30.9900720,-57.9183480,8),
	(1982,'FEDERAL',-30.9513340,-58.7851420,8),
	(1983,'GENERAL ALMADA',-32.8376330,-58.8038160,8),
	(1984,'GENERAL ALVEAR',-31.9494540,-60.6779500,8),
	(1985,'GENERAL CAMPOS',-31.5246080,-58.4047740,8),
	(1986,'GENERAL GALARZA',-32.7212710,-59.3958890,8),
	(1987,'GENERAL RACEDO',-31.9840160,-60.4083910,8),
	(1988,'GENERAL RAMIREZ',-32.1772710,-60.1985610,8),
	(1989,'GILBERT',-32.5306030,-58.9339530,8),
	(1990,'GOBERNADOR ECHAGUE',-32.3933700,-59.2758890,8),
	(1991,'GOBERNADOR MANSILLA',-32.5464910,-59.3561470,8),
	(1992,'GOBERNADOR SOLA',-32.3372060,-59.3710910,8),
	(1993,'GUALEGUAY',-33.1485560,-59.3150160,8),
	(1994,'GUALEGUAYCHU',-33.0100330,-58.5164260,8),
	(1995,'GUARDAMONTE',-32.0826360,-59.3082770,8),
	(1996,'HAMBIS',-31.9629510,-58.5082060,8),
	(1997,'HASENKAMP',-31.5133050,-59.8369700,8),
	(1998,'HERNANDARIAS',-31.2324500,-59.9872580,8),
	(1999,'HERNANDEZ',-32.3380690,-60.0301400,8),
	(2000,'HERRERA',-32.4346140,-58.6330140,8),
	(2001,'HOCKER',-32.0874960,-58.3417060,8),
	(2002,'IBICUY',-33.7437860,-59.1550370,8),
	(2003,'INGENIERO MIGUEL SAJAROFF',-31.9569340,-58.8491170,8),
	(2004,'IRAZUSTA',-32.9269370,-58.9534830,8),
	(2005,'JUBILEO',-31.7336730,-58.6340380,8),
	(2006,'LA CLARITA',-31.9771380,-58.3917630,8),
	(2007,'LA CRIOLLA',-31.2693710,-58.1060430,8),
	(2008,'LA JAULA',-31.8327180,-60.6048470,8),
	(2009,'LA JUANITA',-31.8753770,-60.6491220,8),
	(2010,'LA PAZ',-30.7415410,-59.6433540,8),
	(2011,'LA PICADA',-31.7267100,-60.2971790,8),
	(2012,'LARROQUE',-33.0354240,-59.0018540,8),
	(2013,'LAS GUACHAS',-32.4700080,-59.1726630,8),
	(2014,'LAS MOSCAS',-32.0926670,-58.9575920,8),
	(2015,'LAS TEJAS',-31.4119400,-58.0740080,8),
	(2016,'LAS TUNAS',-31.8706100,-59.7324360,8),
	(2017,'LIBAROS',-32.2629480,-58.9066110,8),
	(2018,'LOS CHARRUAS',-31.1707840,-58.1873840,8),
	(2019,'LOS CONQUISTADORES',-30.5944070,-58.4682630,8),
	(2020,'LUCAS GONZALEZ',-32.3859290,-59.5313000,8),
	(2021,'MACIA',-32.1724410,-59.3986790,8),
	(2022,'MARIA GRANDE',-31.6660720,-59.9044380,8),
	(2023,'MEDANOS',-33.4361000,-59.0675950,8),
	(2024,'MOLINO DOLL',-32.3100410,-60.4202060,8),
	(2025,'NOGOYA',-32.3956420,-59.7880760,8),
	(2026,'NUEVA ESCOCIA',-31.6473160,-58.0158130,8),
	(2027,'NUEVA VIZCAYA',-30.9685150,-58.6127480,8),
	(2028,'ORO VERDE',-31.8257360,-60.5182730,8),
	(2029,'PARAJE LA VIRGEN',-31.9173630,-60.6531970,8),
	(2030,'PARANA',-31.7415680,-60.5284150,8),
	(2031,'PASO DE LA LAGUNA',-31.8057650,-59.1651610,8),
	(2032,'PASTOR BRITOS',-32.7697430,-58.9070200,8),
	(2033,'PEDERNAL',-31.6714730,-58.2307910,8),
	(2034,'PIEDRAS BLANCAS',-31.1859580,-59.9521590,8),
	(2035,'PRONUNCIAMIENTO',-32.3456510,-58.4438590,8),
	(2036,'PUEBLO BELLOCQ',-31.4287140,-59.7457890,8),
	(2037,'PUEBLO BRUGO',-31.3883020,-60.0938330,8),
	(2038,'PUEBLO CAZES',-32.0030490,-58.4934830,8),
	(2039,'PUEBLO GENERAL BELGRANO',-33.0162890,-58.4760440,8),
	(2040,'PUEBLO GENERAL SAN MARTIN',-31.4636060,-60.1679620,8),
	(2041,'PUEBLO LIEBIGS',-32.1570050,-58.1976620,8),
	(2042,'PUEBLO MORENO',-31.5884910,-60.0648930,8),
	(2043,'PUERTO LAS CUEVAS',-32.3342280,-60.4872900,8),
	(2044,'PUERTO RUIZ',-33.2198400,-59.3630340,8),
	(2045,'PUERTO YERUA',-31.5308340,-58.0128950,8),
	(2046,'ROCAMORA',-32.3459730,-58.9697450,8),
	(2047,'ROSARIO DEL TALA',-32.3026340,-59.1445790,8),
	(2048,'SAN BENITO',-31.7815220,-60.4419740,8),
	(2049,'SAN GUSTAVO',-30.6905070,-59.3994540,8),
	(2050,'SAN JAIME DE LA FRONTERA',-30.3396270,-58.3080920,8),
	(2051,'SAN JOSE',-32.2021610,-58.2095930,8),
	(2052,'SAN JOSE DE FELICIANO',-30.3852710,-58.7515720,8),
	(2053,'SAN PEDRO',-30.7571890,-58.0818710,8),
	(2054,'SAN RAMON',-30.8091640,-58.2191270,8),
	(2055,'SAN SALVADOR',-31.6255230,-58.5040740,8),
	(2056,'SAN VICTOR',-30.4869280,-59.0316520,8),
	(2057,'SANTA ANA',-30.9004970,-57.9310810,8),
	(2058,'SANTA ANITA',-32.1762470,-58.7864820,8),
	(2059,'SANTA ELENA',-30.9466590,-59.7882850,8),
	(2060,'SAUCE DE LUNA',-31.2384740,-59.2202830,8),
	(2061,'SAUCE MONTRULL',-31.7463190,-60.3552300,8),
	(2062,'SAUCE PINTO',-31.8442990,-60.3747480,8),
	(2063,'SEGUI',-31.9588750,-60.1269830,8),
	(2064,'SIR LEONARD',-31.3896680,-59.5032120,8),
	(2065,'SOSA',-31.7385740,-59.9115080,8),
	(2066,'STROBEL',-32.0585360,-60.6108080,8),
	(2067,'TABOSSI',-31.8047080,-59.9379150,8),
	(2068,'TEZANOS PINTO',-31.8735460,-60.4970240,8),
	(2069,'UBAJAY',-31.7925730,-58.3158520,8),
	(2070,'URDINARRAIN',-32.6881310,-58.8889950,8),
	(2071,'VIALE',-31.8714330,-60.0099230,8),
	(2072,'VICTORIA',-32.6205970,-60.1533130,8),
	(2073,'VILLA ADELA',-31.4037430,-58.0394130,8),
	(2074,'VILLA CLARA',-31.8301000,-58.8233900,8),
	(2075,'VILLA DEL ROSARIO',-30.7968320,-57.9115720,8),
	(2076,'VILLA DOMINGUEZ',-31.9870150,-58.9634180,8),
	(2077,'VILLA ELISA',-32.1606200,-58.4037480,8),
	(2078,'VILLA FONTANA',-31.9086470,-60.4683520,8),
	(2079,'VILLA GOBERNADOR LUIS F. ETCHEVEHERE',-31.9342860,-60.4279740,8),
	(2080,'VILLA LIBERTADOR SAN MARTIN',-32.0697560,-60.4624460,8),
	(2081,'VILLA MANTERO',-32.3987090,-58.7440640,8),
	(2082,'VILLA PARANACITO',-33.7156240,-58.6597630,8),
	(2083,'VILLA SAN JUSTO',-32.4463200,-58.4359140,8),
	(2084,'VILLA SAN MARCIAL',-32.1800620,-58.9301270,8),
	(2085,'VILLA URQUIZA',-31.6507510,-60.3775860,8),
	(2086,'VILLA ZORRAQUIN',-31.3299510,-58.0174850,8),
	(2087,'VILLAGUAY',-31.8654410,-59.0290630,8),
	(2088,'XX DE SETIEMBRE',-32.3866240,-59.6630740,8),
	(2089,'BANCO PAYAGUA',-26.7071300,-58.3390750,9),
	(2090,'BARTOLOME DE LAS CASAS',-25.4941220,-59.6120580,9),
	(2091,'BUENA VISTA',-25.0712120,-58.3867800,9),
	(2092,'CLORINDA',-25.2921610,-57.7178090,9),
	(2093,'COLONIA CAMPO VILLAFA?E',-26.2048680,-59.0780330,9),
	(2094,'COLONIA PASTORIL',-25.6701400,-58.2626300,9),
	(2095,'COLONIA SARMIENTO',-24.6444790,-59.4332810,9),
	(2096,'COMANDANTE FONTANA',-25.3347930,-59.6828070,9),
	(2097,'COMUNIDAD ABORIGEN BARTOLOME DE LAS CASAS',-25.3482560,-59.6147620,9),
	(2098,'EL COLORADO',-26.3117350,-59.3684430,9),
	(2099,'EL ESPINILLO',-24.9799890,-58.5537880,9),
	(2100,'EL POTRILLO',-23.1607660,-62.0107790,9),
	(2101,'EL QUEBRACHO',-23.3394870,-61.8734660,9),
	(2102,'EL RECREO',-25.0663150,-59.2513510,9),
	(2103,'ESTANISLAO DEL CAMPO',-25.0531920,-60.0939270,9),
	(2104,'FORMOSA',-26.1828220,-58.1733930,9),
	(2105,'FORTIN CABO 1? LUGONES',-24.2854860,-59.8282500,9),
	(2106,'FORTIN SARGENTO 1? LEYES',-24.5503050,-59.3902720,9),
	(2107,'GENERAL LUCIO V MANSILLA',-26.6541800,-58.6293210,9),
	(2108,'GENERAL MOSCONI',-23.1827190,-62.3040690,9),
	(2109,'GRAN GUARDIA',-25.8628500,-58.8859920,9),
	(2110,'GUADALCAZAR',-23.6823940,-61.1611090,9),
	(2111,'HERRADURA',-26.4874650,-58.3122420,9),
	(2112,'IBARRETA',-25.2113190,-59.8570400,9),
	(2113,'INGENIERO GUILLERMO N. JUAREZ',-23.8976000,-61.8538220,9),
	(2114,'JUAN G. BAZAN',-24.5418140,-60.8341900,9),
	(2115,'LA RINCONADA',-23.4942750,-61.5763890,9),
	(2116,'LA SOLEDAD',-24.1490610,-60.6923240,9),
	(2117,'LAGUNA BLANCA',-25.1302520,-58.2458430,9),
	(2118,'LAGUNA GALLO',-25.2677750,-58.7427950,9),
	(2119,'LAGUNA NAICK-NECK',-25.2193910,-58.1230790,9),
	(2120,'LAGUNA YEMA',-24.2554650,-61.2439980,9),
	(2121,'LAMADRID',-23.9376980,-60.7400990,9),
	(2122,'LAS LOMITAS',-24.7105780,-60.5937890,9),
	(2123,'LOS CHIRIGUANOS',-24.0986840,-61.4675870,9),
	(2124,'MARIANO BOEDO',-26.1106360,-58.4884270,9),
	(2125,'MISION TACAAGLE',-24.9796510,-58.8227430,9),
	(2126,'MOJON DE FIERRO',-26.0345120,-58.0499310,9),
	(2127,'PALMA SOLA',-25.2475510,-57.9768400,9),
	(2128,'PALO SANTO',-25.5639060,-59.3360060,9),
	(2129,'PIRANE',-25.7306420,-59.1075210,9),
	(2130,'PORTON NEGRO',-24.9663600,-58.7419750,9),
	(2131,'POSTA CAMBIO ZALAZAR',-24.2115850,-60.1986670,9),
	(2132,'POZO DE MAZA',-23.5691830,-61.7055330,9),
	(2133,'POZO DEL MORTERO',-24.4064400,-61.0313140,9),
	(2134,'POZO DEL TIGRE',-24.8976000,-60.3187890,9),
	(2135,'PUERTO PILCOMAYO',-25.3688130,-57.6524940,9),
	(2136,'RIACHO HE-HE',-25.3617120,-58.2782520,9),
	(2137,'RIACHO NEGRO',-25.4224320,-57.7914550,9),
	(2138,'SAN FRANCISCO DE LAISHI',-26.2423010,-58.6300640,9),
	(2139,'SAN HILARIO',-26.0248680,-58.6500730,9),
	(2140,'SAN MARTIN I',-24.5319050,-59.9020510,9),
	(2141,'SAN MARTIN II',-24.4331530,-59.6563520,9),
	(2142,'SIETE PALMAS',-25.2015080,-58.3306760,9),
	(2143,'SUBTENIENTE PERIN',-25.5350400,-60.0190830,9),
	(2144,'TATANE',-26.3987190,-58.3575600,9),
	(2145,'TRES LAGUNAS',-25.2153640,-58.5132690,9),
	(2146,'VACA PERDIDA',-23.4948650,-61.6499980,9),
	(2147,'VILLA DEL CARMEN',-26.2522590,-58.2525530,9),
	(2148,'VILLA ESCOLAR',-26.6211840,-58.6718340,9),
	(2149,'VILLA GENERAL GUEMES',-24.7529460,-59.4916410,9),
	(2150,'VILLA GENERAL MANUEL BELGRANO',-24.9388280,-59.0290880,9),
	(2151,'VILLA KILOMETRO 213',-26.1864630,-59.3683950,9),
	(2152,'ABDON CASTRO TOLAY',-23.3419370,-66.0901010,10),
	(2153,'ABRA PAMPA',-22.7223530,-65.6965050,10),
	(2154,'ABRALAITE',-23.1692060,-65.7944000,10),
	(2155,'AGUA DE CASTILLA',-23.2167370,-65.8082740,10),
	(2156,'AGUAS CALIENTES',-24.5838760,-64.9235270,10),
	(2157,'APARZO',-23.0992150,-65.1865390,10),
	(2158,'ARRAYANAL',-24.1768080,-64.8403330,10),
	(2159,'ARROYO COLORADO',-24.3365560,-64.6635810,10),
	(2160,'BANANAL',-23.5654400,-64.5011630,10),
	(2161,'BARCENA',-23.9826100,-65.4550930,10),
	(2162,'BARRIO EL MILAGRO',-24.4610010,-65.1190580,10),
	(2163,'BARRIO LA UNION',-24.4043300,-65.0697400,10),
	(2164,'BARRIOS',-22.2477580,-65.5290430,10),
	(2165,'BERMEJITO',-23.7881110,-64.7300580,10),
	(2166,'CAIMANCITO',-23.7390270,-64.5927670,10),
	(2167,'CALILEGUA',-23.7758080,-64.7714500,10),
	(2168,'CANGREJILLOS',-22.4237910,-65.5798720,10),
	(2169,'CARAHUNCO',-24.3076480,-65.0834470,10),
	(2170,'CASA COLORADA',-22.3253950,-66.2837650,10),
	(2171,'CASABINDO',-22.9850220,-66.0328010,10),
	(2172,'CASIRA',-21.9788190,-65.8958560,10),
	(2173,'CASPALA',-23.3626170,-65.0914950,10),
	(2174,'CATUA',-23.8697880,-67.0052750,10),
	(2175,'CENTRO FORESTAL',-24.2287300,-65.1776470,10),
	(2176,'CHALICAN',-24.0701320,-64.8068640,10),
	(2177,'CIANZO',-23.1732330,-65.1578180,10),
	(2178,'CIENEGA',-22.1769690,-66.4139610,10),
	(2179,'CIENEGUILLAS',-22.1009000,-65.8672100,10),
	(2180,'COCHINOCA',-22.7442650,-65.8951220,10),
	(2181,'COCTACA',-23.1543350,-65.2936640,10),
	(2182,'COLONIA SAN JOSE',-23.4023540,-65.3910450,10),
	(2183,'CORANZULI',-23.0145480,-66.3666370,10),
	(2184,'COYAGUAIMA',-22.7704440,-66.4404270,10),
	(2185,'CUSI CUSI',-22.3402230,-66.4926400,10),
	(2186,'DON EMILIO',-24.3167330,-64.9078890,10),
	(2187,'EL ACHERAL',-24.4035870,-64.8010500,10),
	(2188,'EL AGUILAR',-23.2139850,-65.6788750,10),
	(2189,'EL ANGOSTO',-21.8764900,-66.1886430,10),
	(2190,'EL CARMEN',-24.3891100,-65.2605450,10),
	(2191,'EL CEIBAL',-24.3013920,-65.2794380,10),
	(2192,'EL CONDOR',-22.3866190,-65.3395950,10),
	(2193,'EL FUERTE',-24.2605600,-64.4155130,10),
	(2194,'EL MORENO',-23.8509120,-65.8316510,10),
	(2195,'EL PIQUETE',-24.1791480,-64.6776330,10),
	(2196,'EL PUESTO',-24.1989200,-64.7892890,10),
	(2197,'EL QUEMADO',-24.1058570,-64.8230620,10),
	(2198,'EL TALAR',-23.5555610,-64.3643100,10),
	(2199,'EL TORO',-23.0836530,-66.7015910,10),
	(2200,'FLEMING',-24.5873760,-64.9240580,10),
	(2201,'FRAILE PINTADO',-23.9420210,-64.8029450,10),
	(2202,'GUERRERO',-24.1859720,-65.4487120,10),
	(2203,'HIPOLITO YRIGOYEN',-22.9790990,-65.3527980,10),
	(2204,'HUACALERA',-23.4369570,-65.3498230,10),
	(2205,'HUANCAR',-23.5638430,-66.4093160,10),
	(2206,'HUMAHUACA',-23.2118260,-65.3507420,10),
	(2207,'JAMA',-23.2381700,-67.0272650,10),
	(2208,'JUELLA',-23.5175110,-65.4081710,10),
	(2209,'LA ALMONA',-24.2656800,-65.3972040,10),
	(2210,'LA CIENEGA',-21.9606330,-66.2630850,10),
	(2211,'LA ESPERANZA',-24.1691300,-64.7828730,10),
	(2212,'LA INTERMEDIA',-22.4230490,-65.7004230,10),
	(2213,'LA MANGA',-24.1910270,-64.8471400,10),
	(2214,'LA MENDIETA',-24.3164920,-64.9670190,10),
	(2215,'LA QUIACA',-22.1064370,-65.5957260,10),
	(2216,'LA REDONDA',-22.5294610,-65.5222830,10),
	(2217,'LA TOMA',-24.3374800,-65.3652400,10),
	(2218,'LAGUNILLAS DE FARALLON',-22.4621490,-66.6281060,10),
	(2219,'LEON',-24.0395230,-65.4309580,10),
	(2220,'LIBERTAD',-23.7623860,-64.7259950,10),
	(2221,'LIBERTADOR GENERAL SAN MARTIN',-23.8226030,-64.9000070,10),
	(2222,'LIVIARA',-22.5205430,-66.3370940,10),
	(2223,'LLULLUCHAYOC',-22.5507610,-65.3872650,10),
	(2224,'LOMA BLANCA',-22.4715310,-66.4842000,10),
	(2225,'LOS ALISOS',-24.2694290,-65.3038290,10),
	(2226,'LOS LAPACHOS',-24.4759200,-65.0776010,10),
	(2227,'LOS NOGALES',-24.0840270,-65.4760850,10),
	(2228,'LOTEO NAVEA',-24.2701430,-65.2740650,10),
	(2229,'LOZANO',-24.0820550,-65.4037790,10),
	(2230,'MAIMARA',-23.6251650,-65.4090900,10),
	(2231,'MAIZ NEGRO',-23.9506320,-64.7736230,10),
	(2232,'MANANTIALES',-24.5336970,-64.9771550,10),
	(2233,'MINA PROVIDENCIA',-23.2654410,-66.6556620,10),
	(2234,'MIRAFLORES',-24.2247850,-64.8201210,10),
	(2235,'MISARRUMI',-22.2593870,-66.3668610,10),
	(2236,'MONTERRICO',-24.4421180,-65.1622510,10),
	(2237,'NUESTRA SE?ORA DEL ROSARIO',-24.3184050,-65.4009230,10),
	(2238,'NUEVO PIRQUITAS',-22.6879550,-66.4563760,10),
	(2239,'OCLOYAS',-23.9440580,-65.2322150,10),
	(2240,'OLACAPATO',-24.1152810,-66.7186510,10),
	(2241,'OLAROZ CHICO',-23.3934650,-66.8017390,10),
	(2242,'ORATORIO',-22.0991710,-66.1325560,10),
	(2243,'OROSMAYO',-22.5570560,-66.3563630,10),
	(2244,'PAICONE',-22.2193200,-66.4252600,10),
	(2245,'PALCA DE APARZO',-23.1220410,-65.1348060,10),
	(2246,'PALCA DE VARAS',-23.1018610,-65.1129210,10),
	(2247,'PALMA SOLA',-23.9678430,-64.3034680,10),
	(2248,'PALOS BLANCOS',-24.3269090,-64.9472510,10),
	(2249,'PALPALA',-24.2660500,-65.2120270,10),
	(2250,'PAMPA BLANCA',-24.5325320,-65.0742520,10),
	(2251,'PAMPICHUELA',-23.5548850,-65.0066890,10),
	(2252,'PARAPETI',-24.2364440,-64.8448510,10),
	(2253,'PASTOS CHICOS',-23.7667800,-66.4362240,10),
	(2254,'PAULINA',-23.8445380,-64.7389850,10),
	(2255,'PERICO',-24.3807800,-65.1162070,10),
	(2256,'PIEDRITAS',-24.2961710,-64.8821860,10),
	(2257,'PILA PARDO',-24.5598830,-64.9141980,10),
	(2258,'PUEBLO LEDESMA',-23.8273070,-64.7913610,10),
	(2259,'PUENTE LAVAYEN',-24.2725270,-64.7161870,10),
	(2260,'PUERTA DE COLORADOS',-23.5715100,-65.6980000,10),
	(2261,'PUESTO DEL MARQUEZ',-22.5384290,-65.6978920,10),
	(2262,'PUESTO SEY',-23.9450800,-66.4880710,10),
	(2263,'PUESTO VIEJO',-24.4850040,-64.9670260,10),
	(2264,'PUMAHUASI',-22.2899360,-65.6798830,10),
	(2265,'PURMAMARCA',-23.7450540,-65.5003900,10),
	(2266,'QUEBRALE?A',-23.2857890,-65.7701490,10),
	(2267,'QUERA',-23.1008300,-65.7627640,10),
	(2268,'RINCONADA',-22.4403480,-66.1673740,10),
	(2269,'RINCONADILLAS',-23.3846030,-65.9573750,10),
	(2270,'RIO BLANCO',-24.2342340,-65.2300750,10),
	(2271,'RODEITO',-24.2716140,-64.7689710,10),
	(2272,'RODERO',-23.0621840,-65.3260430,10),
	(2273,'ROSARIO DE RIO GRANDE',-24.3085250,-64.9316450,10),
	(2274,'SAN ANTONIO',-24.3672400,-65.3377010,10),
	(2275,'SAN ANTONIO',-24.2196720,-64.8045170,10),
	(2276,'SAN FRANCISCO',-23.6213390,-64.9501640,10),
	(2277,'SAN FRANCISCO DE ALFARCITO',-23.3198700,-65.9744060,10),
	(2278,'SAN ISIDRO',-24.5556370,-64.9424210,10),
	(2279,'SAN JOSE',-22.1378270,-65.3097890,10),
	(2280,'SAN JUAN DE OROS',-22.2243860,-66.2489980,10),
	(2281,'SAN JUAN DE QUILLAQUES',-23.2303530,-66.3437120,10),
	(2282,'SAN JUANCITO',-24.3843860,-64.9937380,10),
	(2283,'SAN LUCAS',-24.2685960,-64.8642890,10),
	(2284,'SAN PABLO DE REYES',-24.1436590,-65.4829200,10),
	(2285,'SAN PEDRO',-24.2313020,-64.8681690,10),
	(2286,'SAN SALVADOR DE JUJUY',-24.1844140,-65.3039990,10),
	(2287,'SAN VICENTE',-24.4293250,-65.1843970,10),
	(2288,'SANTA ANA',-23.3564320,-64.9877250,10),
	(2289,'SANTA ANA DE LA PUNA',-23.1248830,-66.0521610,10),
	(2290,'SANTA CATALINA',-21.9457400,-66.0524460,10),
	(2291,'SANTA CLARA',-24.3078150,-64.6610650,10),
	(2292,'SANTUARIO DE TRES POZOS',-23.5332450,-65.9632840,10),
	(2293,'SAUZAL',-24.2987580,-64.9571560,10),
	(2294,'SUSQUES',-23.3993490,-66.3663510,10),
	(2295,'TAMBILLOS',-22.8968710,-65.9620230,10),
	(2296,'TESORERO',-23.9486190,-65.2985110,10),
	(2297,'TILCARA',-23.5758630,-65.3936940,10),
	(2298,'TRES CRUCES',-22.9169380,-65.5878330,10),
	(2299,'TUMBAYA',-23.8561960,-65.4663650,10),
	(2300,'TUSAQUILLAS',-23.1901130,-65.9890160,10),
	(2301,'UQUIA',-23.3041910,-65.3565580,10),
	(2302,'VALLE COLORADO',-23.4139540,-64.9337730,10),
	(2303,'VALLE GRANDE',-23.4758470,-64.9469050,10),
	(2304,'VINALITO',-23.6681880,-64.4131180,10),
	(2305,'VOLCAN',-23.9165990,-65.4655060,10),
	(2306,'YACORAITE',-23.4023540,-65.3910450,10),
	(2307,'YALA',-24.1217550,-65.4145730,10),
	(2308,'YAVI CHICO',-22.0983780,-65.4559190,10),
	(2309,'YOSCABA',-22.1671930,-66.0247360,10),
	(2310,'YUTO',-23.6473910,-64.4683380,10),
	(2311,'ABRAMO',-37.8943310,-63.8515030,11),
	(2312,'ADOLFO VAN PRAET',-35.0179130,-64.0351180,11),
	(2313,'AGUSTONI',-35.7811020,-63.3932490,11),
	(2314,'ALGARROBO DEL AGUILA',-36.4011470,-67.1484020,11),
	(2315,'ALPACHIRI',-37.3758810,-63.7738740,11),
	(2316,'ALTA ITALIA',-35.3338600,-64.1182410,11),
	(2317,'ANGUIL',-36.5279230,-64.0105560,11),
	(2318,'ANZOATEGUI',-38.9630530,-63.8608880,11),
	(2319,'ARATA',-35.6381230,-64.3574130,11),
	(2320,'ATALIVA ROCA',-37.0323320,-64.2865720,11),
	(2321,'BERNARDO LARROUDE',-35.0240770,-63.5814790,11),
	(2322,'BERNASCONI',-37.9020680,-63.7450790,11),
	(2323,'CACHIRULO',-36.7473960,-64.3673910,11),
	(2324,'CALEUFU',-35.5928650,-64.5586840,11),
	(2325,'CARRO QUEMADO',-36.4755650,-65.3429160,11),
	(2326,'CASA DE PIEDRA',-38.2230520,-67.1709260,11),
	(2327,'CATRILO',-36.4077410,-63.4231240,11),
	(2328,'CEBALLOS',-35.2904850,-63.7758610,11),
	(2329,'CHACHARRAMENDI',-37.3318150,-65.6507730,11),
	(2330,'COLONIA BARON',-36.1513890,-63.8541960,11),
	(2331,'COLONIA SAN JOSE',-36.1170510,-63.9040710,11),
	(2332,'COLONIA SANTA MARIA',-37.4952440,-64.2248810,11),
	(2333,'CONHELO',-35.9994880,-64.5959230,11),
	(2334,'CORONEL HILARIO LAGOS',-35.0223100,-63.9123150,11),
	(2335,'CUCHILLO CO',-38.3336780,-64.6422530,11),
	(2336,'DAMIAN MAISONAVE',-35.0415560,-64.3847130,11),
	(2337,'DOBLAS',-37.1521840,-64.0140550,11),
	(2338,'DORILA',-35.7763230,-63.7168410,11),
	(2339,'EDUARDO CASTEX',-35.9165900,-64.2945870,11),
	(2340,'EMBAJADOR MARTINI',-35.3861850,-64.2836860,11),
	(2341,'FALUCHO',-35.1890810,-64.1038730,11),
	(2342,'GENERAL ACHA',-37.3736730,-64.6038960,11),
	(2343,'GENERAL MANUEL J. CAMPOS',-37.4589890,-63.5872410,11),
	(2344,'GENERAL PICO',-35.6633810,-63.7609290,11),
	(2345,'GENERAL SAN MARTIN',-37.9785300,-63.6065850,11),
	(2346,'GOBERNADOR DUVAL',-38.7413410,-66.4360650,11),
	(2347,'GUATRACHE',-37.6669650,-63.5415370,11),
	(2348,'HUCAL',-37.7849630,-64.0306680,11),
	(2349,'INGENIERO FOSTER',-35.7014890,-65.1025540,11),
	(2350,'INGENIERO LUIGGI',-35.3837500,-64.4685690,11),
	(2351,'INTENDENTE ALVEAR',-35.2368690,-63.5923270,11),
	(2352,'JACINTO ARAUZ',-38.0837590,-63.4321820,11),
	(2353,'LA ADELA',-38.9739620,-64.0893170,11),
	(2354,'LA GLORIA',-36.5079180,-63.7444080,11),
	(2355,'LA HUMADA',-36.3500280,-68.0141950,11),
	(2356,'LA MARUJA',-35.6716890,-64.9405700,11),
	(2357,'LA REFORMA',-37.5520050,-66.2268540,11),
	(2358,'LIMAY MAHUIDA',-37.1597120,-66.6745400,11),
	(2359,'LONQUIMAY',-36.4676260,-63.6237220,11),
	(2360,'LOVENTUE',-36.1887460,-65.2899700,11),
	(2361,'LUAN TORO',-36.2016820,-65.0972780,11),
	(2362,'MACACHIN',-37.1369560,-63.6671420,11),
	(2363,'MAURICIO MAYER',-36.2106630,-64.0335410,11),
	(2364,'METILEO',-35.7732440,-63.9428310,11),
	(2365,'MIGUEL CANE',-36.1549580,-63.5121540,11),
	(2366,'MIGUEL RIGLOS',-36.8538750,-63.6881850,11),
	(2367,'MONTE NIEVAS',-35.8617460,-64.1569680,11),
	(2368,'NAICO',-36.9283870,-64.3952510,11),
	(2369,'OJEDA',-35.3068280,-64.0054730,11),
	(2370,'PARERA',-35.1462930,-64.5006490,11),
	(2371,'PERU',-37.6623850,-64.1373210,11),
	(2372,'PICHI HUINCA',-35.6473420,-64.7695280,11),
	(2373,'PUELCHES',-38.1437720,-65.9102790,11),
	(2374,'PUELEN',-37.3400660,-67.6218500,11),
	(2375,'QUEHUE',-37.1212010,-64.5133660,11),
	(2376,'QUEMU QUEMU',-36.0536770,-63.5632430,11),
	(2377,'QUETREQUEN',-35.0548440,-64.5213690,11),
	(2378,'RANCUL',-35.0661990,-64.6831150,11),
	(2379,'REALICO',-35.0368860,-64.2454210,11),
	(2380,'RELMO',-36.2573840,-63.4481300,11),
	(2381,'ROLON',-37.1668240,-63.4171580,11),
	(2382,'RUCANELO',-36.0429380,-64.8353210,11),
	(2383,'SANTA ISABEL',-36.2298590,-66.9416700,11),
	(2384,'SANTA ROSA',-36.6182900,-64.2916770,11),
	(2385,'SANTA TERESA',-37.5749340,-63.4328860,11),
	(2386,'SARAH',-35.0246920,-63.6869620,11),
	(2387,'SPELUZZI',-35.5472940,-63.8200400,11),
	(2388,'TELEN',-36.2640560,-65.5097730,11),
	(2389,'TOAY',-36.6751580,-64.3803250,11),
	(2390,'TOMAS M. ANCHORENA',-36.8406610,-63.5205020,11),
	(2391,'TREBOLARES',-35.5855840,-63.5887520,11),
	(2392,'TRENEL',-35.6941740,-64.1359000,11),
	(2393,'UNANUE',-37.5439770,-64.3525550,11),
	(2394,'URIBURU',-36.5077570,-63.8626310,11),
	(2395,'VERTIZ',-35.4262410,-63.9063650,11),
	(2396,'VICTORICA',-36.2048590,-65.4403750,11),
	(2397,'VILLA MIRASOL',-36.0757510,-63.8875840,11),
	(2398,'WINIFREDA',-36.2272740,-64.2348770,11),
	(2399,'AICU?A',-29.4772470,-67.7729130,12),
	(2400,'AIMOGASTA',-28.5589900,-66.8272850,12),
	(2401,'ALPASINCHE',-28.3536420,-67.0804330,12),
	(2402,'ALTO CARRIZAL',-28.8736690,-67.5689980,12),
	(2403,'AMANA',-30.0611120,-67.5084950,12),
	(2404,'AMBIL',-31.1413360,-66.3603820,12),
	(2405,'AMINGA',-28.8554610,-66.9376620,12),
	(2406,'AMUSCHINA',-28.5555820,-67.1592840,12),
	(2407,'ANDOLUCAS',-28.5555820,-67.1592840,12),
	(2408,'ANGUINAN',-29.2060140,-67.4589850,12),
	(2409,'ANGULOS',-28.6595750,-67.6529610,12),
	(2410,'ANILLACO',-28.8155900,-66.9439250,12),
	(2411,'ANJULLON',-28.7272510,-66.9328940,12),
	(2412,'ANTINACO',-28.8250780,-67.3233200,12),
	(2413,'ARAUCO',-28.5834030,-66.8036410,12),
	(2414,'BAJO CARRIZAL',-28.8911010,-67.5667460,12),
	(2415,'BANDA FLORIDA',-29.3032950,-68.2439880,12),
	(2416,'BA?ADO DE LOS PANTANOS',-28.3871790,-66.8369120,12),
	(2417,'CAMPANAS',-28.5560210,-67.6264410,12),
	(2418,'CASTRO BARROS',-30.5956920,-65.7419370,12),
	(2419,'CHAMICAL',-30.3772950,-66.3240370,12),
	(2420,'CHA?AR',-30.5590300,-65.9735930,12),
	(2421,'CHA?ARMUYO',-28.6123450,-67.5874720,12),
	(2422,'CHAUPIHUASI',-28.3536420,-67.0804330,12),
	(2423,'CHEPES',-31.3506190,-66.6046420,12),
	(2424,'CHILECITO',-29.1634980,-67.5074280,12),
	(2425,'CHUQUIS',-28.8979800,-66.9765190,12),
	(2426,'COLONIA ANGUINAN',-29.2540980,-67.4261370,12),
	(2427,'COLONIA CATINZACO',-29.6731660,-67.3823670,12),
	(2428,'COLONIA MALLIGASTA',-29.2029670,-67.4003470,12),
	(2429,'COLONIA ORTIZ DE OCAMPO',-30.9752910,-66.1953880,12),
	(2430,'COLONIA VICHIGASTA',-29.4490720,-67.4914200,12),
	(2431,'CUIPAN',-28.4517970,-67.1178980,12),
	(2432,'DESIDERIO TELLO',-31.2240300,-66.3334920,12),
	(2433,'ESTACION MAZAN',-28.6648260,-66.5166200,12),
	(2434,'FAMATINA',-28.9291000,-67.5207600,12),
	(2435,'GUANCHIN',-29.1927260,-67.6392750,12),
	(2436,'GUANDACOL',-29.5098590,-68.5522050,12),
	(2437,'JAGUE',-28.6604900,-68.3668740,12),
	(2438,'LA CUADRA',-28.4724820,-67.6918650,12),
	(2439,'LA PUNTILLA',-29.1484700,-67.4191240,12),
	(2440,'LA RIOJA',-29.4217830,-66.8566750,12),
	(2441,'LAS TALAS',-28.4517970,-67.1178980,12),
	(2442,'LOMA BLANCA',-30.6446140,-66.2387420,12),
	(2443,'LOS MOLINOS',-28.7544150,-66.9389200,12),
	(2444,'LOS PALACIOS',-29.3713120,-68.2271330,12),
	(2445,'LOS ROBLES',-28.4517970,-67.1178980,12),
	(2446,'LOS SARMIENTOS',-29.1517470,-67.4826010,12),
	(2447,'MACHIGASTA',-28.5410840,-66.8070300,12),
	(2448,'MALANZAN',-30.8155440,-66.6194810,12),
	(2449,'MALLIGASTA',-29.1772020,-67.4408320,12),
	(2450,'MILAGRO',-31.0131720,-65.9882550,12),
	(2451,'MIRANDA',-29.3410380,-67.6618700,12),
	(2452,'NACATE',-30.8640380,-66.4051060,12),
	(2453,'NONOGASTA',-29.3040960,-67.5072780,12),
	(2454,'OLPAS',-30.8195240,-66.2483100,12),
	(2455,'OLTA',-30.6399760,-66.2780600,12),
	(2456,'PAGANCILLO',-29.5412540,-68.0970400,12),
	(2457,'PATQUIA',-30.0522110,-66.8915890,12),
	(2458,'PINCHAS',-28.9370760,-66.9665170,12),
	(2459,'PITUIL',-28.5815080,-67.4508380,12),
	(2460,'PLAZA VIEJA',-28.9731600,-67.5201320,12),
	(2461,'POLCO',-30.4293150,-66.3586420,12),
	(2462,'PORTEZUELO',-30.8476190,-66.7186800,12),
	(2463,'PUNTA DE LOS LLANOS',-30.1654340,-66.5565750,12),
	(2464,'SALICAS',-28.4076260,-67.0961550,12),
	(2465,'SAN ANTONIO',-28.5553800,-66.8013860,12),
	(2466,'SAN ANTONIO',-31.0900910,-66.7571870,12),
	(2467,'SAN BLAS',-28.4076260,-67.0961550,12),
	(2468,'SAN MIGUEL',-29.1846750,-67.4780830,12),
	(2469,'SAN NICOLAS',-29.1217630,-67.4758960,12),
	(2470,'SAN PEDRO',-28.6697090,-66.9281340,12),
	(2471,'SANTA CLARA',-29.3613770,-68.6264100,12),
	(2472,'SANTA CRUZ',-28.4907370,-67.6899250,12),
	(2473,'SANTA FLORENTINA',-29.1330620,-67.5576080,12),
	(2474,'SANTA RITA DE CATUNA',-30.9665200,-66.2356610,12),
	(2475,'SANTA VERA CRUZ',-28.6835040,-66.9654940,12),
	(2476,'SANTO DOMINGO',-28.5600670,-67.6855700,12),
	(2477,'SA?OGASTA',-29.3203740,-67.6277960,12),
	(2478,'SHAQUI',-28.4812200,-67.1282350,12),
	(2479,'SURIYACO',-28.5555820,-67.1592840,12),
	(2480,'TAMA',-30.5173080,-66.5413790,12),
	(2481,'TERMAS DE SANTA TERESITA',-28.5917750,-66.5563890,12),
	(2482,'TILIMUQUI',-29.1494440,-67.4296650,12),
	(2483,'TUYUBIL',-28.5555820,-67.1592840,12),
	(2484,'ULAPES',-31.5829790,-66.2514030,12),
	(2485,'VICHIGASTA',-29.4885970,-67.5022850,12),
	(2486,'VILLA CASTELLI',-29.0207520,-68.2253710,12),
	(2487,'VILLA MAZAN',-28.6586280,-66.5552760,12),
	(2488,'VILLA SAN JOSE DE VINCHINA',-28.7797110,-68.2060370,12),
	(2489,'VILLA SANAGASTA',-29.3064490,-67.0414100,12),
	(2490,'VILLA UNION',-29.3227050,-68.2230740,12),
	(2491,'AGRELO',-33.1173840,-68.8960240,13),
	(2492,'AGUA ESCONDIDA',-36.1532390,-68.3048430,13),
	(2493,'ALTO VERDE',-33.1195040,-68.4180220,13),
	(2494,'ANDRADE',-33.1624680,-68.5060670,13),
	(2495,'BARRANCAS',-33.0833360,-68.7343790,13),
	(2496,'BARRIO 12 DE OCTUBRE',-33.1912020,-68.2809620,13),
	(2497,'BARRIO ADINA I Y II',-33.0649390,-68.8877010,13),
	(2498,'BARRIO ALTO DEL OLVIDO',-32.6727790,-68.5922470,13),
	(2499,'BARRIO BELGRANO NORTE',-33.3301030,-69.1359510,13),
	(2500,'BARRIO CAMPOS EL TOLEDANO',-34.5736540,-68.3294340,13),
	(2501,'BARRIO CARRASCO',-33.8321070,-69.0490030,13),
	(2502,'BARRIO CHIVILCOY',-33.0411470,-68.3541530,13),
	(2503,'BARRIO COOPERATIVA LOS CAMPAMENTOS',-33.2692490,-68.4383630,13),
	(2504,'BARRIO ECHEVERRIA',-34.6278080,-68.4330730,13),
	(2505,'BARRIO EL CEPILLO',-33.8386530,-69.1303500,13),
	(2506,'BARRIO EL NEVADO',-34.7898640,-67.9874650,13),
	(2507,'BARRIO EMANUEL',-32.8468560,-68.4100200,13),
	(2508,'BARRIO EMPLEADOS DE COMERCIO',-34.5522300,-68.3032400,13),
	(2509,'BARRIO INTENDENCIA',-34.6451010,-68.2754540,13),
	(2510,'BARRIO JESUS DE NAZARET',-33.0103240,-68.7265920,13),
	(2511,'BARRIO JOCOLI II',-32.6740790,-68.6692700,13),
	(2512,'BARRIO LA ESPERANZA',-32.6735730,-68.3840800,13),
	(2513,'BARRIO LA ESTACION',-33.1552900,-68.3543620,13),
	(2514,'BARRIO LA PALMERA',-32.6969330,-68.5506210,13),
	(2515,'BARRIO LA PEGA',-32.8128590,-68.6835370,13),
	(2516,'BARRIO LAGUNAS DE BARTOLUZZI',-32.6111090,-68.5714750,13),
	(2517,'BARRIO LAS ROSAS',-34.6278080,-68.4330730,13),
	(2518,'BARRIO LOS CHARABONES',-32.9785120,-68.3051020,13),
	(2519,'BARRIO LOS JARILLEROS',-32.7153970,-68.6584020,13),
	(2520,'BARRIO LOS OLIVOS',-32.6972160,-68.3295580,13),
	(2521,'BARRIO MARIA AUXILIADORA',-33.2425140,-68.1826760,13),
	(2522,'BARRIO MOLINA CABRERA',-33.1297120,-68.2037880,13),
	(2523,'BARRIO NTRA. SRA. DE FATIMA',-33.1309710,-68.3512780,13),
	(2524,'BARRIO PERDRIEL IV',-33.0753280,-68.9250400,13),
	(2525,'BARRIO PRIMAVERA',-34.6298100,-68.5105920,13),
	(2526,'BARRIO RIVADAVIA',-33.2304640,-68.4837260,13),
	(2527,'BARRIO SAN CAYETANO',-33.6339140,-69.1879020,13),
	(2528,'BARRIO VIRGEN DEL ROSARIO',-32.7027600,-68.3124920,13),
	(2529,'BERMEJO',-32.8674490,-68.8015980,13),
	(2530,'BLANCO ENCALADA',-33.0355490,-69.0065320,13),
	(2531,'BOWEN',-35.0009120,-67.5161820,13),
	(2532,'BUENA NUEVA',-32.8876100,-68.7797110,13),
	(2533,'CACHEUTA',-33.0367100,-69.1159070,13),
	(2534,'CAMPO LOS ANDES',-33.7070790,-69.1826330,13),
	(2535,'CAPDEVILA',-32.7248780,-68.9085580,13),
	(2536,'CAPILLA DEL ROSARIO',-32.9057060,-68.7753110,13),
	(2537,'CAPITAN MONTOYA',-34.5835610,-68.4654390,13),
	(2538,'CARMENSA',-35.1449060,-67.6629550,13),
	(2539,'CARRODILLA',-32.9776580,-68.8524390,13),
	(2540,'CHACRAS DE CORIA',-32.9899030,-68.8913680,13),
	(2541,'CHAPANAY',-32.9801180,-68.4765250,13),
	(2542,'CHILECITO',-33.8934020,-69.0804630,13),
	(2543,'CHIVILCOY',-33.0383360,-68.4594030,13),
	(2544,'CIUDAD DE SAN MARTIN',-33.0732180,-68.4605130,13),
	(2545,'COLONIA LAS ROSAS',-33.6129360,-69.1126490,13),
	(2546,'COLONIA SEGOVIA',-32.8445720,-68.7264020,13),
	(2547,'COQUIMBITO',-32.9792550,-68.8089840,13),
	(2548,'CORDON DEL PLATA',-33.4689490,-69.1399450,13),
	(2549,'COSTA DE ARAUJO',-32.7568940,-68.4085950,13),
	(2550,'COSTA FLORES',-33.0705180,-68.9343210,13),
	(2551,'CRUZ DE PIEDRA',-33.0293390,-68.7922410,13),
	(2552,'CUADRO NACIONAL',-34.6175050,-68.2817530,13),
	(2553,'CUADRO ORTEGA',-33.2829490,-68.4657440,13),
	(2554,'DESAGUADERO',-33.4052270,-67.1641660,13),
	(2555,'DORREGO',-32.9079280,-68.8402490,13),
	(2556,'EL ALGARROBAL',-32.8327490,-68.7957180,13),
	(2557,'EL BORBOLLON',-32.8069210,-68.7772860,13),
	(2558,'EL CARMELO',-32.9551110,-69.2811920,13),
	(2559,'EL CARRIZAL',-33.3037430,-68.7554950,13),
	(2560,'EL CHALLAO',-32.8187510,-68.9164320,13),
	(2561,'EL ESPINO',-33.0773330,-68.3982840,13),
	(2562,'EL MANZANO',-33.6005740,-69.3350880,13),
	(2563,'EL MIRADOR',-33.2906470,-68.3475560,13),
	(2564,'EL NIHUIL',-35.0353710,-68.6806150,13),
	(2565,'EL PARAMILLO',-32.7813090,-68.5336830,13),
	(2566,'EL PEDREGAL',-32.8558810,-68.6544790,13),
	(2567,'EL PERAL',-33.3706550,-69.1923490,13),
	(2568,'EL PLUMERILLO',-32.8468360,-68.8191470,13),
	(2569,'EL RAMBLON',-33.1617710,-68.2954840,13),
	(2570,'EL RESGUARDO',-32.7650500,-68.7913050,13),
	(2571,'EL SALTO',-32.8994780,-69.3336480,13),
	(2572,'EL SAUCE',-32.8664940,-68.7583330,13),
	(2573,'EL SOSNEADO',-35.0821770,-69.5924130,13),
	(2574,'EL TROPEZON',-34.6856450,-68.2855510,13),
	(2575,'EL VERGEL',-32.7623130,-68.6476010,13),
	(2576,'EL ZAMPAL',-33.3989500,-69.1057370,13),
	(2577,'EL ZAPALLAR',-32.8555540,-68.8280320,13),
	(2578,'EUGENIO BUSTOS',-33.7850220,-69.0729050,13),
	(2579,'FRAY LUIS BELTRAN',-33.0049400,-68.6612380,13),
	(2580,'GENERAL ALVEAR',-34.9804690,-67.7009950,13),
	(2581,'GENERAL BELGRANO',-32.8819030,-68.8087570,13),
	(2582,'GENERAL GUTIERREZ',-32.9797720,-68.7694300,13),
	(2583,'GOBERNADOR BENEGAS',-32.9443750,-68.8651880,13),
	(2584,'GODOY CRUZ',-32.9215280,-68.8549230,13),
	(2585,'GOUDGE',-34.6803230,-68.1358420,13),
	(2586,'GUAYMALLEN',-32.8925290,-68.8200690,13),
	(2587,'INGENIERO GIAGNONI',-33.1247750,-68.4208930,13),
	(2588,'INGENIERO GUSTAVO ANDRE',-32.6824000,-68.3268970,13),
	(2589,'JAIME PRATS',-34.9146830,-67.8191470,13),
	(2590,'JESUS NAZARENO',-32.9208010,-68.7868070,13),
	(2591,'JOCOLI',-32.6125410,-68.6790410,13),
	(2592,'JOCOLI',-32.5843190,-68.6808090,13),
	(2593,'JOCOLI VIEJO',-32.7274620,-68.6602320,13),
	(2594,'JUNIN',-33.1450870,-68.4921160,13),
	(2595,'LA ARBOLEDA',-33.3688270,-69.1247360,13),
	(2596,'LA CENTRAL',-33.2736420,-68.3224070,13),
	(2597,'LA CIENEGUITA',-32.8444580,-68.8646210,13),
	(2598,'LA COLONIA',-33.0927990,-68.4874960,13),
	(2599,'LA CONSULTA',-33.7386760,-69.1281260,13),
	(2600,'LA DORMIDA',-33.3499240,-67.9160460,13),
	(2601,'LA ESPERANZA',-33.3170660,-68.3343430,13),
	(2602,'LA FLORIDA',-33.2827920,-68.4657170,13),
	(2603,'LA LIBERTAD',-33.2163870,-68.5166270,13),
	(2604,'LA LLAVE NUEVA',-34.6449300,-68.0147700,13),
	(2605,'LA PAZ',-33.4610190,-67.5595790,13),
	(2606,'LA PRIMAVERA',-32.9212120,-68.6797680,13),
	(2607,'LA PUNTILLA',-32.9609710,-68.8723320,13),
	(2608,'LAS CA?AS',-32.9057700,-68.8263410,13),
	(2609,'LAS CARDITAS',-32.9551110,-69.2811920,13),
	(2610,'LAS CATITAS',-33.3001060,-68.0532180,13),
	(2611,'LAS COMPUERTAS',-33.0343950,-68.9757200,13),
	(2612,'LAS CUEVAS',-32.8079620,-70.0851820,13),
	(2613,'LAS HERAS',-32.8499240,-68.8452570,13),
	(2614,'LAS LE?AS',-35.1539650,-70.0817910,13),
	(2615,'LAS MALVINAS',-34.8384150,-68.2539360,13),
	(2616,'LAS TORTUGAS',-32.9453110,-68.8411730,13),
	(2617,'LAS VEGAS',-33.0058790,-69.2764000,13),
	(2618,'LAS VIOLETAS',-32.8208150,-68.6164140,13),
	(2619,'LOS ARBOLES',-33.1813160,-68.5759160,13),
	(2620,'LOS BARRIALES',-33.1010410,-68.5675280,13),
	(2621,'LOS CAMPAMENTOS',-33.2763610,-68.4008490,13),
	(2622,'LOS COMPARTOS',-34.9792600,-67.6590890,13),
	(2623,'LOS CORRALITOS',-32.8978660,-68.7059890,13),
	(2624,'LOS MANANTIALES',-32.8990130,-69.3340870,13),
	(2625,'LOS PENITENTES',-32.8369500,-69.8539210,13),
	(2626,'LOS REYUNOS',-34.6099290,-68.6205430,13),
	(2627,'LOS SAUCES',-33.5952100,-69.1840210,13),
	(2628,'LUJAN DE CUYO',-33.0328670,-68.8912070,13),
	(2629,'LUZURIAGA',-32.9500580,-68.8034450,13),
	(2630,'MAIPU',-32.9394310,-68.8068440,13),
	(2631,'MALARGUE',-35.4770110,-69.5886490,13),
	(2632,'MAYOR DRUMMOND',-33.0038390,-68.8612970,13),
	(2633,'MEDRANO',-33.1762910,-68.6231700,13),
	(2634,'MEDRANO',-33.1787460,-68.6219270,13),
	(2635,'MONTE COMAN',-34.5971810,-67.8842900,13),
	(2636,'MONTECASEROS',-33.0109970,-68.3936800,13),
	(2637,'MUNDO NUEVO',-33.1753420,-68.4371730,13),
	(2638,'NUEVA CALIFORNIA',-32.7450610,-68.3354510,13),
	(2639,'PALMIRA',-33.0499930,-68.5490900,13),
	(2640,'PANQUEHUA',-32.8349240,-68.8451650,13),
	(2641,'PAREDITAS',-33.9452560,-69.0824860,13),
	(2642,'PEDRO MOLINA',-32.8749830,-68.8287740,13),
	(2643,'PERDRIEL',-33.0690100,-68.8986010,13),
	(2644,'PHILLIPS',-33.2032510,-68.3832300,13),
	(2645,'PIEDRAS BLANCAS',-33.0198800,-69.3030040,13),
	(2646,'POBRE DIABLO',-34.6703590,-68.3591850,13),
	(2647,'POLVAREDAS',-32.8190380,-69.7097350,13),
	(2648,'POTRERILLOS',-32.9454870,-69.2086450,13),
	(2649,'PRESIDENTE SARMIENTO',-32.9171350,-68.9190970,13),
	(2650,'PUENTE DE HIERRO',-32.8597000,-68.6889630,13),
	(2651,'PUENTE DEL INCA',-32.8198840,-69.9250020,13),
	(2652,'PUNTA DE VACAS',-32.8488060,-69.7763010,13),
	(2653,'PUNTA DEL AGUA',-35.5301660,-68.0825090,13),
	(2654,'RAMA CAIDA',-34.7043760,-68.3708630,13),
	(2655,'REAL DEL PADRE',-34.8433150,-67.7674200,13),
	(2656,'REDUCCION DE ABAJO',-33.2063090,-68.5835150,13),
	(2657,'RIVADAVIA',-33.1940320,-68.4736190,13),
	(2658,'RODEO DE LA CRUZ',-32.9233880,-68.7484040,13),
	(2659,'RODEO DEL MEDIO',-32.9880060,-68.7010650,13),
	(2660,'RODRIGUEZ PE?A',-33.1211520,-68.6046800,13),
	(2661,'RUSSELL',-33.0046770,-68.8012720,13),
	(2662,'SALTO DE LAS ROSAS',-34.7269580,-68.2329030,13),
	(2663,'SAN CARLOS',-33.7744490,-69.0490910,13),
	(2664,'SAN FRANCISCO DEL MONTE',-32.9176430,-68.8127480,13),
	(2665,'SAN FRANCISCO DEL MONTE',-32.9301250,-68.8333390,13),
	(2666,'SAN JOSE',-32.8879100,-68.8336080,13),
	(2667,'SAN JOSE',-33.3068450,-69.1645780,13),
	(2668,'SAN RAFAEL',-34.6356100,-68.3310920,13),
	(2669,'SAN ROQUE',-33.0285640,-68.5981480,13),
	(2670,'SANTA MARIA DE ORO',-33.2059810,-68.4335590,13),
	(2671,'SANTA ROSA',-33.2544230,-68.1567440,13),
	(2672,'SIERRAS DE ENCALADA',-32.9869460,-68.9485090,13),
	(2673,'TRES PORTE?AS',-32.8994800,-68.3990960,13),
	(2674,'TUNUYAN',-33.5775550,-69.0253760,13),
	(2675,'TUPUNGATO',-33.3643640,-69.1513190,13),
	(2676,'UGARTECHE',-33.2109450,-68.8972090,13),
	(2677,'USPALLATA',-32.5955350,-69.3582050,13),
	(2678,'VALLE DEL SOL',-33.0174260,-69.2972910,13),
	(2679,'VILLA ANTIGUA',-33.4645160,-67.6055790,13),
	(2680,'VILLA ATUEL',-34.8345020,-67.9257910,13),
	(2681,'VILLA ATUEL NORTE',-34.7606000,-68.0374060,13),
	(2682,'VILLA BASTIAS',-33.3420990,-69.1487760,13),
	(2683,'VILLA EL REFUGIO',-32.9975300,-69.3176800,13),
	(2684,'VILLA HIPODROMO',-32.9085520,-68.8709990,13),
	(2685,'VILLA MARINI',-32.9368990,-68.8625260,13),
	(2686,'VILLA NUEVA',-32.9010420,-68.8031460,13),
	(2687,'VILLA TERESA',-33.0183180,-68.6288150,13),
	(2688,'VILLA TULUMAYA',-32.7196140,-68.6030440,13),
	(2689,'VISTA FLORES',-33.6513550,-69.1646920,13),
	(2690,'VISTALBA',-33.0237920,-68.9247430,13),
	(2691,'ALBA POSSE',-27.5641500,-54.6870110,14),
	(2692,'ALBERDI',-27.3569660,-55.2326590,14),
	(2693,'ALICIA BAJA',-27.4285420,-54.3575080,14),
	(2694,'ALMAFUERTE',-27.5062140,-55.4018890,14),
	(2695,'ALMIRANTE BROWN',-25.6674360,-54.0456430,14),
	(2696,'APOSTOLES',-27.9098070,-55.7532130,14),
	(2697,'ARISTOBULO DEL VALLE',-27.0952900,-54.8949050,14),
	(2698,'ARROYO DEL MEDIO',-27.6980030,-55.4064790,14),
	(2699,'AZARA',-28.0572510,-55.6767990,14),
	(2700,'BARIO ITA',-26.5283260,-54.7089180,14),
	(2701,'BARRA CONCEPCION',-28.1109520,-55.5820050,14),
	(2702,'BARRIO CUATRO BOCAS',-26.5482210,-54.6748840,14),
	(2703,'BARRIO DEL LAGO',-27.4636030,-55.8005800,14),
	(2704,'BARRIO ESCUELA 461',-27.6169030,-55.0424750,14),
	(2705,'BARRIO ESCUELA 633',-27.4689930,-55.0771070,14),
	(2706,'BARRIO GUATAMBU',-26.6027930,-54.6955810,14),
	(2707,'BARRIO NUEVO GARUPA',-27.4321010,-55.8261390,14),
	(2708,'BARRIO RURAL',-27.8839190,-55.7857810,14),
	(2709,'BARRIO TUNGOIL',-27.1077570,-55.3881150,14),
	(2710,'BERNARDO DE IRIGOYEN',-26.2546760,-53.6472130,14),
	(2711,'BONPLAND',-27.4820700,-55.4774200,14),
	(2712,'CAA - YARI',-27.4807840,-55.2992350,14),
	(2713,'CABUREI',-25.6820370,-54.1426090,14),
	(2714,'CAMPO GRANDE',-27.2062680,-54.9790960,14),
	(2715,'CAMPO RAMON',-27.4522700,-55.0237350,14),
	(2716,'CAMPO VIERA',-27.3310560,-55.0528550,14),
	(2717,'CANDELARIA',-27.4591650,-55.7430840,14),
	(2718,'CAPIOVI',-26.9292030,-55.0569370,14),
	(2719,'CAPIOVICI?O',-26.8795020,-55.0705130,14),
	(2720,'CARAGUATAY',-26.6563490,-54.7392270,14),
	(2721,'CERRO AZUL',-27.6310350,-55.4938680,14),
	(2722,'CERRO CORA',-27.5086100,-55.6038620,14),
	(2723,'COLONIA ALICIA',-27.3792090,-54.3673000,14),
	(2724,'COLONIA AURORA',-27.4795580,-54.5154360,14),
	(2725,'COLONIA POLANA',-26.9810480,-55.3170690,14),
	(2726,'COLONIA VICTORIA',-26.3298890,-54.6215570,14),
	(2727,'CONCEPCION DE LA SIERRA',-27.9813160,-55.5209340,14),
	(2728,'CORPUS',-27.1278040,-55.5094180,14),
	(2729,'CRUCE CABALLERO',-26.5379470,-53.9437320,14),
	(2730,'DOMINGO SAVIO',-27.3546880,-55.3368340,14),
	(2731,'DOS ARROYOS',-27.6941710,-55.2587800,14),
	(2732,'DOS DE MAYO NUCLEO III',-27.0065770,-54.6123540,14),
	(2733,'DOS HERMANAS',-26.2918650,-53.7575830,14),
	(2734,'EL ALCAZAR',-26.7102590,-54.8161440,14),
	(2735,'EL SALTO',-27.4917330,-55.1989610,14),
	(2736,'EL SOBERBIO',-27.2908600,-54.2007780,14),
	(2737,'ELDORADO',-26.4086210,-54.6238430,14),
	(2738,'ESPERANZA',-26.0232970,-54.6125090,14),
	(2739,'ESTACION APOSTOLES',-27.9079590,-55.8079580,14),
	(2740,'FLORENTINO AMEGHINO',-27.6349580,-55.0877550,14),
	(2741,'FRACRAN',-26.7401510,-54.3000440,14),
	(2742,'GARUHAPE',-26.8186830,-54.9576120,14),
	(2743,'GARUPA',-27.4788130,-55.8224410,14),
	(2744,'GENERAL ALVEAR',-27.4228670,-55.1702710,14),
	(2745,'GENERAL URQUIZA',-27.1077320,-55.3737660,14),
	(2746,'GOBERNADOR LOPEZ',-27.6615250,-55.2124460,14),
	(2747,'GOBERNADOR ROCA',-27.1910170,-55.4682800,14),
	(2748,'GUARANI',-27.5203320,-55.1613630,14),
	(2749,'HELVECIA',-27.1105260,-55.3438280,14),
	(2750,'HIPOLITO YRIGOYEN',-27.0900610,-55.2870720,14),
	(2751,'INTEGRACION',-25.7724730,-53.8522970,14),
	(2752,'ITACARUARE',-27.8655820,-55.2638530,14),
	(2753,'JARDIN AMERICA',-27.0410710,-55.2320860,14),
	(2754,'KILOMETRO 17 RUTA 8)',-27.3105260,-54.9030560,14),
	(2755,'LA CORITA',-27.8884120,-55.3553000,14),
	(2756,'LAHARRAGUE',-26.5328190,-54.6506740,14),
	(2757,'LEANDRO N. ALEM',-27.6018680,-55.3264660,14),
	(2758,'LIBERTAD',-25.9216710,-54.5821210,14),
	(2759,'LORETO',-27.3296010,-55.5228090,14),
	(2760,'LOS HELECHOS',-27.5531850,-55.0778230,14),
	(2761,'MARIA MAGDALENA',-26.2380920,-54.6018100,14),
	(2762,'MARTIRES',-27.4188650,-55.3777940,14),
	(2763,'MBOPICUA',-26.8615010,-55.0463440,14),
	(2764,'MOJON GRANDE',-27.7077680,-55.1582020,14),
	(2765,'MONTECARLO',-26.5661760,-54.7614270,14),
	(2766,'NEMESIO PARMA',-27.3670040,-55.9982210,14),
	(2767,'NUCLEO I',-26.9808940,-54.7030770,14),
	(2768,'NUCLEO II',-27.0234500,-54.6788260,14),
	(2769,'NUEVA DELICIA',-26.1791400,-54.5836570,14),
	(2770,'OASIS',-26.9708360,-55.2491780,14),
	(2771,'OBERA',-27.4816560,-55.1251550,14),
	(2772,'OLEGARIO V. ANDRADE',-27.5658220,-55.5017250,14),
	(2773,'PANAMBI',-27.7185150,-54.9183710,14),
	(2774,'PANAMBI KILOMETRO 15',-27.7043310,-54.9664320,14),
	(2775,'PANAMBI KILOMETRO 8',-27.6631610,-54.9846520,14),
	(2776,'PARAISO',-26.6835660,-54.2050110,14),
	(2777,'PINDAPOY',-27.7474270,-55.7932490,14),
	(2778,'PI?ALITO NORTE',-25.9269850,-53.9254400,14),
	(2779,'PI?ALITO SUR',-26.4160780,-53.8369130,14),
	(2780,'PIRAY KILOMETRO 18',-26.5237920,-54.5916550,14),
	(2781,'POSADAS',-27.3662170,-55.8940020,14),
	(2782,'PROFUNDIDAD',-27.5585200,-55.7034470,14),
	(2783,'PUEBLO ILLIA',-27.1485150,-54.5624940,14),
	(2784,'PUEBLO NUEVO',-26.2445410,-54.5904680,14),
	(2785,'PUERTO ANDRESITO',-25.5880680,-54.0084920,14),
	(2786,'PUERTO DESEADO',-25.7862400,-54.0382670,14),
	(2787,'PUERTO IGUAZU',-25.6010430,-54.5767370,14),
	(2788,'PUERTO LEONI',-26.9840910,-55.1694840,14),
	(2789,'PUERTO MADO',-26.2310900,-54.6247150,14),
	(2790,'PUERTO PINARES',-26.4268170,-54.6857660,14),
	(2791,'PUERTO PIRAY',-26.4674950,-54.7136760,14),
	(2792,'PUERTO RICO',-26.8148520,-55.0240730,14),
	(2793,'PUERTO SANTA ANA',-27.3330800,-55.5864350,14),
	(2794,'RINCON DE AZARA',-28.1080780,-55.6318880,14),
	(2795,'ROCA CHICA',-27.2143690,-55.4202790,14),
	(2796,'RUIZ DE MONTOYA',-26.9665880,-55.0575900,14),
	(2797,'SALTO ENCANTADO',-27.0822800,-54.8334860,14),
	(2798,'SAN ALBERTO',-26.8048950,-54.9881510,14),
	(2799,'SAN ANTONIO',-26.0557840,-53.7339960,14),
	(2800,'SAN FRANCISCO DE ASIS',-27.4597790,-54.7478070,14),
	(2801,'SAN GOTARDO',-26.9225120,-55.1238740,14),
	(2802,'SAN IGNACIO',-27.2573500,-55.5397360,14),
	(2803,'SAN JAVIER',-27.8653230,-55.1348380,14),
	(2804,'SAN JOSE',-27.7653180,-55.7746920,14),
	(2805,'SAN MARTIN',-27.4618130,-55.2783440,14),
	(2806,'SAN MIGUEL',-26.8533370,-54.8892920,14),
	(2807,'SAN PEDRO',-26.6197900,-54.1146820,14),
	(2808,'SAN VICENTE',-26.9953790,-54.4834970,14),
	(2809,'SANTA ANA',-27.3671210,-55.5805570,14),
	(2810,'SANTA MARIA',-27.9292850,-55.4120570,14),
	(2811,'SANTA RITA',-27.5183530,-54.7305710,14),
	(2812,'SANTIAGO DE LINIERS',-26.3905870,-54.3947100,14),
	(2813,'SANTO PIPO',-27.1418560,-55.4074700,14),
	(2814,'TARUMA',-26.7282100,-54.7278210,14),
	(2815,'TOBUNA',-26.4664420,-53.8919890,14),
	(2816,'TRES CAPONES',-28.0000870,-55.6080430,14),
	(2817,'VALLE HERMOSO',-26.3825350,-54.4652850,14),
	(2818,'VILLA AKERMAN',-26.9412650,-55.0957710,14),
	(2819,'VILLA BONITA',-27.4796990,-54.9639230,14),
	(2820,'VILLA COOPERATIVA',-25.9359870,-54.5384660,14),
	(2821,'VILLA LIBERTAD',-27.5583420,-55.3160860,14),
	(2822,'VILLA PARODI',-26.4980180,-54.6804150,14),
	(2823,'VILLA ROULET',-26.4422590,-54.6405730,14),
	(2824,'VILLA URRUTIA',-26.8462680,-54.7397540,14),
	(2825,'WANDA',-25.9713260,-54.5610260,14),
	(2826,'AGUADA SAN ROQUE',-37.9994790,-68.9231100,15),
	(2827,'ALUMINE',-39.2395010,-70.9180130,15),
	(2828,'ANDACOLLO',-37.1814100,-70.6690770,15),
	(2829,'A?ELO',-38.3514440,-68.7919720,15),
	(2830,'ARROYITO',-39.0744000,-68.5703350,15),
	(2831,'BAJADA DEL AGRIO',-38.4079800,-70.0276790,15),
	(2832,'BARRANCAS',-36.8247370,-69.9164780,15),
	(2833,'BARRIO RUCA LUHE',-38.7543910,-68.1803400,15),
	(2834,'BUTA RANQUIL',-37.0507880,-69.8738510,15),
	(2835,'CAVIAHUE',-37.8741210,-71.0537790,15),
	(2836,'CENTENARIO',-38.8275780,-68.1532190,15),
	(2837,'CHORRIACA',-37.9296240,-70.0562160,15),
	(2838,'CHOS MALAL',-37.3792570,-70.2723770,15),
	(2839,'COPAHUE',-37.8191700,-71.0991110,15),
	(2840,'COVUNCO CENTRO',-38.7532470,-70.0275920,15),
	(2841,'CUTRAL CO',-38.9366020,-69.2413390,15),
	(2842,'EL CHOCON',-39.2589790,-68.8268720,15),
	(2843,'EL CHOLAR',-37.4408650,-70.6441820,15),
	(2844,'EL HUECU',-37.6415830,-70.5790880,15),
	(2845,'EL SAUCE',-39.4750730,-69.5298230,15),
	(2846,'HUINGANCO',-37.1622540,-70.6240350,15),
	(2847,'JUNIN DE LOS ANDES',-39.9494720,-71.0703340,15),
	(2848,'LA BUITRERA',-38.5574700,-70.3665560,15),
	(2849,'LAGO MELIQUINA',-40.3816880,-71.2616150,15),
	(2850,'LAS COLORADAS',-39.5578640,-70.5932890,15),
	(2851,'LAS LAJAS',-38.5292610,-70.3689500,15),
	(2852,'LAS OVEJAS',-36.9881340,-70.7487000,15),
	(2853,'LONCOPUE',-38.0699430,-70.6124040,15),
	(2854,'LOS CATUTOS',-38.8384810,-70.1962110,15),
	(2855,'LOS MICHES',-37.2079270,-70.8208610,15),
	(2856,'MANZANO AMARGO',-36.7475540,-70.7652790,15),
	(2857,'MARI MENUCO',-38.5383040,-68.5575480,15),
	(2858,'MARIANO MORENO',-38.7642590,-70.0386670,15),
	(2859,'MOQUEHUE',-38.9431840,-71.3282930,15),
	(2860,'NEUQUEN',-38.9492860,-68.0839060,15),
	(2861,'OCTAVIO PICO',-37.5865100,-68.2686080,15),
	(2862,'PASO AGUERRE',-39.3393980,-69.8442150,15),
	(2863,'PICUN LEUFU',-39.5191360,-69.2962670,15),
	(2864,'PIEDRA DEL AGUILA',-40.0465540,-70.0773200,15),
	(2865,'PLAZA HUINCUL',-38.9290710,-69.2021590,15),
	(2866,'PLOTTIER',-38.9510560,-68.2478400,15),
	(2867,'QUILI MALAL',-38.3213180,-69.8143690,15),
	(2868,'RAMON M. CASTRO',-38.8655010,-69.7502650,15),
	(2869,'RINCON DE LOS SAUCES',-37.3899080,-68.9309940,15),
	(2870,'SAN MARTIN DE LOS ANDES',-40.1537600,-71.3550100,15),
	(2871,'SAN PATRICIO DEL CHA?AR',-38.6257820,-68.2986460,15),
	(2872,'SANTO TOMAS',-39.8218010,-70.1028880,15),
	(2873,'SENILLOSA',-39.0113030,-68.4333830,15),
	(2874,'TAQUIMILAN',-37.5169100,-70.2503860,15),
	(2875,'TRICAO MALAL',-37.0428490,-70.3347180,15),
	(2876,'VARVARCO',-36.8575630,-70.6784180,15),
	(2877,'VILLA DEL CURI LEUVU',-37.1337370,-70.3969230,15),
	(2878,'VILLA DEL NAHUEVE',-37.1209840,-70.7687470,15),
	(2879,'VILLA EL CHOCON',-39.2610100,-68.7842560,15),
	(2880,'VILLA LA ANGOSTURA',-40.7631760,-71.6451970,15),
	(2881,'VILLA PEHUENIA',-38.8838570,-71.1721340,15),
	(2882,'VILLA TRAFUL',-40.6515340,-71.4069730,15),
	(2883,'VISTA ALEGRE NORTE',-38.7277120,-68.1721440,15),
	(2884,'VISTA ALEGRE SUR',-38.7715540,-68.1369190,15),
	(2885,'ZAPALA',-38.8961690,-70.0668550,15),
	(2886,'AGUADA CECILIO',-40.8478740,-65.8393270,16),
	(2887,'AGUADA DE GUERRA',-41.0639020,-68.3843810,16),
	(2888,'AGUADA GUZMAN',-39.9787590,-68.8683980,16),
	(2889,'ALLEN',-38.9795110,-67.8280210,16),
	(2890,'ARROYO LOS BERROS',-41.4372540,-66.0950770,16),
	(2891,'ARROYO VENTANA',-41.6653940,-66.0860140,16),
	(2892,'BAHIA CREEK',-41.0954240,-63.9092240,16),
	(2893,'BAJO SAN CAYETANO',-38.7513230,-68.0085540,16),
	(2894,'BARDA DEL MEDIO',-38.7246630,-68.1580560,16),
	(2895,'BARRIO BLANCO',-39.0309640,-67.7863230,16),
	(2896,'BARRIO CALLE CIEGA N? 10',-39.0230090,-67.8005040,16),
	(2897,'BARRIO CALLE CIEGA N? 6',-39.0430890,-67.7520660,16),
	(2898,'BARRIO CANALE',-39.0682960,-67.6389240,16),
	(2899,'BARRIO CHACRA MONTE',-39.0516490,-67.6345850,16),
	(2900,'BARRIO COLONIA CONESA',-40.1405720,-64.3297430,16),
	(2901,'BARRIO COSTA ESTE',-39.0418590,-67.8075970,16),
	(2902,'BARRIO COSTA LINDA',-38.9435970,-67.9095130,16),
	(2903,'BARRIO COSTA OESTE',-39.0280740,-67.8406950,16),
	(2904,'BARRIO DESTACAMENTO',-37.6888020,-67.8695490,16),
	(2905,'BARRIO EL LABRADOR',-38.6719230,-68.2343300,16),
	(2906,'BARRIO EL MARUCHITO',-38.9965480,-67.7600070,16),
	(2907,'BARRIO EL PETROLEO',-39.0639270,-67.5120160,16),
	(2908,'BARRIO EL PILAR',-41.1814200,-71.3493440,16),
	(2909,'BARRIO EL TREINTA',-38.8937120,-67.9710680,16),
	(2910,'BARRIO EMERGENTE',-39.0016520,-67.8506840,16),
	(2911,'BARRIO ESPERANZA',-39.0418770,-63.9985910,16),
	(2912,'BARRIO FRONTERA',-39.0719160,-67.7129100,16),
	(2913,'BARRIO GORETTI',-38.9655980,-67.9509550,16),
	(2914,'BARRIO GUERRICO',-39.0416840,-67.7340080,16),
	(2915,'BARRIO ISLA 10',-38.9966440,-67.9181460,16),
	(2916,'BARRIO LA BARDA',-39.0494650,-67.2177940,16),
	(2917,'BARRIO LA COSTA',-39.0753070,-67.5392260,16),
	(2918,'BARRIO LA COSTA',-39.0923450,-67.2007280,16),
	(2919,'BARRIO LA DEFENSA',-39.0331820,-67.3862480,16),
	(2920,'BARRIO LA HERRADURA',-39.0370770,-67.7820590,16),
	(2921,'BARRIO LA LOR',-38.9245850,-68.0307900,16),
	(2922,'BARRIO LA RIBERA - BARRIO APYCAR',-39.0772590,-67.5794990,16),
	(2923,'BARRIO LAS ANGUSTIAS',-39.0298110,-67.5009910,16),
	(2924,'BARRIO LUISILLO',-39.0514050,-67.3468990,16),
	(2925,'BARRIO MAR DEL PLATA',-39.0827870,-67.6523990,16),
	(2926,'BARRIO MARIA ELVIRA',-38.9901440,-67.9613100,16),
	(2927,'BARRIO MO?O AZUL',-39.1306870,-66.8941650,16),
	(2928,'BARRIO MOSCONI',-39.0907180,-67.5898600,16),
	(2929,'BARRIO NORTE',-38.8637280,-68.0231910,16),
	(2930,'BARRIO PINAR',-37.6748280,-67.8736520,16),
	(2931,'BARRIO PINO AZUL',-39.0557370,-67.5935300,16),
	(2932,'BARRIO PLANTA COMPRESORA DE GAS',-40.0564740,-64.4726090,16),
	(2933,'BARRIO PORVENIR',-39.0430280,-67.4642040,16),
	(2934,'BARRIO PRESIDENTE PERON',-38.7961850,-68.0734330,16),
	(2935,'BARRIO PUENTE 83',-38.9655980,-67.9509550,16),
	(2936,'BARRIO PUENTE DE MADERA',-38.9589650,-67.9492410,16),
	(2937,'BARRIO SANTA RITA',-39.1260790,-67.1035170,16),
	(2938,'BARRIO TRES LUCES',-38.9386790,-67.9440030,16),
	(2939,'BARRIO UNION',-39.1585370,-66.1856070,16),
	(2940,'BARRIO UNION',-38.9791870,-67.9419760,16),
	(2941,'CA?ADON CHILENO',-40.8843060,-70.0229630,16),
	(2942,'CATRIEL',-37.8815290,-67.7945570,16),
	(2943,'CERRO POLICIA',-39.7252940,-68.4939530,16),
	(2944,'CERVANTES',-39.0515790,-67.3930560,16),
	(2945,'CHELFORO',-39.0881630,-66.5209550,16),
	(2946,'CHICHINALES',-39.1148810,-66.9425150,16),
	(2947,'CHIMPAY',-39.1651530,-66.1447070,16),
	(2948,'CHOELE CHOEL',-39.2884540,-65.6632810,16),
	(2949,'CINCO SALTOS',-38.8405540,-68.0623010,16),
	(2950,'CIPOLLETTI',-38.9220600,-67.9955490,16),
	(2951,'CLEMENTE ONELLI',-41.2448350,-70.0342030,16),
	(2952,'COLAN CONUE',-40.6706080,-69.1112550,16),
	(2953,'COLONIA FATIMA',-39.0531680,-67.4729670,16),
	(2954,'COLONIA JULIA Y ECHARREN',-39.0361230,-64.0139390,16),
	(2955,'COLONIA SUIZA',-41.0947500,-71.5055270,16),
	(2956,'COMALLO',-41.0298750,-70.2699810,16),
	(2957,'COMICO',-41.0632760,-67.5965600,16),
	(2958,'CONA NIYEU',-41.8812020,-66.9407400,16),
	(2959,'CONTRALMIRANTE CORDERO',-38.7570060,-68.0994970,16),
	(2960,'CORONEL BELISLE',-39.1858300,-65.9563190,16),
	(2961,'DARWIN',-39.2026910,-65.7409170,16),
	(2962,'DINA HUAPI',-41.0691930,-71.1621930,16),
	(2963,'EL BOLSON',-41.9804860,-71.5336170,16),
	(2964,'EL CAIN',-41.8182870,-68.0774150,16),
	(2965,'EL CONDOR',-41.0430740,-62.8212340,16),
	(2966,'EL CUY',-39.9230910,-68.3369500,16),
	(2967,'EL FOYEL',-41.6571200,-71.4592780,16),
	(2968,'EL JUNCAL',-40.8040460,-63.1192580,16),
	(2969,'ESTACION EMPALME',-40.7066030,-65.0030740,16),
	(2970,'FERRI',-38.8871750,-68.0068430,16),
	(2971,'GENERAL CONESA',-40.1047350,-64.4529620,16),
	(2972,'GENERAL ENRIQUE GODOY',-39.0795500,-67.1575510,16),
	(2973,'GENERAL FERNANDEZ ORO',-38.9543600,-67.9251090,16),
	(2974,'GUARDIA MITRE',-40.4302950,-63.6719140,16),
	(2975,'INGENIERO JACOBACCI',-41.3268130,-69.5441260,16),
	(2976,'INGENIERO LUIS A. HUERGO',-39.0711760,-67.2328880,16),
	(2977,'INGENIERO OTTO KRAUSE',-39.1114280,-66.9939100,16),
	(2978,'JUVENTUD UNIDA',-39.0125650,-64.0650450,16),
	(2979,'LA LOBERIA',-41.1541010,-63.1234800,16),
	(2980,'LAGUNA BLANCA',-40.7925950,-69.8810400,16),
	(2981,'LAMARQUE',-39.4232650,-65.7014500,16),
	(2982,'LAS BAYAS',-41.4504060,-70.6827890,16),
	(2983,'LAS GRUTAS',-40.8060930,-65.0847020,16),
	(2984,'LAS PERLAS',-38.9840690,-68.1403500,16),
	(2985,'LOS MENUCOS',-40.8451910,-68.0832030,16),
	(2986,'LOTEO COSTA DE RIO',-40.8722980,-62.9146640,16),
	(2987,'LUIS BELTRAN',-39.3088800,-65.7648710,16),
	(2988,'MAINQUE',-39.0637560,-67.3042810,16),
	(2989,'MALLIN AHOGADO',-41.8412740,-71.5091290,16),
	(2990,'MAMUEL CHOIQUE',-41.7698420,-70.1708630,16),
	(2991,'MAQUINCHAO',-41.2475170,-68.7003410,16),
	(2992,'MENCUE',-40.4229030,-69.6143880,16),
	(2993,'MINA SANTA TERESITA',-40.9343440,-69.4116590,16),
	(2994,'MINISTRO RAMOS MEXIA',-40.5085400,-67.2619210,16),
	(2995,'NAHUEL NIYEU',-40.5041980,-66.5657530,16),
	(2996,'NAUPA HUEN',-39.8282850,-69.5089730,16),
	(2997,'?IRIHUAU',-41.0885590,-71.1369130,16),
	(2998,'?ORQUINCO',-41.8434490,-70.8943930,16),
	(2999,'OJOS DE AGUA',-41.5348920,-69.8546460,16),
	(3000,'PASO CORDOVA',-39.1153330,-67.6264970,16),
	(3001,'PASO CORDOVA',-39.1077500,-67.6277070,16),
	(3002,'PENINSULA RUCA CO',-38.7010670,-68.0277180,16),
	(3003,'PICHI MAHUIDA',-38.8296140,-64.9374200,16),
	(3004,'PILCANIYEU',-41.1252900,-70.7216940,16),
	(3005,'PILQUINIYEU',-41.9083870,-68.3424730,16),
	(3006,'PILQUINIYEU DEL LIMAY',-40.5448520,-70.0532310,16),
	(3007,'PLAYAS DORADAS',-41.6276790,-65.0236750,16),
	(3008,'POMONA',-39.4841600,-65.6124600,16),
	(3009,'POZO SALADO',-41.0178490,-64.1403930,16),
	(3010,'PRAHUANIYEU',-41.3591520,-67.9314760,16),
	(3011,'PUERTO SAN ANTONIO ESTE',-40.8008820,-64.8778970,16),
	(3012,'PUNTA COLORADA',-41.6941220,-65.0245570,16),
	(3013,'RIO CHICO',-41.7167230,-70.4710840,16),
	(3014,'RIO COLORADO',-38.9914140,-64.0874680,16),
	(3015,'RIO VILLEGAS',-41.5822160,-71.5012930,16),
	(3016,'SACO VIEJO',-40.8110050,-64.7581130,16),
	(3017,'SALTO ANDERSEN',-38.8229790,-64.8182780,16),
	(3018,'SAN ANTONIO OESTE',-40.7312950,-64.9552940,16),
	(3019,'SAN CARLOS DE BARILOCHE',-41.1192630,-71.3511420,16),
	(3020,'SAN JAVIER',-40.7472510,-63.2646520,16),
	(3021,'SANTA LUCIA',-39.0282520,-67.2984550,16),
	(3022,'SARGENTO VIDAL',-38.6856410,-68.1580780,16),
	(3023,'SIERRA COLORADA',-40.5850990,-67.7555450,16),
	(3024,'SIERRA GRANDE',-41.6071860,-65.3534020,16),
	(3025,'SIERRA PAILEMAN',-41.1812710,-65.9614290,16),
	(3026,'TRENETA',-40.8508280,-66.9816850,16),
	(3027,'TRES LUCES',-38.9655980,-67.9509550,16),
	(3028,'VALCHETA',-40.6778620,-66.1653260,16),
	(3029,'VALLE AZUL',-39.1404830,-66.7285640,16),
	(3030,'VIEDMA',-40.8093230,-62.9853200,16),
	(3031,'VILLA ALBERDI',-39.1283460,-67.0481130,16),
	(3032,'VILLA ARELAUQUEN',-41.1700880,-71.3851120,16),
	(3033,'VILLA CAMPANARIO',-41.0649700,-71.4726740,16),
	(3034,'VILLA CATEDRAL',-41.1666350,-71.4375750,16),
	(3035,'VILLA DEL PARQUE',-39.1258080,-66.9976300,16),
	(3036,'VILLA LLANQUIN',-40.9239100,-71.0338580,16),
	(3037,'VILLA LLAO LLAO',-41.0697600,-71.5396510,16),
	(3038,'VILLA LOS COIHUES',-41.1575790,-71.4131560,16),
	(3039,'VILLA MANZANO',-38.6806040,-68.2157180,16),
	(3040,'VILLA MASCARDI',-41.3495540,-71.5090420,16),
	(3041,'VILLA REGINA',-39.0962970,-67.0828090,16),
	(3042,'VILLA SAN ISIDRO',-38.7064850,-68.1737460,16),
	(3043,'YAMINUE',-40.8429270,-67.1922500,16),
	(3044,'ACOYTE',-22.2625710,-64.9993430,17),
	(3045,'AGUARAY',-22.2388140,-63.7283890,17),
	(3046,'AGUAS BLANCAS',-22.7245610,-64.3463190,17),
	(3047,'ALTO DE LA SIERRA',-22.6893770,-62.4527760,17),
	(3048,'AMPASCACHI',-25.3554560,-65.5323040,17),
	(3049,'ANGASTACO',-25.6837320,-66.1630080,17),
	(3050,'ANIMANA',-25.9250700,-65.9634890,17),
	(3051,'ANTILLA',-26.1367470,-64.6079960,17),
	(3052,'APOLINARIO SARAVIA',-24.4402120,-64.0003360,17),
	(3053,'ATOCHA',-24.8166720,-65.4787180,17),
	(3054,'BARRIO EL CONGRESO',-24.8774310,-65.4784640,17),
	(3055,'BARRIO EL JARDIN DE SAN MARTIN',-22.4497650,-63.8856190,17),
	(3056,'BARRIO EL MILAGRO',-22.5413250,-63.7927890,17),
	(3057,'BARRIO LA ROTONDA',-25.0825650,-65.5369940,17),
	(3058,'BARRIO LAS TUNAS',-24.8581690,-65.3991340,17),
	(3059,'BARRIO LOS OLMOS',-24.8784310,-65.4662900,17),
	(3060,'BARRIO LOS PINARES',-24.8581690,-65.3991340,17),
	(3061,'BARRIO SAN RAFAEL',-24.8141970,-65.4579730,17),
	(3062,'BARRIO SANTA TERESITA',-25.0370260,-65.5726460,17),
	(3063,'CABRA CORRAL',-25.2900370,-65.3877850,17),
	(3064,'CACHI',-25.1201640,-66.1679490,17),
	(3065,'CAFAYATE',-26.0765380,-65.9862900,17),
	(3066,'CAMPAMENTO VESPUCIO',-22.5800470,-63.8523230,17),
	(3067,'CAMPICHUELO',-23.1062410,-63.9953140,17),
	(3068,'CAMPO DURAN',-22.1925190,-63.6556170,17),
	(3069,'CAMPO LA CRUZ',-22.4282270,-65.1454050,17),
	(3070,'CAMPO QUIJANO',-24.9095600,-65.6395050,17),
	(3071,'CAMPO SANTO',-24.6839920,-65.1028560,17),
	(3072,'CAPIAZUTI',-22.1673390,-63.7086210,17),
	(3073,'CAPITAN JUAN PAGE',-23.7084880,-62.3817950,17),
	(3074,'CARBONCITO',-23.2595020,-63.8026690,17),
	(3075,'CC EL TIPAL',-24.7656880,-65.4762990,17),
	(3076,'CC LA ALMUDENA',-24.7635440,-65.4639760,17),
	(3077,'CEIBALITO',-25.1278600,-64.2896740,17),
	(3078,'CENTRO 25 DE JUNIO',-24.9773190,-63.8698560,17),
	(3079,'CERRILLOS',-24.8997480,-65.4884060,17),
	(3080,'CHICOANA',-25.1056020,-65.5368900,17),
	(3081,'COBOS',-24.7414710,-65.0839320,17),
	(3082,'COBRES',-23.6392000,-66.2684040,17),
	(3083,'COLONIA SANTA ROSA',-23.3664490,-64.3524070,17),
	(3084,'COPO QUILE',-26.0280260,-64.6831910,17),
	(3085,'CORONEL CORNEJO',-22.7366060,-63.8212340,17),
	(3086,'CORONEL JUAN SOLA',-23.4836430,-62.8913110,17),
	(3087,'CORONEL MOLDES',-25.2889400,-65.4745370,17),
	(3088,'CORONEL MOLLINEDO',-24.5136420,-64.0648840,17),
	(3089,'CORONEL OLLEROS',-25.1146920,-64.2258660,17),
	(3090,'DRAGONES',-23.2581870,-63.3390560,17),
	(3091,'EL BARRIAL',-25.9119190,-65.9509640,17),
	(3092,'EL BORDO',-24.6610740,-65.1054300,17),
	(3093,'EL CARRIL',-25.0768550,-65.4938470,17),
	(3094,'EL GALPON',-25.3915860,-64.6595060,17),
	(3095,'EL JARDIN',-26.0938830,-65.4138420,17),
	(3096,'EL NARANJO',-25.7376090,-65.0197890,17),
	(3097,'EL POTRERO',-26.0638950,-64.6568310,17),
	(3098,'EL QUEBRACHAL',-25.3519820,-64.0287960,17),
	(3099,'EL TABACAL',-23.2500270,-64.2445060,17),
	(3100,'EL TALA',-26.1208920,-65.2873060,17),
	(3101,'EL TUNAL',-25.2652650,-64.4061040,17),
	(3102,'EMBARCACION',-23.2350870,-64.0122930,17),
	(3103,'GAONA',-25.2581750,-64.0470240,17),
	(3104,'GENERAL BALLIVIAN',-22.9276110,-63.8522930,17),
	(3105,'GENERAL GUEMES',-24.6684440,-65.0493530,17),
	(3106,'GENERAL MOSCONI',-22.5888630,-63.8118900,17),
	(3107,'GENERAL PIZARRO',-24.2342250,-63.9910920,17),
	(3108,'GUACHIPAS',-25.5235480,-65.5187640,17),
	(3109,'HICKMAN',-23.2174880,-63.5643620,17),
	(3110,'HIPOLITO YRIGOYEN',-23.2382700,-64.2718130,17),
	(3111,'HITO 1',-21.9997110,-62.8237380,17),
	(3112,'IRUYA',-22.7789160,-65.2063600,17),
	(3113,'ISLA DE CA?AS',-22.8864200,-64.6573760,17),
	(3114,'JOAQUIN V. GONZALEZ',-25.1294320,-64.1385890,17),
	(3115,'LA CALDERA',-24.6049490,-65.3823380,17),
	(3116,'LA CANDELARIA',-26.0961790,-65.0610120,17),
	(3117,'LA CIENAGA',-24.8086150,-65.5127340,17),
	(3118,'LA MAROMA',-25.1512350,-65.4426110,17),
	(3119,'LA MERCED',-24.9660900,-65.4895900,17),
	(3120,'LA MERCED DEL ENCON',-24.8709650,-65.5607600,17),
	(3121,'LA MISION',-23.3154630,-64.4077090,17),
	(3122,'LA POMA',-24.7129010,-66.1997390,17),
	(3123,'LA PUERTA',-25.2804540,-66.4508400,17),
	(3124,'LA SILLETA',-24.8784640,-65.5901790,17),
	(3125,'LA UNION',-23.9462050,-63.1119730,17),
	(3126,'LA VI?A',-25.4719720,-65.5719840,17),
	(3127,'LAS COSTAS',-24.7690500,-65.4860330,17),
	(3128,'LAS LAJITAS',-24.7331990,-64.1994830,17),
	(3129,'LOS BLANCOS',-23.6301480,-62.5972370,17),
	(3130,'LOS TOLDOS',-22.2528950,-64.6816680,17),
	(3131,'LUIS BURELA',-24.3977140,-63.9961110,17),
	(3132,'LUMBRERAS',-25.2172580,-64.9306860,17),
	(3133,'MACAPILLO',-25.4215690,-63.9896050,17),
	(3134,'METAN VIEJO',-25.5418040,-64.9849390,17),
	(3135,'MISION CHAQUE?A',-23.2761410,-63.7361800,17),
	(3136,'MISION EL CRUCE',-22.5413250,-63.7927890,17),
	(3137,'MISION KILOMETRO 6',-22.5060230,-63.7399720,17),
	(3138,'MISION TIERRAS FISCALES',-23.2644560,-64.0052650,17),
	(3139,'MOLINOS',-25.4442430,-66.3088500,17),
	(3140,'NAZARENO',-22.4818540,-65.0949730,17),
	(3141,'NUESTRA SE?ORA DE TALAVERA',-25.4810730,-63.7880010,17),
	(3142,'OLACAPATO',-24.1197750,-66.7142590,17),
	(3143,'PACARA',-22.4452720,-63.4354320,17),
	(3144,'PADRE LOZANO',-23.2157250,-63.8426470,17),
	(3145,'PAYOGASTA',-25.0489480,-66.1027100,17),
	(3146,'PICHANAL',-23.3133900,-64.2197520,17),
	(3147,'PIQUETE CABADO',-24.8260410,-64.1855790,17),
	(3148,'PIQUIRENDA',-22.3335490,-63.7596850,17),
	(3149,'PLUMA DE PATO',-23.3808430,-63.0980560,17),
	(3150,'POSCAYA',-22.4336270,-65.0678960,17),
	(3151,'PROFESOR SALVADOR MAZZA',-22.0542630,-63.6872830,17),
	(3152,'PUEBLO VIEJO',-22.8263430,-65.2018360,17),
	(3153,'RECAREDO',-22.4497650,-63.8856190,17),
	(3154,'RIO DEL VALLE',-24.6839690,-64.2017890,17),
	(3155,'RIO PIEDRAS',-25.3211820,-64.9173290,17),
	(3156,'RIVADAVIA',-24.1928480,-62.8855850,17),
	(3157,'ROSARIO DE LA FRONTERA',-25.8088970,-64.9840620,17),
	(3158,'ROSARIO DE LERMA',-24.9780010,-65.5804320,17),
	(3159,'SALTA',-24.7865550,-65.3976350,17),
	(3160,'SAN AGUSTIN',-24.9967900,-65.4377600,17),
	(3161,'SAN ANTONIO DE LOS COBRES',-24.2099310,-66.3154360,17),
	(3162,'SAN CARLOS',-25.8954500,-65.9374120,17),
	(3163,'SAN FELIPE',-25.7231130,-64.8260630,17),
	(3164,'SAN JOSE DE METAN',-25.5077210,-64.9821250,17),
	(3165,'SAN JOSE DE ORQUERA',-25.2783090,-64.0850560,17),
	(3166,'SAN MARCOS',-22.5090050,-65.1012420,17),
	(3167,'SAN RAMON DE LA NUEVA ORAN',-23.1298140,-64.3185880,17),
	(3168,'SANTA MARIA',-22.1394980,-62.8383250,17),
	(3169,'SANTA ROSA',-24.0763770,-63.1236770,17),
	(3170,'SANTA ROSA DE LOS PASTOS GRANDES',-24.4781060,-66.6785400,17),
	(3171,'SANTA VICTORIA',-22.2294620,-64.9503260,17),
	(3172,'SANTA VICTORIA ESTE',-22.2772900,-62.7043720,17),
	(3173,'SECLANTAS',-25.3305100,-66.2484470,17),
	(3174,'TALAPAMPA',-25.5463750,-65.5596730,17),
	(3175,'TARTAGAL',-22.5098650,-63.7970470,17),
	(3176,'TOBANTIRENDA',-22.1383320,-63.7061820,17),
	(3177,'TOLAR GRANDE',-24.5579850,-67.4369650,17),
	(3178,'TOLLOCHE',-25.5466460,-63.5342920,17),
	(3179,'TOLOMBOM',-26.2029570,-65.9467960,17),
	(3180,'TRANQUITAS',-22.4076170,-63.7681400,17),
	(3181,'URUNDEL',-23.5516310,-64.3965190,17),
	(3182,'VAQUEROS',-24.6945210,-65.4026940,17),
	(3183,'VILLA LOS ALAMOS',-24.8640290,-65.4641820,17),
	(3184,'VILLA SAN LORENZO',-24.7333010,-65.4847890,17),
	(3185,'YACUY',-22.3765770,-63.7654300,17),
	(3186,'ALTO DE SIERRA',-31.5265280,-68.4106010,18),
	(3187,'ANGUALASTO',-30.0536460,-69.1717080,18),
	(3188,'ASTICA',-30.9538850,-67.3006350,18),
	(3189,'BALDE DEL ROSARIO',-30.3207150,-67.6951970,18),
	(3190,'BARREAL',-31.6523290,-69.4796740,18),
	(3191,'BARRIO JUSTO P. CASTRO IV',-31.6283030,-68.3008270,18),
	(3192,'BARRIO MUNICIPAL',-31.7523490,-68.5597210,18),
	(3193,'BARRIO RUTA 40',-31.8595310,-68.5345170,18),
	(3194,'BARRIO SADOP',-31.5367180,-68.3955680,18),
	(3195,'BELLA VISTA',-30.4401530,-69.2447870,18),
	(3196,'BERMEJO',-31.5918360,-67.6623620,18),
	(3197,'CALINGASTA',-31.3354100,-69.4273820,18),
	(3198,'CAMPO AFUERA',-31.4165330,-68.5316140,18),
	(3199,'CA?ADA HONDA',-31.9850530,-68.5481910,18),
	(3200,'CARPINTERIA',-31.8301410,-68.5420990,18),
	(3201,'CAUCETE',-31.6514790,-68.2821400,18),
	(3202,'CHIMBAS',-31.4929010,-68.4840480,18),
	(3203,'CHUCUMA',-31.0688860,-67.2788290,18),
	(3204,'CIENAGUITA',-32.0763380,-68.6907630,18),
	(3205,'COLONIA FIORITO',-31.5551790,-68.4205990,18),
	(3206,'COLONIA FISCAL',-31.9027440,-68.4696590,18),
	(3207,'COLONIA GUTIERREZ',-31.5173970,-68.4546490,18),
	(3208,'DIVISADERO',-32.0104980,-68.6904860,18),
	(3209,'DOS ACEQUIAS',-31.4913860,-68.4185300,18),
	(3210,'EL ENCON',-32.2163730,-67.7930570,18),
	(3211,'EL FISCAL',-30.2202750,-68.6909970,18),
	(3212,'EL MEDANITO',-31.5834830,-68.4697870,18),
	(3213,'EL MEDANO',-30.1293830,-68.6791730,18),
	(3214,'EL MOGOTE',-31.4800260,-68.4821820,18),
	(3215,'EL RINCON',-31.6648790,-68.3211580,18),
	(3216,'EL RINCON',-31.4480940,-68.5425140,18),
	(3217,'GRAN CHINA',-30.1225270,-68.7162000,18),
	(3218,'GUANACACHE',-32.0753810,-68.5856950,18),
	(3219,'HUACO',-30.1570670,-68.4809370,18),
	(3220,'IGLESIA',-30.4128220,-69.2051640,18),
	(3221,'LA CA?ADA',-31.4475640,-68.4817210,18),
	(3222,'LA CHIMBERA',-31.8505510,-68.3094620,18),
	(3223,'LA FALDA',-30.1628730,-68.6652630,18),
	(3224,'LA RINCONADA',-31.6952380,-68.5923030,18),
	(3225,'LAS CHACRITAS',-31.5936420,-68.4077200,18),
	(3226,'LAS FLORES',-30.3242640,-69.2453070,18),
	(3227,'LAS LAGUNAS',-32.0443780,-68.3778990,18),
	(3228,'LAS PIEDRITAS',-31.6294740,-68.6080770,18),
	(3229,'LAS TALAS',-31.6009570,-68.2979740,18),
	(3230,'LAS TAPIAS',-31.4084470,-68.3999430,18),
	(3231,'LOS BALDECITOS',-30.2241890,-67.7014210,18),
	(3232,'LOS BERROS',-31.9514580,-68.6510940,18),
	(3233,'LOS MEDANOS',-31.6267500,-68.2618590,18),
	(3234,'MARAYES',-31.4776700,-67.3093650,18),
	(3235,'MOGNA',-30.6845100,-68.3775540,18),
	(3236,'NIQUIVIL',-30.4006750,-68.6910630,18),
	(3237,'PAMPA VIEJA',-30.2202750,-68.6909970,18),
	(3238,'PEDERNAL',-31.9950080,-68.7590870,18),
	(3239,'PIE DE PALO',-31.6609350,-68.2204020,18),
	(3240,'PISMANTA',-30.2709800,-69.2286100,18),
	(3241,'PUNTA DEL MEDANO',-31.8946040,-68.4183100,18),
	(3242,'QUINTO CUARTEL',-31.6140360,-68.6001750,18),
	(3243,'RAWSON',-31.5696190,-68.5577690,18),
	(3244,'RIVADAVIA',-31.5335200,-68.5920690,18),
	(3245,'RODEO',-30.2099580,-69.1336130,18),
	(3246,'SAN ISIDRO',-30.1488920,-68.7044950,18),
	(3247,'SAN ISIDRO',-31.4870990,-68.3251340,18),
	(3248,'SAN JOSE DE JACHAL',-30.2427670,-68.7454930,18),
	(3249,'SAN JUAN',-31.5371970,-68.5250180,18),
	(3250,'SANTA LUCIA',-31.5130350,-68.4565990,18),
	(3251,'TAMBERIAS',-30.1822860,-68.7277860,18),
	(3252,'TAMBERIAS',-31.4603770,-69.4229130,18),
	(3253,'TUDCUM',-30.1883780,-69.2702840,18),
	(3254,'TUPELI',-31.8390320,-68.3573940,18),
	(3255,'USNO',-30.5640050,-67.5403270,18),
	(3256,'VALLECITO',-31.7403740,-67.9885250,18),
	(3257,'VILLA ABERASTAIN',-31.6570130,-68.5736090,18),
	(3258,'VILLA AMPACAMA',-31.3864090,-68.4572410,18),
	(3259,'VILLA BARBOZA',-31.5921800,-68.5723920,18),
	(3260,'VILLA BASILIO NIEVAS',-31.5438790,-68.7407760,18),
	(3261,'VILLA BOLA?OS',-31.6292970,-68.4706680,18),
	(3262,'VILLA BORJAS',-31.8100070,-68.3289620,18),
	(3263,'VILLA CENTENARIO',-31.6684030,-68.5222920,18),
	(3264,'VILLA DOMINGUITO',-31.5591210,-68.2976450,18),
	(3265,'VILLA DON BOSCO',-31.5518880,-68.3390190,18),
	(3266,'VILLA EL SALVADOR',-31.4454020,-68.4176400,18),
	(3267,'VILLA EL SALVADOR',-31.4639040,-68.4095850,18),
	(3268,'VILLA EL TANGO',-31.7632690,-68.2222970,18),
	(3269,'VILLA GENERAL SAN MARTIN',-31.4210710,-68.4907610,18),
	(3270,'VILLA IBA?EZ',-31.4659390,-68.7353340,18),
	(3271,'VILLA INDEPENDENCIA',-31.6245290,-68.3138150,18),
	(3272,'VILLA KRAUSE',-31.5837190,-68.5410820,18),
	(3273,'VILLA MALVINAS ARGENTINAS',-30.2142410,-68.7165560,18),
	(3274,'VILLA MEDIA AGUA',-31.9810020,-68.4270030,18),
	(3275,'VILLA MERCEDES',-30.1088720,-68.7009430,18),
	(3276,'VILLA NACUSI',-31.6219380,-68.5359580,18),
	(3277,'VILLA PAULA ALBARRACIN',-31.4936360,-68.5357080,18),
	(3278,'VILLA PITUIL',-31.6528320,-69.4815390,18),
	(3279,'VILLA SAN AGUSTIN',-30.6367080,-67.4650600,18),
	(3280,'VILLA SAN MARTIN',-31.5167620,-68.3526470,18),
	(3281,'VILLA SANTA ROSA',-31.7448090,-68.3142410,18),
	(3282,'VILLA SEFAIR TALACASTO)',-31.4439400,-68.4217690,18),
	(3283,'VILLA TACU',-31.5293320,-68.7253410,18),
	(3284,'ALTO PELADO',-33.8425030,-66.1375990,19),
	(3285,'ALTO PENCOSO',-33.4306360,-66.9279670,19),
	(3286,'ANCHORENA',-35.6746450,-65.4244230,19),
	(3287,'ARIZONA',-35.7229150,-65.3187210,19),
	(3288,'BAGUAL',-35.1448480,-65.5676650,19),
	(3289,'BALDE',-33.3432700,-66.6260470,19),
	(3290,'BATAVIA',-34.7755330,-65.6862990,19),
	(3291,'BEAZLEY',-33.7577340,-66.6459600,19),
	(3292,'BUENA ESPERANZA',-34.7582790,-65.2503690,19),
	(3293,'CANDELARIA',-32.0607490,-65.8276910,19),
	(3294,'CAROLINA',-32.8128570,-66.0932330,19),
	(3295,'CARPINTERIA',-32.4102500,-65.0113930,19),
	(3296,'CAZADOR',-33.8576580,-66.3696150,19),
	(3297,'CERRO COLORADO',-33.2550960,-66.2286550,19),
	(3298,'CERRO DE ORO',-32.3851960,-64.9859440,19),
	(3299,'CHOSMES',-33.3959970,-66.7463970,19),
	(3300,'CIUDAD DE LA PUNTA',-33.1816570,-66.3136080,19),
	(3301,'CONCARAN',-32.5607280,-65.2452810,19),
	(3302,'CORTADERAS',-32.5076500,-64.9869660,19),
	(3303,'COUNTRY CLUB LOS CALDENES',-33.7036130,-65.3290340,19),
	(3304,'CRUZ DE PIEDRA',-33.2662670,-66.2171500,19),
	(3305,'DESAGUADERO',-33.4004590,-67.1480820,19),
	(3306,'EL CHORRILLO',-33.2889480,-66.2580410,19),
	(3307,'EL TRAPICHE',-33.1082720,-66.0633710,19),
	(3308,'EL VOLCAN',-33.2512970,-66.1877020,19),
	(3309,'ESTANCIA GRANDE',-33.1905470,-66.1527990,19),
	(3310,'FORTIN EL PATRIA',-34.7697570,-65.5229350,19),
	(3311,'FORTUNA',-35.1282920,-65.3818220,19),
	(3312,'FRAGA',-33.5020870,-65.7926480,19),
	(3313,'JARILLA',-33.3986580,-67.0274300,19),
	(3314,'JUAN JORBA',-33.6132810,-65.2717500,19),
	(3315,'JUAN LLERENA',-33.2811130,-65.6145770,19),
	(3316,'JUSTO DARACT',-33.8585830,-65.1870410,19),
	(3317,'LA BAJADA',-33.1571610,-66.0131880,19),
	(3318,'LA CALERA',-32.8619920,-66.8506530,19),
	(3319,'LA FLORIDA',-33.1167590,-66.0020090,19),
	(3320,'LA MAROMA',-35.2127000,-66.3264250,19),
	(3321,'LA PUNILLA',-33.1429540,-65.0861310,19),
	(3322,'LA RIBERA',-33.6918120,-65.5007310,19),
	(3323,'LA TOMA',-33.0544380,-65.6226980,19),
	(3324,'LA VERTIENTE',-32.7975030,-65.7568970,19),
	(3325,'LAFINUR',-32.0621150,-65.3496820,19),
	(3326,'LAS AGUADAS',-32.3763580,-65.5012040,19),
	(3327,'LAS CHACRAS',-32.5435130,-65.7446390,19),
	(3328,'LAS CHACRAS',-33.2608220,-66.2381060,19),
	(3329,'LAS LAGUNAS',-32.6298120,-65.5511440,19),
	(3330,'LAVAISSE',-33.8221480,-65.4237930,19),
	(3331,'LEANDRO N. ALEM',-32.1047820,-65.9621120,19),
	(3332,'LOS CAJONES',-32.0257510,-65.3749360,19),
	(3333,'LOS MOLLES',-32.4395450,-65.0106820,19),
	(3334,'LOS OVEROS',-35.8808970,-66.4450140,19),
	(3335,'LUJAN',-32.3660350,-65.9425440,19),
	(3336,'MARTIN DE LOYOLA',-35.7111680,-66.3525280,19),
	(3337,'MERLO',-32.3425390,-65.0141370,19),
	(3338,'MOSMOTA',-33.6458920,-66.9934500,19),
	(3339,'NACION RANQUEL',-34.6086190,-65.7348530,19),
	(3340,'NAHUEL MAPA',-34.7833680,-66.1701500,19),
	(3341,'NASCHEL',-32.9168220,-65.3755480,19),
	(3342,'NAVIA',-34.7726730,-66.5862790,19),
	(3343,'NOGOLI',-32.9173750,-66.3257600,19),
	(3344,'NUEVA GALIA',-35.1124750,-65.2532110,19),
	(3345,'PAPAGAYOS',-32.6786410,-64.9881800,19),
	(3346,'PASO GRANDE',-32.8769740,-65.6345300,19),
	(3347,'POTRERILLO',-32.6714010,-65.6626270,19),
	(3348,'POTRERO DE LOS FUNES',-33.2187790,-66.2307290,19),
	(3349,'QUINES',-32.2330820,-65.8056330,19),
	(3350,'RENCA',-32.7717680,-65.3637610,19),
	(3351,'RIO GRANDE',-33.0485050,-66.0717540,19),
	(3352,'RIOCITO',-33.0964300,-65.9908380,19),
	(3353,'SALADILLO',-33.2005660,-65.8531360,19),
	(3354,'SALINAS DEL BEBEDERO',-33.5011250,-66.6514410,19),
	(3355,'SAN FRANCISCO DEL MONTE DE ORO',-32.6006390,-66.1273700,19),
	(3356,'SAN JERONIMO',-33.1383050,-66.5166860,19),
	(3357,'SAN JOSE DEL MORRO',-33.2119850,-65.4927330,19),
	(3358,'SAN LUIS',-33.3023140,-66.3360880,19),
	(3359,'SAN MARTIN',-32.4132690,-65.6759310,19),
	(3360,'SAN PABLO',-32.6583420,-65.3080920,19),
	(3361,'SAN ROQUE',-33.2720250,-66.2276620,19),
	(3362,'SANTA ROSA DEL CONLARA',-32.3423080,-65.2071210,19),
	(3363,'TALITA',-32.2481200,-65.5838730,19),
	(3364,'TILISARAO',-32.7329280,-65.2915270,19),
	(3365,'UNION',-35.1549260,-65.9424470,19),
	(3366,'VILLA DE LA QUEBRADA',-33.0161740,-66.2920460,19),
	(3367,'VILLA DE PRAGA',-32.5339640,-65.6477040,19),
	(3368,'VILLA DEL CARMEN',-32.9411270,-65.0394660,19),
	(3369,'VILLA GENERAL ROCA',-32.6661930,-66.4524010,19),
	(3370,'VILLA LARCA',-32.6175430,-64.9809090,19),
	(3371,'VILLA MERCEDES',-33.6773700,-65.4731430,19),
	(3372,'VILLA SALLES',-33.8429280,-65.2147610,19),
	(3373,'ZANJITAS',-33.8022750,-66.4154630,19),
	(3374,'BAJO CARACOLES',-47.4461490,-70.9285160,20),
	(3375,'CALETA OLIVIA',-46.4459490,-67.5251560,20),
	(3376,'CA?ADON SECO',-46.5588460,-67.6168560,20),
	(3377,'COMANDANTE LUIS PIEDRABUENA',-49.9859910,-68.9130820,20),
	(3378,'EL CALAFATE',-50.3373210,-72.2619950,20),
	(3379,'EL CHALTEN',-49.3319730,-72.8916270,20),
	(3380,'EL TURBIO',-51.6805340,-72.0874860,20),
	(3381,'FITZ ROY',-47.0257940,-67.2542860,20),
	(3382,'GOBERNADOR GREGORES',-48.7521220,-70.2442040,20),
	(3383,'HIPOLITO YRIGOYEN',-47.5667810,-71.7434760,20),
	(3384,'JARAMILLO',-47.1847030,-67.1455820,20),
	(3385,'JULIA DUFOUR',-51.5406110,-72.2398970,20),
	(3386,'KOLUEL KAIKE',-46.7168270,-68.2279610,20),
	(3387,'LAS HERAS',-46.5424550,-68.9341770,20),
	(3388,'LOS ANTIGUOS',-46.5487480,-71.6274840,20),
	(3389,'MINA 3',-51.5487660,-72.2333910,20),
	(3390,'PERITO MORENO',-46.5921420,-70.9257280,20),
	(3391,'PICO TRUNCADO',-46.7938980,-67.9575700,20),
	(3392,'PUERTO DESEADO',-47.7514650,-65.9012040,20),
	(3393,'PUERTO SAN JULIAN',-49.3077040,-67.7319700,20),
	(3394,'PUERTO SANTA CRUZ',-50.0171890,-68.5248250,20),
	(3395,'RIO GALLEGOS',-51.6214350,-69.2290510,20),
	(3396,'ROSPENTEK',-51.6639330,-72.1426990,20),
	(3397,'TELLIER',-47.6487690,-66.0446360,20),
	(3398,'TRES LAGOS',-49.5990150,-71.4458020,20),
	(3399,'YACIMIENTOS RIO TURBIO',-51.5328380,-72.3341030,20),
	(3400,'AARON CASTELLANOS',-34.3345320,-62.3748010,21),
	(3401,'ACEBAL',-33.2436510,-60.8371950,21),
	(3402,'AGUARA GRANDE',-30.1093090,-60.9437540,21),
	(3403,'ALBARELLOS',-33.2413030,-60.6365750,21),
	(3404,'ALCORTA',-33.5401980,-61.1246340,21),
	(3405,'ALDAO',-30.9823470,-61.7439870,21),
	(3406,'ALDAO',-32.7069850,-60.8179520,21),
	(3407,'ALEJANDRA',-29.9103570,-59.8281610,21),
	(3408,'ALVAREZ',-33.1306250,-60.8039630,21),
	(3409,'ALVEAR',-33.0614580,-60.6159770,21),
	(3410,'AMBROSETTI',-30.0170000,-61.5765790,21),
	(3411,'AMENABAR',-34.1361180,-62.4229080,21),
	(3412,'ANGEL GALLARDO',-31.5551880,-60.6783110,21),
	(3413,'ANGELICA',-31.5526330,-61.5462650,21),
	(3414,'ANGELONI',-30.8575180,-60.6486100,21),
	(3415,'ARBILLA',-33.0919520,-60.6993160,21),
	(3416,'AREQUITO',-33.1483010,-61.4713350,21),
	(3417,'ARMINDA',-33.2658620,-60.9669190,21),
	(3418,'ARMSTRONG',-32.7846560,-61.6054820,21),
	(3419,'AROCENA',-32.0800270,-60.9770050,21),
	(3420,'ARROYO AGUIAR',-31.4322200,-60.6676590,21),
	(3421,'ARROYO CEIBAL',-28.7250870,-59.4804160,21),
	(3422,'ARROYO LEYES',-31.5577010,-60.5166670,21),
	(3423,'ARROYO SECO',-33.1560230,-60.5101310,21),
	(3424,'ARRUFO',-30.2341500,-61.7285810,21),
	(3425,'ARTEAGA',-33.0911310,-61.7917110,21),
	(3426,'ATALIVA',-30.9981190,-61.4325190,21),
	(3427,'AURELIA',-31.4236020,-61.4244710,21),
	(3428,'AVELLANEDA',-29.1193660,-59.6592510,21),
	(3429,'BALNEARIO LA VERDE',-29.9827370,-61.2428660,21),
	(3430,'BALNEARIO MONJE',-32.3349560,-60.8760520,21),
	(3431,'BARRANCAS',-32.2366360,-60.9827400,21),
	(3432,'BARRIO ARROYO DEL MEDIO',-33.2860670,-60.2720980,21),
	(3433,'BARRIO CAIMA',-31.8320800,-60.8719650,21),
	(3434,'BARRIO CICARELLI',-32.6103780,-61.3244410,21),
	(3435,'BARRIO EL PACAA - BARRIO COMIPINI',-32.1313360,-60.9282690,21),
	(3436,'BARRIO MITRE',-33.2555950,-60.3897760,21),
	(3437,'BARRIOS ACAPULCO Y VERACRUZ',-31.4192520,-62.0591460,21),
	(3438,'BAUER Y SIGEL',-31.2731230,-61.9448850,21),
	(3439,'BELLA ITALIA',-31.2839800,-61.4093430,21),
	(3440,'BERAVEBU',-33.3414150,-61.8622810,21),
	(3441,'BERNA',-29.2752680,-59.8472220,21),
	(3442,'BERNARDO DE IRIGOYEN',-32.1709310,-61.1572750,21),
	(3443,'BIGAND',-33.3761180,-61.1855010,21),
	(3444,'BOMBAL',-33.4600620,-61.3189320,21),
	(3445,'BOUQUET',-32.4248000,-61.8903350,21),
	(3446,'BUSTINZA',-32.7399960,-61.2915870,21),
	(3447,'CABAL',-31.1039910,-60.7271530,21),
	(3448,'CACIQUE ARIACAIQUIN',-30.6581360,-60.2307360,21),
	(3449,'CAFFERATA',-33.4414160,-62.0868710,21),
	(3450,'CALCHAQUI',-29.8905440,-60.2857380,21),
	(3451,'CAMPO ANDINO',-31.2410700,-60.5311890,21),
	(3452,'CANDIOTI',-31.3995240,-60.7491150,21),
	(3453,'CA?ADA DE GOMEZ',-32.8166870,-61.3899660,21),
	(3454,'CA?ADA DEL UCLE',-33.4103440,-61.6070430,21),
	(3455,'CA?ADA OMBU',-28.3108300,-59.9837170,21),
	(3456,'CA?ADA RICA',-33.5174180,-60.6132970,21),
	(3457,'CA?ADA ROSQUIN',-32.0562930,-61.6025430,21),
	(3458,'CAPITAN BERMUDEZ',-32.8282350,-60.7168210,21),
	(3459,'CAPIVARA',-30.4615030,-61.2722740,21),
	(3460,'CARCARA?A',-32.8588280,-61.1523500,21),
	(3461,'CARLOS PELLEGRINI',-32.0526640,-61.7889500,21),
	(3462,'CARMEN',-33.7327790,-61.7609270,21),
	(3463,'CARMEN DEL SAUCE',-33.2376880,-60.8118680,21),
	(3464,'CARRERAS',-33.5982830,-61.3117680,21),
	(3465,'CARRIZALES',-32.5112870,-61.0305150,21),
	(3466,'CASALEGNO',-32.2638310,-61.1261490,21),
	(3467,'CASAS',-32.1279980,-61.5421280,21),
	(3468,'CASILDA',-33.0424960,-61.1693310,21),
	(3469,'CASTELAR',-31.6691690,-62.0899870,21),
	(3470,'CASTELLANOS',-31.2085400,-61.7255960,21),
	(3471,'CAVOUR',-31.3666330,-61.0172250,21),
	(3472,'CAYASTA',-31.2023250,-60.1614500,21),
	(3473,'CAYASTACITO',-31.1150070,-60.5814000,21),
	(3474,'CENTENO',-32.2980240,-61.4107240,21),
	(3475,'CEPEDA',-33.3984210,-60.6241110,21),
	(3476,'CERES',-29.8823370,-61.9452370,21),
	(3477,'CHABAS',-33.2470670,-61.3575940,21),
	(3478,'CHA?AR LADEADO',-33.3258410,-62.0386500,21),
	(3479,'CHAPUY',-33.8005300,-61.7440180,21),
	(3480,'CHOVET',-33.6007830,-61.6046650,21),
	(3481,'CHRISTOPHERSEN',-34.1846190,-62.0235320,21),
	(3482,'CLASSON',-32.4634200,-61.2910430,21),
	(3483,'COLMENA',-28.7658190,-60.0880420,21),
	(3484,'COLONIA ANA',-30.1450000,-61.9147920,21),
	(3485,'COLONIA BELGRANO',-31.9118940,-61.4023840,21),
	(3486,'COLONIA BICHA',-30.8557810,-61.8509150,21),
	(3487,'COLONIA BOSSI',-30.6691250,-61.7896030,21),
	(3488,'COLONIA CELLO',-31.4338500,-61.8417020,21),
	(3489,'COLONIA DOLORES',-30.3836830,-60.3307250,21),
	(3490,'COLONIA DURAN',-29.5607540,-59.9270690,21),
	(3491,'COLONIA MARGARITA',-31.6868330,-61.6492970,21),
	(3492,'COLONIA MEDICI',-32.5988900,-61.3767120,21),
	(3493,'COLONIA RAQUEL',-30.8392240,-61.4897110,21),
	(3494,'COLONIA ROSA',-30.3022790,-61.9844910,21),
	(3495,'CONSTANZA',-30.6646340,-61.3207550,21),
	(3496,'CORONDA',-31.9756470,-60.9201340,21),
	(3497,'CORONEL ARNOLD',-33.1066180,-60.9665020,21),
	(3498,'CORONEL BOGADO',-33.3175120,-60.6036350,21),
	(3499,'CORONEL FRAGA',-31.1761590,-61.9194620,21),
	(3500,'CORONEL RODOLFO S. DOMINGUEZ',-33.1854760,-60.7228630,21),
	(3501,'CORREA',-32.8494610,-61.2545570,21),
	(3502,'CRISPI',-31.7417250,-62.0378770,21),
	(3503,'CUATRO ESQUINAS',-33.2466230,-60.7649740,21),
	(3504,'CULULU',-31.2053110,-60.9314000,21),
	(3505,'CURUPAYTI',-30.3979120,-61.6518040,21),
	(3506,'DESVIO ARIJON',-31.8727390,-60.8896990,21),
	(3507,'DIAZ',-32.3750590,-61.0914430,21),
	(3508,'DIEGO DE ALVEAR',-34.3743430,-62.1289270,21),
	(3509,'EGUSQUIZA',-31.0976250,-61.6283120,21),
	(3510,'EL ARAZA',-29.1334940,-59.9473150,21),
	(3511,'EL CARAMELO',-33.1288730,-60.7130390,21),
	(3512,'EL RABON',-28.2302080,-59.2639840,21),
	(3513,'EL TREBOL',-32.2030240,-61.7028940,21),
	(3514,'ELISA',-30.6980800,-61.0487590,21),
	(3515,'ELORTONDO',-33.7016560,-61.6163730,21),
	(3516,'EMILIA',-31.0610950,-60.7464380,21),
	(3517,'EMPALME SAN CARLOS',-31.5487780,-60.8127220,21),
	(3518,'EMPALME VILLA CONSTITUCION',-33.2628630,-60.3804640,21),
	(3519,'ESMERALDA',-31.6178590,-61.9329260,21),
	(3520,'ESPERANZA',-31.4505970,-60.9310070,21),
	(3521,'ESTACION CLUCELLAS',-31.5241690,-61.7206460,21),
	(3522,'ESTACION PRESIDENTE ROCA',-31.2319180,-61.6101080,21),
	(3523,'ESTACION SAGUIER',-31.3174600,-61.6940030,21),
	(3524,'ESTEBAN RAMS',-29.7726720,-61.4881510,21),
	(3525,'ESTHER',-31.0434860,-60.6448660,21),
	(3526,'EUSEBIA Y CAROLINA',-30.9476140,-61.8577740,21),
	(3527,'EUSTOLIA',-31.5777450,-61.7836660,21),
	(3528,'FELICIA',-31.2463940,-61.2128820,21),
	(3529,'FIGHIERA',-33.1950190,-60.4706040,21),
	(3530,'FIRMAT',-33.4580500,-61.4914530,21),
	(3531,'FIRMAT',-33.4410240,-61.4731430,21),
	(3532,'FLORENCIA',-28.0427360,-59.2187470,21),
	(3533,'FORTIN OLMOS',-29.0560210,-60.4143950,21),
	(3534,'FRANCK',-31.5888740,-60.9388950,21),
	(3535,'FRAY LUIS BELTRAN',-32.7855580,-60.7291240,21),
	(3536,'FRONTERA',-31.4313990,-62.0634920,21),
	(3537,'FUENTES',-33.1744420,-61.0750540,21),
	(3538,'FUNES',-32.9227830,-60.8121800,21),
	(3539,'GABOTO',-32.4343760,-60.8185390,21),
	(3540,'GALVEZ',-32.0326460,-61.2199610,21),
	(3541,'GARABATO',-28.9553450,-60.1384380,21),
	(3542,'GARIBALDI',-31.6520280,-61.8053910,21),
	(3543,'GATO COLORADO',-28.0245790,-61.1879370,21),
	(3544,'GENERAL GELLY',-33.6018430,-60.5989380,21),
	(3545,'GENERAL LAGOS',-33.1121590,-60.5665740,21),
	(3546,'GESSLER',-31.8770450,-61.1288370,21),
	(3547,'GOBERNADOR CRESPO',-30.3648350,-60.4011680,21),
	(3548,'GODEKEN',-33.4024060,-61.8449310,21),
	(3549,'GODOY',-33.3697100,-60.5094130,21),
	(3550,'GOLONDRINA',-28.5588710,-60.0251920,21),
	(3551,'GRANADERO BAIGORRIA',-32.8613640,-60.7062160,21),
	(3552,'GREGORIA PEREZ DE DENIS',-28.2296230,-61.5297530,21),
	(3553,'GRUTLY',-31.2705030,-61.0727540,21),
	(3554,'GUADALUPE NORTE',-28.9453020,-59.5634150,21),
	(3555,'HELVECIA',-31.0992710,-60.0881510,21),
	(3556,'HERSILIA',-30.0056770,-61.8396470,21),
	(3557,'HIPATIA',-31.1282520,-61.0327680,21),
	(3558,'HUANQUEROS',-30.0136750,-61.2192950,21),
	(3559,'HUGHES',-33.8028560,-61.3358030,21),
	(3560,'HUMBERTO PRIMO',-30.8702090,-61.3485900,21),
	(3561,'HUMBOLDT',-31.4009210,-61.0825520,21),
	(3562,'IBARLUCEA',-32.8512560,-60.7884940,21),
	(3563,'INGENIERO CHANOURDIE',-28.7598140,-59.5772320,21),
	(3564,'INTIYACO',-28.6779250,-60.0724680,21),
	(3565,'IRIGOYEN',-32.1607730,-61.1104260,21),
	(3566,'JACINTO L. ARAUZ',-30.7370340,-60.9759510,21),
	(3567,'JOSEFINA',-31.4079690,-61.9921850,21),
	(3568,'JUAN B. MOLINA',-33.4960210,-60.5122130,21),
	(3569,'JUNCAL',-33.7176150,-61.0500180,21),
	(3570,'KILOMETRO 101',-33.0605850,-60.6856440,21),
	(3571,'KILOMETRO 115',-28.8247510,-60.2256040,21),
	(3572,'LA BRAVA',-30.4477830,-60.1409360,21),
	(3573,'LA CABRAL',-30.0876440,-61.1797070,21),
	(3574,'LA CHISPA',-33.5446700,-61.9736320,21),
	(3575,'LA CRIOLLA',-30.2261580,-60.3664970,21),
	(3576,'LA GALLARETA',-29.5854890,-60.3799390,21),
	(3577,'LA ISLETA',-28.4939360,-59.2950750,21),
	(3578,'LA LUCILA',-30.4196640,-61.0033070,21),
	(3579,'LA PELADA',-30.8679480,-60.9718120,21),
	(3580,'LA PENCA Y CARAGUATA',-30.3484960,-60.5217850,21),
	(3581,'LA RUBIA',-30.1113970,-61.7927610,21),
	(3582,'LA SARITA',-28.9728530,-59.8484990,21),
	(3583,'LA VANGUARDIA',-33.3596260,-60.6584570,21),
	(3584,'LABORDEBOY',-33.7196530,-61.3149210,21),
	(3585,'LAGUNA PAIVA',-31.3092620,-60.6607820,21),
	(3586,'LANDETA',-32.0138150,-62.0611770,21),
	(3587,'LANTERI',-28.8429710,-59.6379290,21),
	(3588,'LARGUIA',-32.5539810,-61.2198000,21),
	(3589,'LARRECHEA',-31.9361310,-61.0477170,21),
	(3590,'LAS AVISPAS',-29.8953130,-61.2911990,21),
	(3591,'LAS BANDURRIAS',-32.1991900,-61.4927940,21),
	(3592,'LAS GARZAS',-28.8490100,-59.5005780,21),
	(3593,'LAS PALMERAS',-30.6326350,-61.6277230,21),
	(3594,'LAS PAREJAS',-32.6826840,-61.5185800,21),
	(3595,'LAS PETACAS',-31.8247280,-62.1089910,21),
	(3596,'LAS ROSAS',-32.4785770,-61.5748040,21),
	(3597,'LAS TOSCAS',-28.3540750,-59.2595520,21),
	(3598,'LAS TUNAS',-31.5722370,-60.9959290,21),
	(3599,'LAZZARINO',-34.1663300,-62.4280380,21),
	(3600,'LEHMANN',-31.1272470,-61.4529570,21),
	(3601,'LLAMBI CAMPBELL',-31.1862570,-60.7484790,21),
	(3602,'LOGRO?O',-29.5042810,-61.6967330,21),
	(3603,'LOMA ALTA',-31.9614430,-61.1783800,21),
	(3604,'LOPEZ',-31.9069670,-61.2799300,21),
	(3605,'LOS AMORES',-28.1063720,-59.9786650,21),
	(3606,'LOS CARDOS',-32.3243030,-61.6321110,21),
	(3607,'LOS LAURELES',-29.3701210,-59.7378680,21),
	(3608,'LOS MOLINOS',-33.1054900,-61.3265020,21),
	(3609,'LOS MUCHACHOS - LA ALBORADA',-33.0915730,-60.7354250,21),
	(3610,'LOS NOGALES',-33.1430060,-61.6066130,21),
	(3611,'LOS QUIRQUINCHOS',-33.3769920,-61.7121940,21),
	(3612,'LOS ZAPALLOS',-31.4956370,-60.4286470,21),
	(3613,'LUCIO  V. LOPEZ',-32.7147300,-61.0226070,21),
	(3614,'LUIS PALACIOS',-32.7848700,-60.9076380,21),
	(3615,'MACIEL',-32.4587650,-60.8931130,21),
	(3616,'MAGGIOLO',-33.7244240,-62.2478390,21),
	(3617,'MALABRIGO',-29.3506760,-59.9705880,21),
	(3618,'MARCELINO ESCALADA',-30.5819490,-60.4693860,21),
	(3619,'MARGARITA',-29.6910880,-60.2524650,21),
	(3620,'MARIA JUANA',-31.6766280,-61.7536010,21),
	(3621,'MARIA LUISA',-31.0126440,-60.9114330,21),
	(3622,'MARIA SUSANA',-32.2654860,-61.9010250,21),
	(3623,'MARIA TERESA',-34.0062850,-61.9004400,21),
	(3624,'MATILDE',-31.7932160,-60.9818060,21),
	(3625,'MAXIMO PAZ',-33.4851440,-60.9567890,21),
	(3626,'MELINCUE',-33.6619140,-61.4576890,21),
	(3627,'MIGUEL TORRES',-33.5299500,-61.4662070,21),
	(3628,'MOISES VILLE',-30.7182010,-61.4691400,21),
	(3629,'MONIGOTES',-30.4901360,-61.6348220,21),
	(3630,'MONJE',-32.3587360,-60.9429040,21),
	(3631,'MONTE FLORES',-33.0800070,-60.6355230,21),
	(3632,'MONTE VERA',-31.5184860,-60.6781000,21),
	(3633,'MONTEFIORE',-29.6678700,-61.8671080,21),
	(3634,'MONTES DE OCA',-32.5679970,-61.7680760,21),
	(3635,'MURPHY',-33.6428620,-61.8577970,21),
	(3636,'NARE',-30.9510760,-60.4682100,21),
	(3637,'NELSON',-31.2670750,-60.7621360,21),
	(3638,'NUEVA LEHMANN',-31.1189050,-61.5151980,21),
	(3639,'NUEVO TORINO',-31.3468820,-61.2357260,21),
	(3640,'?ANDUCITA',-30.3724600,-61.1326020,21),
	(3641,'OLIVEROS',-32.5758220,-60.8553520,21),
	(3642,'PALACIOS',-30.7106690,-61.6236950,21),
	(3643,'PARAJE 29',-29.1097650,-60.2391300,21),
	(3644,'PARAJE CHACO CHICO',-31.5673000,-60.6617470,21),
	(3645,'PARAJE LA COSTA',-31.5177970,-60.6115160,21),
	(3646,'PARAJE SAN MANUEL',-28.8716620,-59.8656040,21),
	(3647,'PAVON',-33.2430750,-60.4062760,21),
	(3648,'PAVON ARRIBA',-33.3134170,-60.8249760,21),
	(3649,'PEDRO GOMEZ CELLO',-30.0384740,-60.3152430,21),
	(3650,'PEREZ',-32.9988110,-60.7721590,21),
	(3651,'PEYRANO',-33.5411380,-60.8043300,21),
	(3652,'PIAMONTE',-32.1458670,-61.9811200,21),
	(3653,'PILAR',-31.4420160,-61.2600250,21),
	(3654,'PI?ERO',-33.1112070,-60.7964960,21),
	(3655,'PLAZA CLUCELLAS',-31.4545510,-61.7074760,21),
	(3656,'PLAZA MATILDE',-31.7974830,-61.0111680,21),
	(3657,'PLAZA SAGUIER',-31.3251050,-61.6777370,21),
	(3658,'POZO BORRADO',-28.9399420,-61.7056000,21),
	(3659,'POZO DE LOS INDIOS',-28.9451310,-60.2520040,21),
	(3660,'PRESIDENTE ROCA',-31.2296980,-61.6101040,21),
	(3661,'PROGRESO',-31.1397690,-60.9902540,21),
	(3662,'PROVIDENCIA',-30.9845870,-61.0218280,21),
	(3663,'PUEBLO ANDINO',-32.6717910,-60.8761810,21),
	(3664,'PUEBLO ESTHER',-33.0730970,-60.5789200,21),
	(3665,'PUEBLO MARINI',-31.0409750,-61.8898830,21),
	(3666,'PUEBLO MU?OZ',-33.1744830,-60.8971400,21),
	(3667,'PUEBLO SANTA LUCIA',-29.2838160,-60.4038560,21),
	(3668,'PUEBLO URANGA',-33.2645300,-60.7083350,21),
	(3669,'PUERTO ARAGON',-32.2447220,-60.9239840,21),
	(3670,'PUERTO ARROYO SECO',-33.1315110,-60.5078880,21),
	(3671,'PUERTO GENERAL SAN MARTIN',-32.7190030,-60.7334930,21),
	(3672,'PUERTO RECONQUISTA',-29.2349870,-59.5802690,21),
	(3673,'PUJATO',-33.0195730,-61.0438320,21),
	(3674,'RAFAELA',-31.2482480,-61.4998120,21),
	(3675,'RAMAYON',-30.6758150,-60.4995550,21),
	(3676,'RAMONA',-31.0937040,-61.9032320,21),
	(3677,'RECONQUISTA',-29.1451470,-59.6510730,21),
	(3678,'RECREO',-31.4935810,-60.7354110,21),
	(3679,'RICARDONE',-32.7736810,-60.7869280,21),
	(3680,'RINCON NORTE',-31.5644330,-60.4149550,21),
	(3681,'RINCON POTRERO',-31.5286180,-60.4756660,21),
	(3682,'ROLDAN',-32.9023880,-60.9108830,21),
	(3683,'ROMANG',-29.5018290,-59.7485930,21),
	(3684,'ROSARIO',-32.9538140,-60.6515380,21),
	(3685,'RUEDA',-33.3358550,-60.4608740,21),
	(3686,'RUFINO',-34.2636100,-62.7117040,21),
	(3687,'SA PEREYRA',-31.5721510,-61.3782230,21),
	(3688,'SALADERO MARIANO CABAL',-30.9229850,-60.0481150,21),
	(3689,'SALTO GRANDE',-32.6680220,-61.0890490,21),
	(3690,'SAN AGUSTIN',-31.6847780,-60.9413150,21),
	(3691,'SAN ANTONIO',-31.2128130,-61.7257200,21),
	(3692,'SAN ANTONIO DE OBLIGADO',-28.3823470,-59.2645740,21),
	(3693,'SAN BERNARDO',-28.6300340,-61.5069220,21),
	(3694,'SAN BERNARDO',-30.8905400,-60.5751460,21),
	(3695,'SAN CARLOS CENTRO',-31.7284180,-61.0913960,21),
	(3696,'SAN CARLOS NORTE',-31.6743110,-61.0762590,21),
	(3697,'SAN CARLOS SUD',-31.7575950,-61.1007510,21),
	(3698,'SAN CRISTOBAL',-30.3116870,-61.2386440,21),
	(3699,'SAN EDUARDO',-33.8723970,-62.0917160,21),
	(3700,'SAN EUGENIO',-32.0768950,-61.1174230,21),
	(3701,'SAN FABIAN',-32.1383720,-60.9832660,21),
	(3702,'SAN FRANCISCO DE SANTA FE',-33.5905400,-62.1244690,21),
	(3703,'SAN GENARO',-32.3735380,-61.3606570,21),
	(3704,'SAN GENARO NORTE',-32.3658070,-61.3401800,21),
	(3705,'SAN GREGORIO',-34.3265190,-62.0379530,21),
	(3706,'SAN GUILLERMO',-30.3602100,-61.9178270,21),
	(3707,'SAN JAVIER',-30.5822070,-59.9313990,21),
	(3708,'SAN JERONIMO DEL SAUCE',-31.6112120,-61.1425180,21),
	(3709,'SAN JERONIMO NORTE',-31.5545320,-61.0785140,21),
	(3710,'SAN JERONIMO SUD',-32.8787350,-61.0243900,21),
	(3711,'SAN JORGE',-31.8980040,-61.8603290,21),
	(3712,'SAN JOSE DE LA ESQUINA',-33.1140490,-61.7033120,21),
	(3713,'SAN JOSE DEL RINCON',-31.6061470,-60.5696320,21),
	(3714,'SAN JUSTO',-30.7908670,-60.5940370,21),
	(3715,'SAN LORENZO',-32.7523070,-60.7356210,21),
	(3716,'SAN MARIANO',-31.6702110,-61.3480210,21),
	(3717,'SAN MARTIN DE LAS ESCOBAS',-31.8596740,-61.5702160,21),
	(3718,'SAN MARTIN NORTE',-30.3493000,-60.3040550,21),
	(3719,'SAN VICENTE',-31.6999510,-61.5688420,21),
	(3720,'SANCTI SPIRITU',-34.0095290,-62.2424500,21),
	(3721,'SANFORD',-33.1477730,-61.2778570,21),
	(3722,'SANTA CLARA DE BUENA VISTA',-31.7657960,-61.3210240,21),
	(3723,'SANTA CLARA DE SAGUIER',-31.3373590,-61.8181780,21),
	(3724,'SANTA FE',-31.6451650,-60.7093150,21),
	(3725,'SANTA ISABEL',-33.8894890,-61.6965910,21),
	(3726,'SANTA MARGARITA',-28.3149550,-61.5503300,21),
	(3727,'SANTA ROSA DE CALCHINES',-31.4223660,-60.3348940,21),
	(3728,'SANTA TERESA',-33.4385470,-60.7911540,21),
	(3729,'SANTO DOMINGO',-31.1222770,-60.8888850,21),
	(3730,'SANTO TOME',-31.6648420,-60.7626400,21),
	(3731,'SANTURCE',-30.1866450,-61.1785280,21),
	(3732,'SARGENTO CABRAL',-33.4330130,-60.6301910,21),
	(3733,'SARMIENTO',-31.0606020,-61.1678900,21),
	(3734,'SASTRE',-31.7695330,-61.8294530,21),
	(3735,'SAUCE VIEJO',-31.7630680,-60.8898610,21),
	(3736,'SERODINO',-32.6055740,-60.9481760,21),
	(3737,'SILVA',-30.4486400,-60.4300700,21),
	(3738,'SOLDINI',-33.0239870,-60.7561880,21),
	(3739,'SOLEDAD',-30.6225540,-60.9166110,21),
	(3740,'STEPHENSON',-33.4178570,-60.5572140,21),
	(3741,'SUARDI',-30.5361450,-61.9616810,21),
	(3742,'SUNCHALES',-30.9468560,-61.5612500,21),
	(3743,'SUSANA',-31.3575960,-61.5164390,21),
	(3744,'TACUARENDI',-28.4202060,-59.2556740,21),
	(3745,'TACURAL',-30.8481070,-61.5924020,21),
	(3746,'TARTAGAL',-28.6722100,-59.8468200,21),
	(3747,'TEODELINA',-34.1916130,-61.5272260,21),
	(3748,'THEOBALD',-33.3122170,-60.3120510,21),
	(3749,'TIMBUES',-32.6696250,-60.7943550,21),
	(3750,'TOBA',-29.2675880,-60.1726560,21),
	(3751,'TORTUGAS',-32.7482980,-61.8203360,21),
	(3752,'TOSTADO',-29.2344730,-61.7719820,21),
	(3753,'TOTORAS',-32.5863520,-61.1673290,21),
	(3754,'TRAILL',-31.9225990,-61.7024470,21),
	(3755,'VENADO TUERTO',-33.7473150,-61.9695360,21),
	(3756,'VERA',-29.4629200,-60.2133480,21),
	(3757,'VERA Y PINTADO',-30.1436430,-60.3373530,21),
	(3758,'VIDELA',-30.9465030,-60.6564410,21),
	(3759,'VILA',-31.1923710,-61.8336140,21),
	(3760,'VILLA ADELINA',-31.7077600,-60.7883380,21),
	(3761,'VILLA AMELIA',-33.1771930,-60.6677300,21),
	(3762,'VILLA ANA',-28.4933210,-59.6141210,21),
	(3763,'VILLA CA?AS',-34.0061340,-61.6063880,21),
	(3764,'VILLA CONSTITUCION',-33.2324130,-60.3324990,21),
	(3765,'VILLA DEL PLATA',-33.1271770,-60.7090280,21),
	(3766,'VILLA ELOISA',-32.9643240,-61.5478330,21),
	(3767,'VILLA ELVIRA',-32.6429190,-60.8177100,21),
	(3768,'VILLA GOBERNADOR GALVEZ',-33.0224080,-60.6336420,21),
	(3769,'VILLA GUILLERMINA',-28.2450750,-59.4547600,21),
	(3770,'VILLA JOSEFINA',-31.4418600,-62.0297170,21),
	(3771,'VILLA LA RIVERA - OLIVEROS',-32.6334310,-60.8208780,21),
	(3772,'VILLA LA RIVERA - PUEBLO ANDINO',-32.6413860,-60.8234180,21),
	(3773,'VILLA LAURA',-31.3738960,-60.6647180,21),
	(3774,'VILLA MINETTI',-28.6247100,-61.6279860,21),
	(3775,'VILLA MUGUETA',-33.3139350,-61.0570700,21),
	(3776,'VILLA OCAMPO',-28.4904510,-59.3587640,21),
	(3777,'VILLA SAN JOSE',-31.3391350,-61.6225880,21),
	(3778,'VILLA SARALEGUI',-30.5427030,-60.7477100,21),
	(3779,'VILLA TRINIDAD',-30.2176460,-61.8775680,21),
	(3780,'VILLADA',-33.3503090,-61.4460370,21),
	(3781,'VIRGINIA',-30.7402530,-61.3409670,21),
	(3782,'WHEELWRIGHT',-33.7942940,-61.2114410,21),
	(3783,'WILDERMUTH',-31.9469900,-61.4025550,21),
	(3784,'ZAVALLA',-33.0215700,-60.8793030,21),
	(3785,'ZENON PEREYRA',-31.5643970,-61.8984250,21),
	(3786,'ABRA GRANDE',-27.2931340,-64.3790660,22),
	(3787,'AEROLITO',-27.2367910,-62.3796550,22),
	(3788,'ALHUAMPA',-27.1327720,-62.5491670,22),
	(3789,'ANCAJAN',-28.4309060,-64.9233000,22),
	(3790,'ANTAJE',-27.6273170,-64.2527820,22),
	(3791,'A?ATUYA',-28.4645610,-62.8371550,22),
	(3792,'ARDILES',-27.4150070,-64.5005840,22),
	(3793,'ARGENTINA',-29.5347580,-62.2668040,22),
	(3794,'ARRAGA',-28.0530240,-64.2227940,22),
	(3795,'AVERIAS',-28.7471560,-62.4500330,22),
	(3796,'BANDERA',-28.8825050,-62.2661990,22),
	(3797,'BANDERA BAJADA',-27.2724260,-63.5140110,22),
	(3798,'BELTRAN',-27.8315910,-64.0613790,22),
	(3799,'BREA POZO',-28.2433820,-63.9464100,22),
	(3800,'CAMPO GALLO',-26.5815890,-62.8521380,22),
	(3801,'CA?ADA ESCOBAR',-27.7093510,-64.0345630,22),
	(3802,'CASARES',-28.9529390,-62.8005350,22),
	(3803,'CASPI CORRAL',-27.3907600,-63.5489560,22),
	(3804,'CHA?AR POZO DE ABAJO',-27.5668160,-64.6802360,22),
	(3805,'CHAUCHILLAS',-27.5214740,-64.5558860,22),
	(3806,'CHAUPI POZO',-27.5090070,-64.4230090,22),
	(3807,'CHILCA JULIANA',-28.7964590,-63.5791250,22),
	(3808,'CHOYA',-28.4942400,-64.8563030,22),
	(3809,'CLODOMIRA',-27.5762760,-64.1322400,22),
	(3810,'COLONIA ALPINA',-30.0603800,-62.1051310,22),
	(3811,'COLONIA DORA',-28.6031170,-62.9510730,22),
	(3812,'COLONIA EL SIMBOLAR',-27.7226470,-63.8598770,22),
	(3813,'COLONIA SAN JUAN',-27.6175440,-63.3018780,22),
	(3814,'COLONIA TINCO',-27.4319200,-64.9313040,22),
	(3815,'CORONEL MANUEL L. RICO',-26.3836120,-61.8096460,22),
	(3816,'CUATRO BOCAS',-28.8813440,-61.8646070,22),
	(3817,'DONADEU',-26.7266820,-62.7208020,22),
	(3818,'EL 49',-29.0559760,-63.9559620,22),
	(3819,'EL ARENAL',-26.7716730,-64.6015460,22),
	(3820,'EL BOBADAL',-26.7184010,-64.3982910,22),
	(3821,'EL CABURE',-26.0165510,-62.3330210,22),
	(3822,'EL CHARCO',-27.2257680,-64.7003030,22),
	(3823,'EL CHARCO',-27.2348880,-64.6978220,22),
	(3824,'EL COLORADO',-27.9168520,-62.1779640,22),
	(3825,'EL CRUCERO',-27.5779250,-63.3309310,22),
	(3826,'EL CUADRADO',-28.2978510,-61.8013600,22),
	(3827,'EL DEAN',-27.7173430,-64.3318930,22),
	(3828,'EL MOJON',-26.0941780,-64.3077510,22),
	(3829,'EL MOJON',-27.9899320,-64.2133550,22),
	(3830,'EL RINCON',-26.7333690,-64.4768350,22),
	(3831,'EL ZANJON',-27.8750410,-64.2433910,22),
	(3832,'ESTACION ATAMISQUI',-28.4946170,-63.9414270,22),
	(3833,'ESTACION LA PUNTA',-28.4119640,-64.7564290,22),
	(3834,'ESTACION ROBLES',-28.0511950,-63.9907280,22),
	(3835,'ESTACION TABOADA',-28.0088250,-63.7454950,22),
	(3836,'ESTACION TACA?ITAS',-28.6254000,-62.6050050,22),
	(3837,'FERNANDEZ',-27.9241250,-63.8937760,22),
	(3838,'FORTIN INCA',-29.1249940,-61.9377330,22),
	(3839,'FRIAS',-28.6399180,-65.1306370,22),
	(3840,'GARZA',-28.1529580,-63.5345160,22),
	(3841,'GRAMILLA',-27.3020070,-64.6130860,22),
	(3842,'GRAMILLA',-27.2971940,-64.6107540,22),
	(3843,'GUARDIA ESCOLTA',-28.9901980,-62.1274460,22),
	(3844,'HASSE',-27.0720920,-62.6462010,22),
	(3845,'HERNAN MEJIA MIRAVAL',-27.1785920,-62.4685540,22),
	(3846,'HERRERA',-28.4852360,-63.0697580,22),
	(3847,'HUYAMAMPA',-27.3875690,-64.2962550,22),
	(3848,'ICA?O',-28.6784710,-62.8846260,22),
	(3849,'INGENIERO FORRES',-27.8774910,-63.9791360,22),
	(3850,'ISCA YACU',-27.0297710,-64.6107280,22),
	(3851,'ISCA YACU SEMAUL',-27.0332820,-64.6122140,22),
	(3852,'KILOMETRO 30',-27.3845040,-63.5296770,22),
	(3853,'LA AURORA',-27.4964060,-64.2315610,22),
	(3854,'LA BANDA',-27.7339060,-64.2389610,22),
	(3855,'LA CA?ADA',-27.7113500,-63.7764660,22),
	(3856,'LA DARSENA',-27.6984440,-64.2891590,22),
	(3857,'LA FIRMEZA',-25.9734490,-63.1213350,22),
	(3858,'LA INVERNADA',-27.3853380,-63.4863110,22),
	(3859,'LA NENA',-28.4600120,-61.8401410,22),
	(3860,'LA NUEVA DONOSA',-27.4563910,-64.9277000,22),
	(3861,'LAPRIDA',-28.3756320,-64.5305520,22),
	(3862,'LAS DELICIAS',-26.6821240,-64.0011050,22),
	(3863,'LAS TINAJAS',-27.4618190,-62.9188080,22),
	(3864,'LAVALLE',-28.1989650,-65.1121670,22),
	(3865,'LIBERTAD',-27.0762150,-63.0708910,22),
	(3866,'LILO VIEJO',-26.9408020,-62.9565690,22),
	(3867,'LOS CARDOZOS',-27.9125130,-64.1953800,22),
	(3868,'LOS JURIES',-28.4678990,-62.1097290,22),
	(3869,'LOS MIRANDA',-27.4719470,-64.6159940,22),
	(3870,'LOS NU?EZ',-27.5338400,-64.5310860,22),
	(3871,'LOS PIRPINTOS',-26.1336340,-62.0624000,22),
	(3872,'LOS QUIROGA',-27.6541810,-64.3550860,22),
	(3873,'LOS SORIA',-27.6278440,-64.3665480,22),
	(3874,'LOS TELARES',-28.9858790,-63.4474430,22),
	(3875,'LOS TIGRES',-25.9094980,-62.5920550,22),
	(3876,'LUGONES',-28.3346450,-63.3436020,22),
	(3877,'MACO',-27.8684490,-64.2176850,22),
	(3878,'MALBRAN',-29.3480280,-62.4374720,22),
	(3879,'MANSUPA',-27.4611340,-64.9065550,22),
	(3880,'MAQUITO',-27.8830720,-64.2103650,22),
	(3881,'MATARA',-28.1104140,-63.1950710,22),
	(3882,'MEDELLIN',-28.6499390,-63.7875450,22),
	(3883,'MINERVA',-27.5383380,-63.3844470,22),
	(3884,'MONTE QUEMADO',-25.8055240,-62.8421850,22),
	(3885,'MORALES',-27.6811370,-64.3628120,22),
	(3886,'NUEVA ESPERANZA',-26.2029490,-64.2386860,22),
	(3887,'NUEVA ESPERANZA',-26.0338470,-63.3180060,22),
	(3888,'NUEVA FRANCIA',-28.1833430,-64.1968110,22),
	(3889,'PALO NEGRO',-29.6773080,-62.1374430,22),
	(3890,'PAMPA DE LOS GUANACOS',-26.2344070,-61.8376680,22),
	(3891,'PATAY',-26.8432670,-62.9328920,22),
	(3892,'POZO BETBEDER',-26.4117980,-64.3406020,22),
	(3893,'POZO HONDO',-27.1646220,-64.4833860,22),
	(3894,'POZUELOS',-27.3041200,-64.7530800,22),
	(3895,'PUEBLO PABLO TORELO',-27.3309030,-62.2263990,22),
	(3896,'PUESTO DE SAN ANTONIO',-27.6663890,-64.3770290,22),
	(3897,'QUIMILI',-27.6502220,-62.4162410,22),
	(3898,'RAMIREZ DE VELAZCO',-29.2346590,-63.4745900,22),
	(3899,'RAPELLI',-26.3973760,-64.5044630,22),
	(3900,'REAL SAYANA',-28.8166330,-62.8455340,22),
	(3901,'RODEO DE VALDEZ',-27.5527260,-64.5111170,22),
	(3902,'ROVERSI',-27.5934680,-61.9454400,22),
	(3903,'SACHAYOJ',-26.6714340,-61.8174310,22),
	(3904,'SAN JOSE DEL BOQUERON',-26.1204000,-63.7053350,22),
	(3905,'SAN PEDRO',-27.9463560,-64.1638900,22),
	(3906,'SAN PEDRO',-28.4601110,-64.8665610,22),
	(3907,'SAN PEDRO',-27.9573060,-65.1704510,22),
	(3908,'SAN PEDRO',-26.7405310,-64.3965510,22),
	(3909,'SANTA MARIA',-27.9515160,-64.2196920,22),
	(3910,'SANTIAGO DEL ESTERO',-27.7906470,-64.2622740,22),
	(3911,'SANTO DOMINGO',-26.2295350,-63.7775040,22),
	(3912,'SANTOS LUGARES',-26.6920900,-63.5584890,22),
	(3913,'SAUZAL',-27.4916710,-64.6013990,22),
	(3914,'SELVA',-29.7604900,-62.0525060,22),
	(3915,'SIMBOL',-28.1030540,-64.2130480,22),
	(3916,'SIMBOLAR',-27.6504840,-64.1912420,22),
	(3917,'SOL DE JULIO',-29.5623400,-63.4575920,22),
	(3918,'SUMAMAO',-28.1717130,-64.1010410,22),
	(3919,'SUMAMPA',-29.3856770,-63.4739810,22),
	(3920,'SUMAMPA VIEJO',-29.3873860,-63.4413440,22),
	(3921,'SUNCHO CORRAL',-27.9373440,-63.4286560,22),
	(3922,'TAPSO',-28.4037800,-65.0964320,22),
	(3923,'TERMAS DE RIO HONDO',-27.5012560,-64.8552590,22),
	(3924,'TINTINA',-27.0269430,-62.7014760,22),
	(3925,'TOMAS YOUNG',-28.6023460,-62.1835150,22),
	(3926,'TRAMO 16',-27.6966790,-64.1719810,22),
	(3927,'TRAMO 20',-27.7241700,-64.1199540,22),
	(3928,'URUTAU',-25.7123770,-63.0412760,22),
	(3929,'VACA HUA?UNA',-27.4744910,-63.4699370,22),
	(3930,'VILELAS',-27.9593450,-62.6095800,22),
	(3931,'VILLA ATAMISQUI',-28.4939260,-63.8205160,22),
	(3932,'VILLA FIGUEROA',-27.7220220,-63.5077020,22),
	(3933,'VILLA GENERAL MITRE',-29.1446440,-62.6542000,22),
	(3934,'VILLA GIMENEZ',-27.5749900,-64.4753060,22),
	(3935,'VILLA LA PUNTA',-28.3713650,-64.7921190,22),
	(3936,'VILLA MAILIN',-28.4831040,-63.2790900,22),
	(3937,'VILLA NUEVA',-28.3143320,-63.9957670,22),
	(3938,'VILLA OJO DE AGUA',-29.5029030,-63.6939740,22),
	(3939,'VILLA RIO HONDO',-27.5983200,-64.8739940,22),
	(3940,'VILLA SALAVINA',-28.8049330,-63.4286950,22),
	(3941,'VILLA SAN MARTIN',-28.3039640,-64.1851460,22),
	(3942,'VILLA SILIPICA',-28.1105010,-64.1476920,22),
	(3943,'VILLA TURISTICA DEL EMBALSE',-27.5168490,-64.9027290,22),
	(3944,'VILLA UNION',-29.4169970,-62.7903870,22),
	(3945,'VILMER',-27.7878020,-64.1510010,22),
	(3946,'VINARA',-27.3797060,-64.7967470,22),
	(3947,'VUELTA DE LA BARRANCA',-27.8762020,-64.1878790,22),
	(3948,'WEISBURD',-27.3177470,-62.5883450,22),
	(3949,'YANDA',-27.9106240,-64.2300550,22),
	(3950,'YUCHAN',-27.7812830,-62.9762830,22),
	(3951,'LAGUNA ESCONDIDA',-54.6376860,-67.7669410,23),
	(3952,'RIO GRANDE',-53.7870470,-67.7132350,23),
	(3953,'TOLHUIN',-54.5113870,-67.1958040,23),
	(3954,'USHUAIA',-54.8036400,-68.3160620,23),
	(3955,'ACHERAL',-27.1207210,-65.4705650,24),
	(3956,'AGUILARES',-27.4298510,-65.6204070,24),
	(3957,'ALDERETES',-26.8220640,-65.1385920,24),
	(3958,'ALPACHIRI',-27.3364640,-65.7560710,24),
	(3959,'ALTO VERDE',-27.3793990,-65.6079260,24),
	(3960,'AMAICHA DEL VALLE',-26.5936380,-65.9279890,24),
	(3961,'ARCADIA',-27.3069480,-65.5760670,24),
	(3962,'ATAHONA',-27.4175000,-65.2878400,24),
	(3963,'BANDA DEL RIO SALI',-26.8438680,-65.1632840,24),
	(3964,'BARRIO AEROPUERTO',-26.8498780,-65.1293140,24),
	(3965,'BARRIO ARAUJO',-26.8418180,-65.2753560,24),
	(3966,'BARRIO CASA ROSADA',-27.0430590,-65.4291440,24),
	(3967,'BARRIO EL CRUCE',-26.7081440,-65.2200820,24),
	(3968,'BARRIO LOMAS DE TAFI',-26.7465810,-65.2334170,24),
	(3969,'BARRIO MUTUAL SAN MARTIN',-26.7180170,-65.2249110,24),
	(3970,'BARRIO PARADA 14',-26.7527990,-65.2484270,24),
	(3971,'BARRIO SAN FELIPE',-26.8749840,-65.2322260,24),
	(3972,'BARRIO SAN JORGE',-26.6843400,-65.0481350,24),
	(3973,'BARRIO SAN JOSE III',-26.7954020,-65.2653910,24),
	(3974,'BARRIO U.T.A. II',-26.7562640,-65.2390250,24),
	(3975,'BELLA VISTA',-27.0310040,-65.3086380,24),
	(3976,'CAMPO DE HERRERA',-27.0256030,-65.3464720,24),
	(3977,'CAPITAN CACERES',-27.1895220,-65.6039650,24),
	(3978,'CHOROMORO',-26.4107460,-65.3199730,24),
	(3979,'COLALAO DEL VALLE',-26.3605360,-65.9589200,24),
	(3980,'COLOMBRES',-26.8835750,-65.0999410,24),
	(3981,'COLONIA MAYO - BARRIO LA MILAGROSA',-26.8339560,-64.9893800,24),
	(3982,'CONCEPCION',-27.3421790,-65.5985580,24),
	(3983,'COUNTRY JOCKEY CLUB',-26.7629680,-65.3079480,24),
	(3984,'DIAG. NORTE - LUZ Y FUERZA - LOS POCITOS',-26.7815250,-65.2193040,24),
	(3985,'EL BRACHO',-26.9921020,-65.1812450,24),
	(3986,'EL CADILLAL',-26.6325440,-65.2057410,24),
	(3987,'EL CHA?AR',-26.7583610,-65.0693890,24),
	(3988,'EL CORTE',-26.8184460,-65.1556780,24),
	(3989,'EL MANANTIAL',-26.8445600,-65.2856690,24),
	(3990,'EL MOLLAR',-26.9392210,-65.7081540,24),
	(3991,'EL NARANJO',-26.6571860,-65.0483600,24),
	(3992,'EL PARAISO',-26.8346470,-65.0955590,24),
	(3993,'ESTACION ARAOZ',-27.0571150,-64.9218120,24),
	(3994,'EX INGENIO ESPERANZA',-26.8440190,-65.0924760,24),
	(3995,'EX INGENIO LOS RALOS',-26.8771000,-64.9748990,24),
	(3996,'EX INGENIO LUJAN',-26.8541670,-65.0915200,24),
	(3997,'EX INGENIO NUEVA BAVIERA',-27.0697370,-65.3999010,24),
	(3998,'EX INGENIO SAN JOSE',-26.7992050,-65.2646760,24),
	(3999,'FAMAILLA',-27.0450460,-65.3956360,24),
	(4000,'GARMENDIA',-26.5736890,-64.5576860,24),
	(4001,'GRANEROS',-27.6485250,-65.4389220,24),
	(4002,'ILTICO',-27.3359620,-65.6527260,24),
	(4003,'INGENIO FRONTERITA',-27.0354710,-65.4556160,24),
	(4004,'INGENIO LA FLORIDA',-26.8167180,-65.0802670,24),
	(4005,'INGENIO SAN PABLO',-26.8739970,-65.3103500,24),
	(4006,'INGENIO SANTA BARBARA',-27.4557980,-65.6064960,24),
	(4007,'JUAN BAUTISTA ALBERDI',-27.5859770,-65.6208440,24),
	(4008,'LA COCHA',-27.7730050,-65.5864570,24),
	(4009,'LA FLORIDA',-26.8190590,-65.0943210,24),
	(4010,'LA RAMADA',-26.6881470,-64.9464370,24),
	(4011,'LA REDUCCION',-26.9601340,-65.3514730,24),
	(4012,'LA TRINIDAD',-27.4134730,-65.5152310,24),
	(4013,'LAMADRID',-27.6466140,-65.2504930,24),
	(4014,'LAS CEJAS',-26.8878170,-64.7430770,24),
	(4015,'LASTENIA',-26.8621610,-65.1625830,24),
	(4016,'LOS GUTIERREZ',-26.8020460,-65.1258770,24),
	(4017,'LOS PUESTOS',-27.2809000,-65.0190300,24),
	(4018,'LOS SARMIENTOS',-27.4137210,-65.6954400,24),
	(4019,'LULES',-26.9239380,-65.3364020,24),
	(4020,'MACOMITAS',-26.7303440,-65.0113600,24),
	(4021,'MANUEL GARCIA FERNANDEZ',-26.9557030,-65.2720730,24),
	(4022,'MEDINA',-27.4188360,-65.5333450,24),
	(4023,'MONTEAGUDO',-27.5109100,-65.2776930,24),
	(4024,'MONTEROS',-27.1674770,-65.4987770,24),
	(4025,'NUEVA TRINIDAD',-27.4845110,-65.4912510,24),
	(4026,'PACARA',-26.8992130,-65.1492860,24),
	(4027,'PALA PALA',-27.0563440,-65.2181040,24),
	(4028,'PIEDRABUENA',-26.7398610,-64.6493040,24),
	(4029,'PUEBLO INDEPENDENCIA',-27.2207850,-65.5274170,24),
	(4030,'RANCHILLOS',-26.9547870,-65.0483780,24),
	(4031,'RIO CHICO',-27.4809960,-65.6214060,24),
	(4032,'RIO COLORADO',-27.1496800,-65.3560510,24),
	(4033,'RIO SECO',-27.2690480,-65.5593460,24),
	(4034,'SAN ANDRES',-26.8884970,-65.1963400,24),
	(4035,'SAN JOSE DE LA COCHA',-27.7315970,-65.5827600,24),
	(4036,'SAN MIGUEL DE TUCUMAN',-26.8290100,-65.2105440,24),
	(4037,'SAN PEDRO DE COLALAO',-26.2357650,-65.4938520,24),
	(4038,'SAN ROQUE',-27.3293620,-65.5823860,24),
	(4039,'SANTA ANA',-27.4722320,-65.6841680,24),
	(4040,'SANTA CRUZ',-27.3865620,-65.4563890,24),
	(4041,'SANTA LUCIA',-27.0930810,-65.5325620,24),
	(4042,'SANTA ROSA DE LEALES',-27.1378930,-65.2614170,24),
	(4043,'SARGENTO MOYA',-27.2278200,-65.6598560,24),
	(4044,'SIMOCA',-27.2624230,-65.3552890,24),
	(4045,'SOLDADO MALDONADO',-27.1423360,-65.5656820,24),
	(4046,'TACO RALO',-27.8350680,-65.1946020,24),
	(4047,'TAFI DEL VALLE',-26.8527980,-65.7085570,24),
	(4048,'TAFI VIEJO',-26.7312680,-65.2558180,24),
	(4049,'TENIENTE BERDINA',-27.0500350,-65.4875830,24),
	(4050,'VILLA BELGRANO',-27.5271410,-65.6146130,24),
	(4051,'VILLA BENJAMIN ARAOZ',-26.5561600,-64.7983840,24),
	(4052,'VILLA BURRUYACU',-26.5003320,-64.7419940,24),
	(4053,'VILLA CARMELA',-26.7677750,-65.2708440,24),
	(4054,'VILLA CHICLIGASTA',-27.4352230,-65.1635440,24),
	(4055,'VILLA CLODOMIRO HILERET',-27.4739470,-65.6592300,24),
	(4056,'VILLA DE LEALES',-27.1942610,-65.3095560,24),
	(4057,'VILLA DE TRANCAS',-26.2307320,-65.2851660,24),
	(4058,'VILLA FIAD - INGENIO LEALES',-27.0677470,-65.2354490,24),
	(4059,'VILLA LAS FLORES',-26.7695780,-65.2336100,24),
	(4060,'VILLA MARIANO MORENO - EL COLMENAR',-26.7759820,-65.2019700,24),
	(4061,'VILLA PADRE MONTI',-26.5064030,-64.9998990,24),
	(4062,'VILLA QUINTEROS',-27.2536710,-65.5524720,24),
	(4063,'VILLA RECASTE',-26.8868080,-65.0074360,24),
	(4064,'VILLA TERCERA',-26.8914690,-65.0131820,24),
	(4065,'YERBA BUENA - MARCOS PAZ',-26.8088450,-65.3106990,24);

/*!40000 ALTER TABLE `ciudades` ENABLE KEYS */;
UNLOCK TABLES;


# Volcado de tabla convivientes
# ------------------------------------------------------------

DROP TABLE IF EXISTS `convivientes`;

CREATE TABLE `convivientes` (
  `id` int(11) unsigned NOT NULL AUTO_INCREMENT,
  `nombre_y_apellido` varchar(100) DEFAULT NULL,
  `edad` int(22) DEFAULT NULL,
  `vinculo_victima` int(11) DEFAULT NULL,
  `vinculo_otro` varchar(60) DEFAULT NULL,
  `niveleducativo_id` int(11) DEFAULT NULL,
  `condiciones_de_trabajo` int(11) DEFAULT NULL,
  `idCaso` int(11) DEFAULT NULL,
  `idVictim` int(11) DEFAULT NULL,
  `created_at` timestamp NULL DEFAULT NULL,
  `userID_create` int(11) DEFAULT NULL,
  `updated_at` timestamp NULL DEFAULT NULL,
  `userID_modify` int(11) DEFAULT NULL,
  `activo` int(11) DEFAULT NULL,
  PRIMARY KEY (`id`)
) ENGINE=InnoDB DEFAULT CHARSET=latin1;

LOCK TABLES `convivientes` WRITE;
/*!40000 ALTER TABLE `convivientes` DISABLE KEYS */;

INSERT INTO `convivientes` (`id`, `nombre_y_apellido`, `edad`, `vinculo_victima`, `vinculo_otro`, `niveleducativo_id`, `condiciones_de_trabajo`, `idCaso`, `idVictim`, `created_at`, `userID_create`, `updated_at`, `userID_modify`, `activo`)
VALUES
	(1,'eugenia',NULL,NULL,NULL,NULL,NULL,NULL,NULL,NULL,NULL,NULL,NULL,NULL),
	(2,'Se desconoce',NULL,NULL,NULL,NULL,NULL,NULL,NULL,NULL,NULL,NULL,NULL,NULL),
	(3,'Josefa',0,NULL,NULL,NULL,NULL,NULL,NULL,NULL,NULL,NULL,NULL,NULL),
	(4,'Cecilia',33,2,NULL,NULL,NULL,NULL,NULL,NULL,NULL,NULL,NULL,NULL),
	(5,'Mar√≠a Josefa',37,3,NULL,2,1,99999,NULL,NULL,NULL,NULL,NULL,NULL),
	(6,'Lorenzo Gomez',21,1,NULL,1,3,99999,NULL,NULL,NULL,NULL,NULL,NULL),
	(7,'Cecilia Benitez',18,1,NULL,4,2,99999,NULL,NULL,NULL,NULL,NULL,NULL),
	(8,'Romina',22,1,NULL,1,2,99999,NULL,NULL,NULL,NULL,NULL,NULL),
	(9,'Cecilia',25,2,NULL,2,2,99999,NULL,NULL,NULL,NULL,NULL,NULL),
	(10,'maria de las calandras',97,1,NULL,2,2,99999,NULL,NULL,NULL,NULL,NULL,NULL),
	(11,'tomasa',21,3,NULL,1,4,99999,NULL,NULL,NULL,NULL,NULL,NULL),
	(12,'NOMBRE CONVIVIENTE 1',32,6,NULL,3,2,99999,NULL,NULL,NULL,NULL,NULL,NULL),
	(13,'CONVIVIENTE 2',30,2,NULL,4,2,99999,NULL,NULL,NULL,NULL,NULL,NULL),
	(14,'Se desconoce',43,6,NULL,4,5,99999,NULL,NULL,NULL,NULL,NULL,NULL),
	(15,'NOMBRE CONOCIDO',0,6,NULL,6,5,99999,NULL,NULL,NULL,NULL,NULL,NULL),
	(16,'NOMBRE Y APELLIDA',23,1,NULL,6,2,34,NULL,NULL,NULL,NULL,NULL,NULL),
	(17,'NOMBRE Y APELLIDO 3',19,2,NULL,4,2,34,NULL,NULL,NULL,NULL,NULL,NULL),
	(18,'CONVI1',45,3,NULL,5,3,35,NULL,NULL,NULL,NULL,NULL,NULL),
	(19,'CONVI2',56,4,NULL,2,2,35,NULL,NULL,NULL,NULL,NULL,NULL),
	(20,'NO FUNCIONA A D',20,4,NULL,1,2,35,NULL,NULL,NULL,NULL,NULL,NULL),
	(21,'CONVI1',23,6,NULL,2,2,43,NULL,NULL,NULL,NULL,NULL,NULL),
	(22,'CONVI2',20,6,NULL,2,2,43,NULL,NULL,NULL,NULL,NULL,NULL),
	(23,NULL,NULL,NULL,NULL,NULL,NULL,43,NULL,NULL,NULL,NULL,NULL,NULL),
	(24,'CONVI3',40,6,NULL,4,2,43,NULL,NULL,NULL,NULL,NULL,NULL),
	(25,NULL,NULL,NULL,NULL,NULL,NULL,43,NULL,NULL,NULL,NULL,NULL,NULL),
	(26,NULL,NULL,NULL,NULL,NULL,NULL,43,NULL,NULL,NULL,NULL,NULL,NULL),
	(27,NULL,NULL,NULL,NULL,NULL,NULL,43,NULL,NULL,NULL,NULL,NULL,NULL),
	(28,NULL,NULL,NULL,NULL,NULL,NULL,43,NULL,NULL,NULL,NULL,NULL,NULL),
	(29,NULL,NULL,NULL,NULL,NULL,NULL,43,NULL,NULL,NULL,NULL,NULL,NULL),
	(30,NULL,NULL,NULL,NULL,NULL,NULL,43,NULL,NULL,NULL,NULL,NULL,NULL),
	(31,NULL,NULL,NULL,NULL,NULL,NULL,43,NULL,NULL,NULL,NULL,NULL,NULL),
	(32,NULL,NULL,NULL,NULL,NULL,NULL,43,NULL,NULL,NULL,NULL,NULL,NULL),
	(33,NULL,NULL,NULL,NULL,NULL,NULL,43,NULL,NULL,NULL,NULL,NULL,NULL),
	(34,NULL,NULL,NULL,NULL,NULL,NULL,43,NULL,NULL,NULL,NULL,NULL,NULL),
	(35,NULL,NULL,NULL,NULL,NULL,NULL,43,NULL,NULL,NULL,NULL,NULL,NULL),
	(36,NULL,NULL,NULL,NULL,NULL,NULL,43,NULL,NULL,NULL,NULL,NULL,NULL),
	(37,NULL,NULL,NULL,NULL,NULL,NULL,43,NULL,NULL,NULL,NULL,NULL,NULL),
	(38,NULL,NULL,NULL,NULL,NULL,NULL,43,NULL,NULL,NULL,NULL,NULL,NULL),
	(39,NULL,NULL,NULL,NULL,NULL,NULL,43,NULL,NULL,NULL,NULL,NULL,NULL),
	(40,NULL,NULL,NULL,NULL,NULL,NULL,43,NULL,NULL,NULL,NULL,NULL,NULL),
	(41,NULL,NULL,NULL,NULL,NULL,NULL,43,NULL,NULL,NULL,NULL,NULL,NULL),
	(42,NULL,NULL,NULL,NULL,NULL,NULL,43,NULL,NULL,NULL,NULL,NULL,NULL),
	(43,NULL,NULL,NULL,NULL,NULL,NULL,43,NULL,NULL,NULL,NULL,NULL,NULL),
	(44,'CONVIVIENTE 2',20,6,NULL,4,3,52,NULL,NULL,NULL,NULL,NULL,NULL),
	(45,'JOSE ALBERTO',25,2,NULL,6,1,54,NULL,NULL,NULL,NULL,NULL,NULL),
	(46,'MATIAS',30,2,NULL,5,4,54,NULL,NULL,NULL,NULL,NULL,NULL),
	(57,'PEDRO ANTONIO',0,6,NULL,5,3,56,NULL,NULL,NULL,NULL,NULL,NULL),
	(58,'KKAKALALAL',NULL,NULL,NULL,NULL,NULL,56,NULL,NULL,NULL,NULL,NULL,NULL),
	(62,'NUEVO CONVIVIENTE',0,6,NULL,4,4,82,NULL,NULL,NULL,NULL,NULL,NULL),
	(63,'nuevo',23,3,NULL,6,3,82,NULL,NULL,NULL,NULL,NULL,NULL),
	(64,'Se desconoce',0,NULL,NULL,NULL,NULL,82,NULL,NULL,NULL,NULL,NULL,NULL),
	(65,'Se desconoce',0,NULL,NULL,NULL,NULL,82,NULL,NULL,NULL,NULL,NULL,NULL),
	(66,'Se desconoce',0,1,NULL,NULL,NULL,82,NULL,NULL,NULL,NULL,NULL,NULL),
	(67,'Se desconoce',0,1,NULL,NULL,NULL,82,NULL,NULL,NULL,NULL,NULL,NULL),
	(68,'Se desconoce',0,1,NULL,NULL,NULL,82,NULL,NULL,NULL,NULL,NULL,NULL),
	(69,'Se desconoce',0,1,NULL,NULL,NULL,82,NULL,NULL,NULL,NULL,NULL,NULL),
	(73,'lola',NULL,NULL,NULL,NULL,NULL,NULL,NULL,NULL,NULL,NULL,NULL,NULL),
	(74,'lola',NULL,NULL,NULL,NULL,NULL,NULL,NULL,NULL,NULL,NULL,NULL,NULL),
	(75,'lola',12,NULL,NULL,NULL,NULL,NULL,NULL,NULL,NULL,NULL,NULL,NULL),
	(76,'tere',NULL,NULL,NULL,NULL,NULL,NULL,NULL,NULL,NULL,NULL,NULL,NULL),
	(77,'Se desconoce',0,2,NULL,3,2,NULL,NULL,NULL,NULL,NULL,NULL,NULL),
	(78,'MARTA LORENA',12,2,NULL,3,1,92,NULL,NULL,NULL,NULL,NULL,NULL),
	(79,'CARLA PERALTA',12,1,NULL,2,2,92,NULL,NULL,NULL,NULL,NULL,NULL),
	(80,'CECILIA LOPEZ',12,3,NULL,2,3,92,NULL,NULL,NULL,NULL,NULL,NULL),
	(81,'CARLOS RICARDO',12,2,NULL,3,1,93,NULL,NULL,NULL,NULL,NULL,NULL),
	(82,'MARTA LORENA',0,2,NULL,3,2,93,NULL,NULL,NULL,NULL,NULL,NULL),
	(83,'ROSANA ROJAS',12,3,NULL,3,2,93,NULL,NULL,NULL,NULL,NULL,NULL),
	(84,'MARTA LORENA',12,2,NULL,2,2,95,NULL,NULL,NULL,NULL,NULL,NULL),
	(85,'tere',12,2,NULL,3,3,95,NULL,NULL,NULL,NULL,NULL,NULL),
	(86,'MARTA LORENA',12,3,NULL,2,1,96,NULL,NULL,NULL,NULL,NULL,NULL),
	(87,'MARTA LORENA 2',0,5,NULL,3,2,96,NULL,NULL,NULL,NULL,NULL,NULL),
	(88,'MARTA LORENA',78,3,NULL,2,2,97,NULL,NULL,NULL,NULL,NULL,NULL),
	(89,'lola',76,2,NULL,2,2,97,NULL,NULL,NULL,NULL,NULL,NULL),
	(90,'MARTA LORENA',78,2,NULL,2,1,102,NULL,NULL,NULL,NULL,NULL,NULL),
	(91,'tere',0,2,NULL,2,2,102,NULL,NULL,NULL,NULL,NULL,NULL),
	(92,'MARTA LORENA',78,2,NULL,2,2,103,NULL,NULL,NULL,NULL,NULL,NULL),
	(93,'JOSEFA PEREZ',12,2,NULL,2,1,103,NULL,NULL,NULL,NULL,NULL,NULL),
	(94,'ROMINA LOPEZ',78,2,NULL,1,2,103,NULL,NULL,NULL,NULL,NULL,NULL),
	(95,'MARTA LORENA',0,3,NULL,2,1,104,NULL,NULL,NULL,NULL,NULL,NULL),
	(96,'PAPA NOEL',78,3,NULL,2,2,104,NULL,NULL,NULL,NULL,NULL,NULL),
	(97,'BRIAN MUCHOS',0,3,NULL,2,1,105,NULL,NULL,NULL,NULL,NULL,NULL),
	(98,'OTRO BRIAN',12,3,NULL,2,2,105,NULL,NULL,NULL,NULL,NULL,NULL),
	(99,'PRUEBA FINAL',78,2,NULL,2,1,107,NULL,NULL,NULL,NULL,NULL,NULL),
	(100,'CARLA PERALTA',78,2,NULL,2,1,108,NULL,NULL,NULL,NULL,NULL,NULL),
	(101,'PRUEBA FINAL FINAL',76,2,NULL,2,2,108,NULL,NULL,NULL,NULL,NULL,NULL),
	(102,'CARLA PERALTA',0,3,NULL,1,1,108,NULL,NULL,NULL,NULL,NULL,NULL),
	(103,'MARTA LORENA',0,6,NULL,5,2,119,NULL,NULL,NULL,NULL,NULL,NULL),
	(104,'ROCIO MERCADO',78,4,NULL,3,4,119,NULL,NULL,NULL,NULL,NULL,NULL),
	(105,'ROMEO CARLOS ESTEBAN',12,1,NULL,2,1,123,NULL,NULL,NULL,NULL,NULL,NULL),
	(106,'FEDERICO LEMOS',78,4,NULL,3,2,123,NULL,NULL,NULL,NULL,NULL,NULL),
	(107,'PABLO PICASSO',22,2,NULL,2,2,123,NULL,NULL,NULL,NULL,NULL,NULL),
	(108,'YAEL ROMERO',76,3,NULL,3,1,124,NULL,NULL,NULL,NULL,NULL,NULL),
	(109,'JOSE MARIA JIMENEZ',76,1,NULL,4,1,124,NULL,NULL,NULL,NULL,NULL,NULL),
	(110,'JOSE FERNANDEZ',78,4,NULL,2,1,126,NULL,NULL,NULL,NULL,NULL,NULL),
	(111,'VERONICA LEMOS',22,2,NULL,3,2,126,NULL,NULL,NULL,NULL,NULL,NULL),
	(112,'EUSEBIO GOMEZ',75,1,NULL,4,2,127,NULL,NULL,NULL,NULL,NULL,NULL),
	(113,'ROBERTO DEFEDERICO',48,1,NULL,3,2,127,NULL,NULL,NULL,NULL,NULL,NULL),
	(114,'MARTA GONZALEZ',38,1,NULL,3,1,127,NULL,NULL,NULL,NULL,NULL,NULL),
	(115,'ROSARIO MARIA JIMENEZ',78,2,NULL,2,1,128,NULL,NULL,NULL,NULL,NULL,NULL),
	(116,'DARIO LORCA',22,6,NULL,2,2,128,NULL,NULL,NULL,NULL,NULL,NULL),
	(117,'BASTIAN CERRITO',28,2,NULL,2,1,129,NULL,NULL,NULL,NULL,NULL,NULL),
	(118,'CESAR KAUFMAN',78,1,NULL,3,3,129,NULL,NULL,NULL,NULL,NULL,NULL),
	(119,'TOMAS ESTEVEZ',76,2,NULL,2,1,131,NULL,NULL,NULL,NULL,NULL,NULL),
	(120,'EULARIA MARTINEZ',78,1,NULL,3,2,131,NULL,NULL,NULL,NULL,NULL,NULL),
	(121,'Se desconoce',0,3,NULL,1,1,131,NULL,NULL,NULL,NULL,NULL,NULL),
	(122,'PRUEBA FINAL PROBANDO CARGA COMPLETA',22,2,NULL,2,2,133,NULL,NULL,NULL,NULL,NULL,NULL),
	(123,'lola',78,3,NULL,2,2,134,NULL,NULL,NULL,NULL,NULL,NULL),
	(124,'FEDERICO RUIZ',0,1,NULL,2,3,139,NULL,NULL,NULL,NULL,NULL,NULL),
	(125,'PEDRO AZNAR',0,1,NULL,3,2,139,NULL,NULL,NULL,NULL,NULL,NULL),
	(126,'CARLA RIGONI',0,6,'EX PAREJA',5,3,141,NULL,NULL,NULL,NULL,NULL,NULL),
	(127,'MARCELO FERNANDEZ',78,4,NULL,3,2,141,NULL,NULL,NULL,'2019-03-11 17:31:20',NULL,NULL),
	(128,'ROSANA RUIZ',22,3,NULL,2,3,142,NULL,'2019-03-10 11:56:08',NULL,'2019-03-10 11:56:08',NULL,NULL),
	(129,'DARIO HERNANDEZ',56,4,NULL,2,2,142,NULL,'2019-03-10 11:56:32',NULL,'2019-03-10 11:56:32',NULL,NULL),
	(130,'FERNANDO PEREZ',78,2,NULL,3,1,143,NULL,'2019-03-10 12:41:00',4,'2019-03-10 12:41:00',NULL,NULL),
	(131,'CELESTE VERDE',12,5,NULL,2,1,144,NULL,'2019-03-10 14:58:42',NULL,'2019-03-10 14:58:42',NULL,NULL),
	(132,'ROCIO ROJAS',78,4,NULL,2,3,144,NULL,'2019-03-10 14:59:01',NULL,'2019-03-10 14:59:01',NULL,NULL),
	(133,'FERNANDO PEREZ',12,2,NULL,2,2,144,NULL,'2019-03-10 15:01:34',NULL,'2019-03-10 15:01:34',NULL,NULL),
	(134,'MARTA LORENA',76,3,NULL,3,2,145,NULL,'2019-03-10 15:11:28',5,'2019-03-10 15:11:28',NULL,NULL),
	(135,'FERNANDO GONZALEZ',22,1,NULL,2,2,145,NULL,'2019-03-10 16:59:57',5,'2019-03-10 16:59:57',NULL,NULL),
	(136,'DANIELA GABRIELLI editada',0,4,NULL,4,1,146,NULL,'2019-03-10 18:44:28',5,'2019-03-11 22:11:12',5,NULL),
	(137,'CARLOS PEREZ',78,3,NULL,4,4,147,NULL,'2019-03-10 23:47:42',5,'2019-03-10 23:47:42',NULL,NULL),
	(138,'MARTA LORENA',78,1,NULL,1,2,148,NULL,'2019-03-11 10:55:55',5,'2019-03-11 10:55:55',NULL,NULL),
	(139,'MAURO FERRO',60,4,NULL,6,1,149,NULL,'2019-03-11 19:12:05',5,'2019-03-11 19:12:05',NULL,NULL),
	(140,'VICTOR RODRIGUEZ',39,3,NULL,5,3,149,NULL,'2019-03-11 19:12:28',5,'2019-03-11 19:12:28',NULL,NULL),
	(141,'ALBA GONZALEZ editada',19,4,NULL,2,3,146,NULL,'2019-03-11 22:03:15',5,'2019-03-11 22:10:40',5,NULL),
	(142,'GABRIEL MEDINA',76,4,NULL,1,2,150,NULL,'2019-03-12 12:40:58',7,'2019-03-12 12:40:58',NULL,NULL),
	(143,'BENITO LOPEZ',78,1,NULL,3,3,150,NULL,'2019-03-12 12:41:19',7,'2019-03-12 12:41:19',NULL,NULL),
	(144,'ROSARIO MOLINA',41,1,NULL,3,2,151,NULL,'2019-03-12 15:14:53',6,'2019-03-12 15:14:53',NULL,NULL),
	(145,'lola',12,1,NULL,3,2,152,NULL,'2019-03-12 18:45:21',6,'2019-03-12 18:45:21',NULL,NULL),
	(146,'FEDERICO ROMERISO',78,3,NULL,3,2,153,NULL,'2019-03-17 15:08:15',6,'2019-03-17 15:08:15',NULL,NULL),
	(147,'Se desconoce',78,3,NULL,4,2,154,NULL,'2019-03-18 23:13:58',6,'2019-03-18 23:13:58',NULL,NULL),
	(148,'Se desconoce',0,3,NULL,4,2,155,NULL,'2019-03-18 23:22:56',6,'2019-03-18 23:22:56',NULL,NULL),
	(149,'FACUNDO GIMENEZ',12,3,NULL,6,2,156,NULL,'2019-03-18 23:47:56',6,'2019-03-18 23:47:56',NULL,NULL),
	(150,'Se desconoce',0,1,NULL,2,2,157,NULL,'2019-03-19 00:17:36',6,'2019-03-19 00:17:36',NULL,NULL),
	(151,'Se desconoce',0,5,NULL,8,5,157,NULL,'2019-03-19 00:17:56',6,'2019-03-19 00:17:56',NULL,NULL),
	(152,'MARTA LORENA',12,1,NULL,1,3,162,NULL,'2019-03-21 14:57:15',1,'2019-03-21 14:57:15',NULL,NULL),
	(153,'lola',12,3,NULL,1,3,163,NULL,'2019-03-21 15:11:25',1,'2019-03-21 15:11:25',NULL,NULL),
	(154,'MARTA LORENA',78,2,NULL,2,1,167,NULL,'2019-03-28 20:46:32',1,'2019-03-28 20:46:32',NULL,NULL),
	(155,'MARTA LORENA',12,3,NULL,3,2,170,NULL,'2019-04-03 19:09:49',1,'2019-04-03 19:09:49',NULL,NULL),
	(156,'Se desconoce',0,3,NULL,3,2,178,NULL,'2019-04-06 21:26:59',1,'2019-04-06 21:26:59',NULL,NULL),
	(157,'Se desconoce',0,2,NULL,5,3,179,NULL,'2019-04-06 22:11:53',1,'2019-04-06 22:11:53',NULL,NULL),
	(158,'CARLA PERALTA',12,3,NULL,4,2,179,NULL,'2019-04-06 22:12:13',1,'2019-04-06 22:12:13',NULL,NULL),
	(159,'CARLA PERALTA',12,2,NULL,3,2,181,NULL,'2019-04-07 13:38:05',1,'2019-04-07 13:38:05',NULL,NULL),
	(160,'ROSARIO LOPEZ',0,6,'BBVBYRYRYYRYRYRY',2,3,182,NULL,'2019-04-07 15:33:56',1,'2019-04-07 15:33:56',NULL,NULL),
	(161,'Se desconoce',0,6,'PRIMOS',3,3,182,NULL,'2019-04-07 15:35:01',1,'2019-04-07 15:35:01',NULL,NULL),
	(162,'CARLA PERALTA',12,3,NULL,6,3,184,NULL,'2019-04-07 18:52:27',1,'2019-04-07 18:52:27',NULL,NULL),
	(163,'MARTA LORENA',0,2,NULL,2,2,186,NULL,'2019-04-12 12:24:30',1,'2019-04-12 12:24:30',NULL,NULL),
	(164,'Se desconoce',0,3,NULL,3,1,187,NULL,'2019-04-12 12:31:17',1,'2019-04-12 12:31:17',NULL,NULL),
	(165,'MARTA LORENA',0,3,NULL,3,4,190,NULL,'2019-04-12 14:41:00',1,'2019-04-12 14:41:00',NULL,NULL),
	(166,'RODRIGO FERNANDEZ',0,1,NULL,3,2,191,161,'2019-04-12 18:43:00',1,'2019-04-12 18:43:00',NULL,NULL),
	(167,'CARLA PERALTA',0,1,NULL,3,3,191,161,'2019-04-12 18:43:44',1,'2019-04-12 18:43:44',NULL,NULL),
	(168,'PEDRO AZNAR',12,1,NULL,1,2,191,161,'2019-04-12 18:44:30',1,'2019-04-12 18:44:30',NULL,NULL),
	(169,'NUEVO RA',0,2,NULL,2,2,191,NULL,'2019-04-12 20:18:34',1,'2019-04-12 20:18:34',NULL,NULL),
	(170,'otro con form corrido',0,3,NULL,2,2,191,NULL,'2019-04-12 20:21:07',1,'2019-04-12 20:21:07',NULL,NULL),
	(171,'MARTA LORENA',0,1,NULL,2,2,191,NULL,'2019-04-12 20:25:17',1,'2019-04-12 20:25:17',NULL,NULL),
	(172,'Se desconoce',0,2,NULL,2,2,192,NULL,'2019-04-12 20:34:21',1,'2019-04-12 20:34:21',NULL,NULL),
	(173,'MARTA LORENA',0,3,NULL,5,2,192,NULL,'2019-04-12 20:34:53',1,'2019-04-12 20:34:53',NULL,NULL),
	(174,'RA 1 CASO NUEVO',0,3,NULL,3,3,193,NULL,'2019-04-12 20:41:28',1,'2019-04-12 20:41:28',NULL,NULL),
	(175,'RA 2',0,2,NULL,3,2,193,NULL,'2019-04-12 20:42:05',1,'2019-04-12 20:42:05',NULL,NULL),
	(176,'RA prueba',0,3,NULL,4,3,193,NULL,'2019-04-12 21:19:28',1,'2019-04-12 21:19:28',NULL,NULL),
	(177,'RA 1',0,3,NULL,3,2,196,NULL,'2019-04-16 12:24:18',1,'2019-04-16 12:24:18',NULL,NULL),
	(178,'RA 2',0,3,NULL,2,1,196,NULL,'2019-04-16 12:25:28',1,'2019-04-16 12:25:28',NULL,NULL),
	(179,'RA 3',0,NULL,NULL,2,2,196,NULL,'2019-04-16 12:27:55',1,'2019-04-16 12:27:55',NULL,NULL),
	(180,'Se desconoce',0,NULL,NULL,4,3,197,NULL,'2019-04-16 18:31:10',1,'2019-04-16 18:31:10',NULL,NULL),
	(181,'RA 2',0,NULL,NULL,2,4,197,NULL,'2019-04-16 18:31:29',1,'2019-04-16 18:31:29',NULL,NULL),
	(182,'Se desconoce',22,NULL,NULL,1,2,198,NULL,'2019-04-17 19:44:17',1,'2019-04-17 19:44:17',NULL,NULL),
	(183,'Se desconoce',12,NULL,NULL,2,3,199,NULL,'2019-04-17 19:56:24',1,'2019-04-17 19:56:24',NULL,NULL),
	(184,'MARTA LORENA',12,NULL,NULL,7,2,199,NULL,'2019-04-17 19:56:40',1,'2019-04-17 19:56:40',NULL,NULL),
	(185,'Pamela de la torre',36,NULL,NULL,5,1,200,NULL,'2019-04-17 20:42:00',1,'2019-04-17 20:42:00',NULL,NULL),
	(186,'Pamela de la torre',36,2,NULL,5,1,200,NULL,'2019-04-17 20:43:39',1,'2019-04-17 20:43:39',NULL,NULL),
	(187,'ra1',0,2,NULL,5,3,203,NULL,'2019-04-21 17:36:28',1,'2019-04-21 17:36:28',NULL,NULL),
	(188,'TERO',36,2,NULL,3,3,210,190,'2019-04-22 19:00:26',1,'2019-04-22 19:00:26',NULL,NULL),
	(189,'JIRAFA',0,2,'PRIMOS',5,3,210,190,'2019-04-22 19:00:54',1,'2019-04-22 19:00:54',NULL,NULL),
	(190,'RA1',22,2,NULL,3,3,211,192,'2019-04-23 12:23:07',1,'2019-04-23 12:23:07',NULL,NULL),
	(191,'RA2',36,2,NULL,3,4,211,192,'2019-04-23 12:23:21',1,'2019-04-23 12:23:21',NULL,NULL),
	(192,'RA3',36,2,NULL,3,2,211,192,'2019-04-23 12:23:35',1,'2019-04-23 12:23:35',NULL,NULL),
	(193,'CARLA PERALTA',12,4,NULL,3,2,211,193,'2019-04-23 12:25:54',1,'2019-04-23 12:25:54',NULL,NULL),
	(194,'CARLA PERALTA',22,3,NULL,5,2,212,194,'2019-04-23 14:25:11',1,'2019-04-23 14:25:11',NULL,NULL),
	(195,'MERCEDES URIBE',36,2,NULL,2,3,212,194,'2019-04-23 14:25:27',1,'2019-04-23 14:25:27',NULL,NULL),
	(196,'MARTA LORENA',12,2,NULL,3,3,212,194,'2019-04-23 14:25:45',1,'2019-04-23 14:25:45',NULL,NULL),
	(197,'lola',12,2,NULL,6,2,212,196,'2019-04-23 14:47:39',1,'2019-04-23 14:47:39',NULL,NULL),
	(198,'FERNANDO RAMOS',36,2,NULL,4,3,213,198,'2019-04-23 15:43:10',1,'2019-04-23 15:43:10',NULL,NULL),
	(199,'URSULA TAIBO',22,2,NULL,2,4,213,198,'2019-04-23 15:43:30',1,'2019-04-23 15:43:30',NULL,NULL),
	(200,'Se desconoce',0,2,NULL,2,2,214,200,'2019-04-24 14:27:00',1,'2019-04-24 14:27:00',NULL,NULL),
	(201,'PEDRO TORRES',22,NULL,NULL,1,2,214,202,'2019-04-25 16:38:56',1,'2019-04-25 16:38:56',NULL,NULL),
	(202,'DAMIAN GOMEZ',14,1,NULL,3,2,216,203,'2019-04-25 21:09:50',1,'2019-04-25 21:09:50',NULL,NULL),
	(203,'ERNESTINA GOMEZ',39,1,NULL,3,2,216,203,'2019-04-25 21:10:10',1,'2019-04-25 21:10:10',NULL,NULL),
	(204,'FERNANDA GOMEZ',29,3,NULL,4,1,216,203,'2019-04-25 21:10:27',1,'2019-04-25 21:10:27',NULL,NULL),
	(205,'ROSANA RODRIGUEZ',0,2,NULL,3,3,217,204,'2019-04-26 14:30:47',1,'2019-04-26 14:30:47',NULL,NULL),
	(206,'CARLOS PEREIRA',0,4,NULL,6,3,217,204,'2019-04-26 14:31:05',1,'2019-04-26 14:31:05',NULL,NULL),
	(207,'YANINA FERNANDEZ',0,3,NULL,4,2,217,205,'2019-04-26 14:36:10',1,'2019-04-26 14:36:10',NULL,NULL),
	(208,NULL,NULL,NULL,NULL,NULL,NULL,217,206,'2019-04-26 14:39:51',1,'2019-04-26 14:39:51',NULL,NULL),
	(209,'TOMAS CHIVICO',22,3,NULL,5,4,220,207,'2019-04-29 13:53:11',1,'2019-04-29 13:53:11',NULL,NULL),
	(210,'CECILIA MARTINEZ',30,1,NULL,5,3,220,207,'2019-04-29 13:53:43',1,'2019-04-29 13:53:43',NULL,NULL),
	(211,'LILIANA BILLAR',73,3,NULL,3,4,220,207,'2019-04-29 13:54:18',1,'2019-04-29 13:54:18',NULL,NULL);

/*!40000 ALTER TABLE `convivientes` ENABLE KEYS */;
UNLOCK TABLES;


# Volcado de tabla delitos
# ------------------------------------------------------------

DROP TABLE IF EXISTS `delitos`;

CREATE TABLE `delitos` (
  `id` int(10) unsigned NOT NULL AUTO_INCREMENT,
  `nombre` varchar(255) DEFAULT NULL,
  PRIMARY KEY (`id`)
) ENGINE=InnoDB DEFAULT CHARSET=latin1;

LOCK TABLES `delitos` WRITE;
/*!40000 ALTER TABLE `delitos` DISABLE KEYS */;

INSERT INTO `delitos` (`id`, `nombre`)
VALUES
	(38,' Abandono de persona'),
	(39,' Abuso sexual'),
	(40,' Abuso sexual seguido de muerte'),
	(41,' Acoso sexual'),
	(42,' Amenazas'),
	(43,' Averiguaci√≥n de causales de muerte'),
	(44,' Bullying'),
	(45,' Cat√°strofes naturales'),
	(46,' Desaparici√≥n de personas'),
	(47,' Femicidio'),
	(48,' Femicidio indirecto'),
	(49,' Grooming'),
	(50,' Homicidio '),
	(51,' Instigaci√≥n o ayuda al suicidio'),
	(52,' Lesiones '),
	(53,' Pornograf√≠a de menores'),
	(54,' Privaci√≥n ilegal de la libertad '),
	(55,' Promoci√≥n y facilitaci√≥n de corrupci√≥n de menores'),
	(56,' Promoci√≥n y facilitaci√≥n de prostituci√≥n de mayores'),
	(57,' Promoci√≥n y facilitaci√≥n de prostituci√≥n de menores'),
	(58,' Reducci√≥n a la servidumbre'),
	(59,' Robo agravado'),
	(60,' Robo seguido de muerte (criminis causa, art. 80 inc. 7)'),
	(61,' Secuestro'),
	(62,' Secuestro seguido de muerte'),
	(63,' Siniestro vial'),
	(64,' Suicidio '),
	(65,' Tentativa de homicidio'),
	(66,' Tentativa de suicidio'),
	(67,' Tortura'),
	(68,' Usurpaci√≥n'),
	(69,' Violencia de g√©nero'),
	(70,' Violencia en espect√°culos deportivos '),
	(71,' Violencia institucional'),
	(72,' Violencia familiar'),
	(73,' Otro'),
	(74,' Abuso sexual infantil');

/*!40000 ALTER TABLE `delitos` ENABLE KEYS */;
UNLOCK TABLES;


# Volcado de tabla demandas
# ------------------------------------------------------------

DROP TABLE IF EXISTS `demandas`;

CREATE TABLE `demandas` (
  `id` int(11) unsigned NOT NULL AUTO_INCREMENT,
  `fecha_ingreso` varchar(20) DEFAULT NULL,
  `nombre_y_apellido_de_la_victima` varchar(255) DEFAULT NULL,
  `delito` int(11) DEFAULT NULL,
  `otro_delito` varchar(255) DEFAULT NULL,
  `pais_hecho` varchar(20) DEFAULT NULL,
  `provincia_hecho` varchar(20) DEFAULT NULL,
  `localidad_hecho` varchar(20) DEFAULT NULL,
  `modalidad_ingreso` int(11) DEFAULT NULL,
  `organismo` int(11) DEFAULT NULL,
  `otro_organismo` varchar(255) DEFAULT NULL,
  `sede` varchar(255) DEFAULT NULL,
  `created_at` timestamp NULL DEFAULT NULL,
  `updated_at` timestamp NULL DEFAULT NULL,
  `userID_create` int(11) DEFAULT NULL,
  `activo` int(11) DEFAULT NULL,
  PRIMARY KEY (`id`)
) ENGINE=InnoDB DEFAULT CHARSET=latin1;

LOCK TABLES `demandas` WRITE;
/*!40000 ALTER TABLE `demandas` DISABLE KEYS */;

INSERT INTO `demandas` (`id`, `fecha_ingreso`, `nombre_y_apellido_de_la_victima`, `delito`, `otro_delito`, `pais_hecho`, `provincia_hecho`, `localidad_hecho`, `modalidad_ingreso`, `organismo`, `otro_organismo`, `sede`, `created_at`, `updated_at`, `userID_create`, `activo`)
VALUES
	(1,'2008-12-12','FLORENCIA PEREZ dem',41,NULL,'1','7','1842',3,1,NULL,'LINCOLN','2019-04-08 21:36:50','2019-04-08 21:36:50',1,1),
	(2,'2008-12-12','FLORENCIA PEREZ dem',52,NULL,'1','4','1111',2,0,NULL,'LINCOLN','2019-04-08 21:50:31','2019-04-29 20:47:35',1,0),
	(3,'1998-03-12','MARIA TERESA dem',46,NULL,'1','1','1',2,0,NULL,'LINCOLN','2019-04-08 21:51:31','2019-04-29 20:46:41',1,0),
	(4,'2019-01-20','PRUEBA FINAL dem',40,NULL,'1','2','884',3,24,'otro orga','LINCOLN','2019-04-08 21:59:23','2019-04-29 20:40:40',1,0),
	(5,'1999-12-12','fernando lobo demanda',74,NULL,'1','2','878',1,0,NULL,'LINCOLN','2019-04-12 12:35:58','2019-04-30 00:03:24',1,0),
	(6,'1998-12-12','FLORENCIA PEREZ qq',41,NULL,'1','1','2',2,0,NULL,'LINCOLN','2019-04-12 15:36:54','2019-04-12 15:36:54',1,1),
	(7,'2018-12-12','MARIA TERESA',41,NULL,'1','14','2705',3,2,NULL,'LINCOLN','2019-04-24 15:31:38','2019-04-24 15:31:38',1,1),
	(8,'1996-12-12','JEREMIAS MARTINEZ',42,NULL,'1','2','882',1,0,NULL,'LINCOLN','2019-04-27 19:41:44','2019-04-27 19:41:44',1,1),
	(9,'2019-02-20','FLORENCIA PEREZ',48,NULL,'1','3','938',2,0,NULL,'LINCOLN','2019-04-27 21:40:23','2019-04-27 21:40:23',1,1),
	(10,'2018-09-20','BERNARDA MARTINEZ',43,NULL,'1','5','1199',1,0,NULL,'LINCOLN','2019-04-29 15:23:30','2019-04-29 15:23:30',1,1),
	(11,'2018-12-12','wwwwwwww',49,NULL,'1','6','1292',1,0,NULL,'LINCOLN','2019-04-30 01:38:33','2019-04-30 01:41:05',1,0);

/*!40000 ALTER TABLE `demandas` ENABLE KEYS */;
UNLOCK TABLES;


# Volcado de tabla departamentos
# ------------------------------------------------------------

DROP TABLE IF EXISTS `departamentos`;

CREATE TABLE `departamentos` (
  `id` int(10) unsigned NOT NULL AUTO_INCREMENT,
  `nombre` varchar(255) DEFAULT NULL,
  PRIMARY KEY (`id`)
) ENGINE=InnoDB DEFAULT CHARSET=latin1;

LOCK TABLES `departamentos` WRITE;
/*!40000 ALTER TABLE `departamentos` DISABLE KEYS */;

INSERT INTO `departamentos` (`id`, `nombre`)
VALUES
	(1,'Azul'),
	(2,'Bah√≠a Blanca'),
	(3,'Dolores'),
	(4,'General San Mart√≠n '),
	(5,'Jun√≠n '),
	(6,'La Matanza '),
	(7,'La Plata '),
	(8,'Lomas de Zamora '),
	(9,'Mar del Plata '),
	(10,'Mercedes'),
	(11,'Moreno - General Rodr√≠guez '),
	(12,'Mor√≥n '),
	(13,'Necochea '),
	(14,'Pergamino '),
	(15,'Quilmes '),
	(16,'San Isidro '),
	(17,'San Nicol√°s '),
	(18,'Trenque Lauquen'),
	(19,'Z√°rate - Campana');

/*!40000 ALTER TABLE `departamentos` ENABLE KEYS */;
UNLOCK TABLES;


# Volcado de tabla derivaciones
# ------------------------------------------------------------

DROP TABLE IF EXISTS `derivaciones`;

CREATE TABLE `derivaciones` (
  `id` int(11) unsigned NOT NULL AUTO_INCREMENT,
  `fecha_ingreso` varchar(20) DEFAULT NULL,
  `nombre_y_apellido` varchar(100) DEFAULT NULL,
  `contacto` varchar(600) DEFAULT NULL,
  `tipo_demanda` int(11) DEFAULT NULL,
  `otra_demanda` varchar(100) DEFAULT NULL,
  `modalidad_ingreso` int(11) DEFAULT NULL,
  `organismo` int(11) DEFAULT NULL,
  `otro_organismo` int(11) DEFAULT NULL,
  `derivacion` int(11) DEFAULT NULL,
  `derivacion_otro` varchar(100) DEFAULT NULL,
  `estado_derivacion` int(11) DEFAULT NULL,
  `created_at` timestamp NULL DEFAULT NULL,
  `updated_at` timestamp NULL DEFAULT NULL,
  `userID_create` int(11) DEFAULT NULL,
  `sede` varchar(255) DEFAULT NULL,
  `activo` int(11) DEFAULT NULL,
  PRIMARY KEY (`id`)
) ENGINE=InnoDB DEFAULT CHARSET=latin1;

LOCK TABLES `derivaciones` WRITE;
/*!40000 ALTER TABLE `derivaciones` DISABLE KEYS */;

INSERT INTO `derivaciones` (`id`, `fecha_ingreso`, `nombre_y_apellido`, `contacto`, `tipo_demanda`, `otra_demanda`, `modalidad_ingreso`, `organismo`, `otro_organismo`, `derivacion`, `derivacion_otro`, `estado_derivacion`, `created_at`, `updated_at`, `userID_create`, `sede`, `activo`)
VALUES
	(1,'1999-12-12','MARTA LORENA 2','shshshshshshhshshshshshshsh',17,'otra',3,4,NULL,26,'kiosco',1,'2019-04-10 20:08:38','2019-04-29 17:26:21',1,'LINCOLN',1),
	(2,'1999-12-12','CARLA PERALTA','ncenceincwecnewce',8,NULL,1,0,NULL,2,NULL,1,'2019-04-10 22:23:09','2019-04-10 22:23:09',1,'LINCOLN',1),
	(3,'1999-12-12','MERCEDES URIBE','cccff',1,NULL,1,0,NULL,3,NULL,2,'2019-04-10 22:27:40','2019-04-29 20:23:19',1,'LINCOLN',0),
	(4,'1999-12-12','MARTA LORENA','33333',3,NULL,2,0,NULL,4,NULL,2,'2019-04-12 12:36:41','2019-04-12 12:36:41',1,'LINCOLN',1),
	(5,'1998-12-12','MARTA LORENA','ggguuuhhh',17,'fffff',3,16,NULL,13,NULL,3,'2019-04-12 15:38:54','2019-04-29 17:09:24',1,'LINCOLN',0),
	(6,'2018-12-12','CARLA PERALTA qq','ffffff',3,NULL,3,4,NULL,5,NULL,3,'2019-04-24 15:39:22','2019-04-29 20:10:03',1,'LINCOLN',1),
	(7,'1999-12-12','JEREMIAS PACHECO','SE PRESENTA LUEGO QUE LE ROBARON EL CELULAR',4,NULL,1,0,NULL,4,NULL,2,'2019-04-27 19:42:39','2019-04-29 16:00:45',1,'LINCOLN',0),
	(8,'1999-12-12','memememe','ggygyg',2,NULL,2,0,NULL,1,NULL,1,'2019-04-30 01:31:55','2019-04-30 01:35:13',1,'LINCOLN',0),
	(9,'1999-12-12','Se desconoce','fffff',7,NULL,2,0,NULL,6,NULL,2,'2019-04-30 02:05:25','2019-04-30 02:05:25',1,'LINCOLN',1);

/*!40000 ALTER TABLE `derivaciones` ENABLE KEYS */;
UNLOCK TABLES;


# Volcado de tabla directores
# ------------------------------------------------------------

DROP TABLE IF EXISTS `directores`;

CREATE TABLE `directores` (
  `id` int(10) unsigned NOT NULL AUTO_INCREMENT,
  `nombre_y_apellido` varchar(255) DEFAULT NULL,
  `sede` varchar(255) DEFAULT NULL,
  `area` varchar(255) DEFAULT NULL,
  `email` varchar(255) DEFAULT NULL,
  PRIMARY KEY (`id`)
) ENGINE=InnoDB DEFAULT CHARSET=latin1;

LOCK TABLES `directores` WRITE;
/*!40000 ALTER TABLE `directores` DISABLE KEYS */;

INSERT INTO `directores` (`id`, `nombre_y_apellido`, `sede`, `area`, `email`)
VALUES
	(1,'Veronica Hayde√© BINCAZ -DIRECTORA PROVINCIAL','LA PLATA','DIRECTORA PROVINCIAL','VEROBINCAZ@hotmail.com '),
	(2,'LUCIA TEALDI-DIRECTORA DE SEDES DECENTRALIZADAS','LA PLATA','DIRECTORA DE SEDES DECENTRALIZADAS','lic.juanbombelli@gmail.com'),
	(3,'Juan Ignacio BOMBELLI-DIRECTOR DE ASISTENCIA Y PROTECCI√ìN A LA V√çCTIMA','LA PLATA','DIRECTOR DE ASISTENCIA Y PROTECCI√ìN A LA V√çCTIMA','tealdi.lucia@gmail.com'),
	(4,'Maia Y√©sica CALABRESE-EQUIPO DIRECCI√ìN','LA PLATA','EQUIPO DIRECCI√ìN','maiacalabrese85@gmail.com'),
	(5,'Lucia COMPAGNUCCI-EQUIPO DIRECCI√ìN','LA PLATA','EQUIPO DIRECCI√ìN','lu.comp1989@gmail.com');

/*!40000 ALTER TABLE `directores` ENABLE KEYS */;
UNLOCK TABLES;


# Volcado de tabla discapacidades
# ------------------------------------------------------------

DROP TABLE IF EXISTS `discapacidades`;

CREATE TABLE `discapacidades` (
  `id` int(10) unsigned NOT NULL AUTO_INCREMENT,
  `nombre` varchar(255) DEFAULT NULL,
  PRIMARY KEY (`id`)
) ENGINE=InnoDB DEFAULT CHARSET=latin1;

LOCK TABLES `discapacidades` WRITE;
/*!40000 ALTER TABLE `discapacidades` DISABLE KEYS */;

INSERT INTO `discapacidades` (`id`, `nombre`)
VALUES
	(1,'F√≠sico/Motriz'),
	(2,'Intelectual/Adaptativo'),
	(3,'Ps√≠quica'),
	(4,'Sensorial'),
	(5,'Se desconoce');

/*!40000 ALTER TABLE `discapacidades` ENABLE KEYS */;
UNLOCK TABLES;


# Volcado de tabla documentos
# ------------------------------------------------------------

DROP TABLE IF EXISTS `documentos`;

CREATE TABLE `documentos` (
  `id` int(10) unsigned NOT NULL AUTO_INCREMENT,
  `tipo_documento` varchar(255) DEFAULT NULL,
  `nombre_documento` varchar(255) DEFAULT NULL,
  `archivo` varchar(255) DEFAULT NULL,
  `IdCaso` int(10) DEFAULT NULL,
  `userID_create` int(11) DEFAULT NULL,
  `created_at` timestamp NULL DEFAULT NULL,
  `userID_modify` int(11) DEFAULT NULL,
  `updated_at` timestamp NULL DEFAULT NULL,
  `activo` int(11) DEFAULT NULL,
  PRIMARY KEY (`id`)
) ENGINE=InnoDB DEFAULT CHARSET=latin1;

LOCK TABLES `documentos` WRITE;
/*!40000 ALTER TABLE `documentos` DISABLE KEYS */;

INSERT INTO `documentos` (`id`, `tipo_documento`, `nombre_documento`, `archivo`, `IdCaso`, `userID_create`, `created_at`, `userID_modify`, `updated_at`, `activo`)
VALUES
	(18,'4','NUEVO PLAN DE ESTRATEGIA','HIOE8Ok8HUJOkSFoKDCeOPFHEo1NAImA4G9oyeDM.png',NULL,NULL,NULL,NULL,NULL,NULL),
	(19,'2','NOTA EN JPG','mXnR09gL4XKj64wMRzBqTJ9jg4JqUeObCG23vXxL.png',NULL,NULL,NULL,NULL,NULL,NULL),
	(20,'2','NOTA DOC','6jcfdIhmUZ6C2fqU5zHPfoMizmj7NzuAaD2iJAo1.docx',NULL,NULL,NULL,NULL,NULL,NULL),
	(21,'2','NOTA XLS','gadT9Y2gsH2BV8XIAUNg4fEMT2YxHo2rzFNVlMkT.xlsx',NULL,NULL,NULL,NULL,NULL,NULL),
	(22,'2','LLEVA ID?','2lC3Bljn5zhBWenUOLrj7aDGm5o6Hb0bRprgghWP.docx',NULL,NULL,NULL,NULL,NULL,NULL),
	(26,'4','DOCUMENTO NUEVO NUEVO','1CpCx204FaVezgoxNs4Fwwb0pPYYs57RpBJaoiwz.docx',34,NULL,NULL,NULL,NULL,NULL),
	(27,'1','DOCUMENTOS PARA ENTREGAR','oCI3M3XcSHbF1r4whEIpEfaJ0YzBvQLiT2v9AZdk.png',34,NULL,NULL,NULL,NULL,NULL),
	(28,'2','AGREGAR PDF','MxXX3yKS8bydH2pJC00BICEW8q78JQuUjGTtby4L.pdf',34,NULL,NULL,NULL,NULL,NULL),
	(29,'1','DOCUMENTOS TEST','gddNG4eWd17cJHWhohnJUbT8Rtb9QsDedgc0d4DA.png',33,NULL,NULL,NULL,NULL,NULL),
	(30,'1','TEST2','3fucUGKXpkQqhs58SFIKKCIe13L1bqIn26JTpumv.pdf',33,NULL,NULL,NULL,NULL,NULL),
	(31,'2','DOCUMENTOS 3','z6O3gXsseeww7tRUyjft4f0ujd1uEYAfrfhp8CcX.pdf',33,NULL,NULL,NULL,NULL,NULL),
	(32,'1','doc','Uw1pQAZhc3nfBLQc3ocl0XCSBdMpCqL2JdP3qkt1.docx',33,NULL,NULL,NULL,NULL,NULL),
	(33,'2','DOCUMENTO DOC','q9FpJhopUkQvKk8EG7hegcSRL2IHjBxExewmeJDg.docx',104,NULL,NULL,NULL,NULL,NULL),
	(34,'2','OTRO DOCUMENTO','4JYPczc0yiIbta3hdT59cElGLAUElt6n5Q1QWWve.png',104,NULL,NULL,NULL,NULL,NULL),
	(35,'1','fotos de la policia','8ioM2lQifRoMCRroskIcMWfM46twgctzFYoJ7Mku.jpeg',123,NULL,NULL,NULL,NULL,NULL),
	(36,'3','farolera','VuGxmnRcDfpOYN9pF8sk8KRePzj41dw8kmz9fyn7.jpeg',123,NULL,NULL,NULL,NULL,NULL),
	(37,'4','Carlos Peralta Abordaje','h3wtiTPFGBy3mxvFePoH5tcetd7qfKvrhGQAScyq.jpeg',NULL,NULL,NULL,NULL,NULL,NULL),
	(38,'2','fotos de la policia','bgn022SGDcbmoOGSM6JLjSllBMR7oBIhhboudFNz.jpeg',126,NULL,NULL,NULL,NULL,NULL),
	(39,'3','LA NACION 22/2/19','EfXkCNbrgN7rmOH9QRuQx7KMe3ThgpUEKb5QWfEW.jpeg',126,NULL,NULL,NULL,NULL,NULL),
	(40,'1','CAMARA DE SEGURIDAD','nAWrRrTMgljzZpyRLnSPlYF6eV43tQ9xVCyJ3dDW.jpeg',127,NULL,NULL,NULL,NULL,NULL),
	(41,'2','INFORME FISCALIA','hDiwnxY54G3Oa6XBiyjv6MZr5p6Ug8dLl4TEuYft.jpeg',127,NULL,NULL,NULL,NULL,NULL),
	(42,'1','DOCUMENTOS','xGGx1BNCnmvkcvnsatYIOPUTmsPjh1VrEJVqcaBz.jpeg',128,NULL,NULL,NULL,NULL,NULL),
	(43,'1','INFORME DE TESTIGOS','Pg9bunX2Py3dlDz0Wmp0HIqGYk3iF1XwsbE8iJ6h.jpeg',129,NULL,NULL,NULL,NULL,NULL),
	(44,'2','DETALLE PERICIAS','MWGLmsX6ZlmsKUJ9HxFnBN9OnkFRCDa440BweYyR.jpeg',131,NULL,NULL,NULL,NULL,NULL),
	(45,'3','LA NACION 22/2/19','jshgCjiegGgFEyTpnoJ8lfIExAbsnZsfnkAI2oiB.jpeg',131,NULL,NULL,NULL,NULL,NULL),
	(46,'4','INFORME DE ABOGADO','RDmraGtoYxHHPvKYBOwnkVDMIWIHYadHAH1qc4S0.jpeg',131,NULL,NULL,NULL,NULL,NULL),
	(47,'3','INFOBAE 22/1/2019','x0ym7ZOINq9eo33GoYAnYqhXvcYK9DBhJfYaQ9Dv.jpeg',131,NULL,NULL,NULL,NULL,NULL),
	(48,'1','INFORME FISCALIA','4zqESa1Ji73W1tNlPJFVdLZgMHSObW3VaAyKcBFu.jpeg',131,NULL,NULL,NULL,NULL,NULL),
	(49,'1','CAMARA DE SEGURIDAD','oSUS3cwKUnvdSbd0oYZxdkm4XOXwOb5NcQNMsLoC.jpeg',133,NULL,NULL,NULL,NULL,NULL),
	(50,'1','PELI','OpnpEvRMwNONEwQo5s5RvTnCl3rKZouXD6QEdrJL.jpeg',139,NULL,NULL,NULL,NULL,NULL),
	(51,'5','COPIA EXPEDIENTE','iCIHWnr9LtedTycZtqoqWXDFistIdxQ4qzpa8uAJ.jpeg',141,NULL,NULL,NULL,NULL,NULL),
	(52,'1','INFORME FISCALIA','YYHaUeio3JJy5dAokkDXFLX6aaLdwHBE6mZ2NHbq.jpeg',142,NULL,NULL,NULL,NULL,NULL),
	(53,'1','DOCUMENTO DE IDENTIDAD','oSzIrh68ZizSknZyhjzOFMXfbiIPDiQ74GLWuKKY.jpeg',143,4,'2019-03-10 12:42:28',NULL,'2019-03-10 12:42:28',NULL),
	(54,'2','CAMARA DE SEGURIDAD','xlCRqfBcZCNV5xjtf3o8DiTfFJi0Zyi1kQtaPNMi.jpeg',144,NULL,'2019-03-10 15:03:38',NULL,'2019-03-10 15:03:38',NULL),
	(55,'1','PRUEBA SIZE','5t4RHHrRA31doaFouApmhX41apcjNW0fnC6bn1JR.jpeg',145,5,'2019-03-10 17:05:33',NULL,'2019-03-10 17:05:33',NULL),
	(56,'1','CAMARA DE SEGURIDAD','lQuuxvQOjHuqSjE4FecoMf65lzDdfUO1xzWme8Ye.jpeg',146,5,'2019-03-10 18:46:35',NULL,'2019-03-10 18:46:35',NULL),
	(57,'1','VARIOS','mPmhsmNxatFpQqNoDB0p8RYUdf3Rq7Ffa6N2Gbkq.jpeg',147,5,'2019-03-10 23:49:21',NULL,'2019-03-10 23:49:21',NULL),
	(58,'1','CAMARA DE SEGURIDAD','aL54jfk8kfC3QUjzzqWBYHVJKeQDevQcA92oNJuT.jpeg',148,5,'2019-03-11 10:57:34',NULL,'2019-03-11 10:57:34',NULL),
	(59,'2','LA NACION 22/2/19','HebFL7hcueDz9adSqK6qv0EUOQaZDgGgaN0GUJAJ.jpeg',148,5,'2019-03-11 10:58:01',NULL,'2019-03-11 10:58:01',NULL),
	(60,'1','LA NACION 22/2/19','4hGb5ToHnf4N7OPDc3AiAeEmvy2H3BlP4BvrjGON.jpeg',149,5,'2019-03-11 19:14:47',NULL,'2019-03-11 19:14:47',NULL),
	(61,'1','INFORME FISCALIA','BefWuZ3QX3MYGhQX26EwBBpPxDF8VldjMgMG4TAj.jpeg',150,7,'2019-03-12 12:43:46',NULL,'2019-03-12 12:43:46',NULL),
	(62,'2','INFORME FISCALIA','bXq2zmq5ZGqi2eCOlAKtu8FnsflDCFpJe7dOJWnm.jpeg',151,6,'2019-03-12 15:16:36',NULL,'2019-03-12 15:16:36',NULL),
	(63,'2','LA NACION 22/2/19','cZp8v5AYleY27vGziefIdPgPZPz7Ww0dAM3NW7Wd.jpeg',152,6,'2019-03-12 18:50:10',NULL,'2019-03-12 18:50:10',NULL),
	(65,'5','CAMARA DE SEGURIDAD','G42IGNhWkKalu3o4lHHHaeX63G9lgkPh8w249Wlr.jpeg',154,6,'2019-03-18 23:14:57',NULL,'2019-03-18 23:14:57',NULL),
	(66,'1','CAMARA DE SEGURIDAD','eB4vYGrpUsebosYlbT6LoJGsEjvUOuHKAEM6cajs.jpeg',155,6,'2019-03-18 23:23:55',NULL,'2019-03-18 23:23:55',NULL),
	(67,'1','CAMARA DE SEGURIDAD','1DxNtlolj5VmYIdivKrXCRPEIyogWFe9lcQT8Yxr.jpeg',156,6,'2019-03-18 23:49:26',NULL,'2019-03-18 23:49:26',NULL),
	(68,'1','CAMARA DE SEGURIDAD','zATOgNgHhDNRpUUI7OeUsILPirXLk2HIoOleEhcJ.jpeg',157,6,'2019-03-19 00:27:10',NULL,'2019-03-19 00:27:10',NULL),
	(69,'5','234432','umWTCTmaBgK0nx0dP64fWe8nx5khX9xHB2qqhayM.jpeg',3,NULL,'2019-03-19 15:08:45',NULL,'2019-03-19 15:08:45',NULL),
	(70,'1','CAMARA DE SEGURIDAD','SArUArAJs1Bcz6qdWNX5PBdfwORcE7zPhjJQExWC.jpeg',162,1,'2019-03-21 15:02:22',NULL,'2019-03-21 15:02:22',NULL),
	(71,'1','CAMARA DE SEGURIDAD','CBg85W7eRSiwHHnmoMREA6SJsCrMPVO1P7diDOfw.jpeg',163,1,'2019-03-21 15:14:06',NULL,'2019-03-21 15:14:06',NULL),
	(72,'1','CAMARA DE SEGURIDAD','FR9tMaQ5qXKJUUEb0fODgu6gLS4pnWVIWeE6r8ny.jpeg',171,1,'2019-04-04 21:03:49',NULL,'2019-04-04 21:03:49',NULL),
	(73,'2','INFORME FISCALIA','olQN4gyaBSlPMO8rkWpabWYV07acyR82DWJPE46y.jpeg',172,1,'2019-04-04 23:55:43',NULL,'2019-04-04 23:55:43',NULL),
	(74,'3','fotos de la policia','bioLyqsMAkDB07uYj3EruYztgQtSvjqPo4wsdKyb.jpeg',172,1,'2019-04-05 00:01:23',NULL,'2019-04-05 00:01:23',NULL),
	(75,'3','Carlos Peralta Abordaje','A2gDdkNH4YDpAZec17OxysFYE1EAJra1zrQM7pWY.jpeg',NULL,1,'2019-04-05 21:32:50',NULL,'2019-04-05 21:32:50',NULL),
	(76,'2','prueba si','lxjyhBJH8Yi5DMzx6xHp2OPhnQxh8i0qvmscsvRA.jpeg',NULL,1,'2019-04-05 21:33:10',NULL,'2019-04-05 21:33:10',NULL),
	(77,'1','camaras','j8bNyWjAWAiWco6LzsLt1Ej3wQnqtjRO21vUSjz8.jpeg',178,1,'2019-04-06 21:46:56',NULL,'2019-04-06 21:46:56',NULL),
	(78,'2','fotos de la policia','4t7JwIctmyuiP4JSsOF7SLv9hjhG9suQPkCsk11v.jpeg',179,1,'2019-04-06 22:17:05',NULL,'2019-04-06 22:17:05',NULL),
	(79,'1','CAMARA DE SEGURIDAD','ZmNFkFy2owuEcwbselxZDpzgqbHsUhDbx7KcKCUh.jpeg',181,1,'2019-04-07 13:43:26',NULL,'2019-04-07 13:43:26',NULL),
	(80,'2','INFORME FISCALIA','StqcfQmFlMI2DvTBrYgZRpHNDLh3C7YtkPgMEKYR.jpeg',184,1,'2019-04-07 18:54:46',NULL,'2019-04-07 18:54:46',NULL),
	(81,'2','INFORME FISCALIA','kBDlP2BtBdfAAJAynxQ8TZu3LA7kOs2qK8InMZ1y.jpeg',184,1,'2019-04-07 18:54:46',NULL,'2019-04-07 18:54:46',NULL),
	(82,'1','CAMARA DE SEGURIDAD','9bb5Dw1NGdk0XCOYHavD15Yt7ihbYARaDDZJICEQ.png',186,1,'2019-04-12 12:27:56',NULL,'2019-04-12 12:27:56',NULL),
	(83,'1','CAMARA DE SEGURIDAD','090kUNZf8kq1Mj2FWt55LNsvNSKleQymxaLYzhp8.png',187,1,'2019-04-12 12:33:26',NULL,'2019-04-12 12:33:26',NULL),
	(84,'5','LA NACION 22','EO6mrshVbWuURV21T3H6Rka7JhcoNGGBBiiPIUE2.png',190,1,'2019-04-12 15:27:38',NULL,'2019-04-12 15:27:38',NULL),
	(85,'1','Informe Policia','LlEjrZr4nCepmaRIURtfZtWjV5pdo8JgozVc3IlZ.pdf',200,1,'2019-04-17 20:47:37',NULL,'2019-04-17 20:47:37',NULL),
	(86,'3','Carlos Peralta Abordaje','tZ8MvvDPMiL2G1l8AlXbji4mtDYLh9BI1cvEzOyS',210,1,'2019-04-22 20:45:00',NULL,'2019-04-22 20:45:00',NULL),
	(87,'1','Carlos Peralta Abordaje','onxQawUjSIrGlB0meDy2maBTIayKxPGEg0GaPTsM',211,1,'2019-04-23 12:27:00',NULL,'2019-04-23 12:27:00',NULL),
	(88,'2','LA NACION 22-2','QT6lMHnyCQxG5oYMIxoUsBjt2VgFApgp5DYiUc4D',212,1,'2019-04-23 14:55:52',NULL,'2019-04-23 14:55:52',NULL),
	(89,'2','CAMARA DE SEGURIDAD','OwpFahYZg1o2FKtNvlpsaxNibIQ0zZPDsDqyRLMy',214,1,'2019-04-25 16:57:37',NULL,'2019-04-25 16:57:37',NULL),
	(90,'2','CAMARA DE SEGURIDAD','Dgf1ps1U4yj5Vlr2TuFoDLw8L6wlEayYegMhxbQM.txt',217,1,'2019-04-26 14:43:04',NULL,'2019-04-26 14:43:04',NULL),
	(91,'1','CAMARA DE SEGURIDAD','yDtUBUygWxMNp7qZXugmVQjCTByjaK6dCfH1RSC5.txt',220,1,'2019-04-29 14:44:53',NULL,'2019-04-29 14:44:53',NULL);

/*!40000 ALTER TABLE `documentos` ENABLE KEYS */;
UNLOCK TABLES;


# Volcado de tabla hechos
# ------------------------------------------------------------

DROP TABLE IF EXISTS `hechos`;

CREATE TABLE `hechos` (
  `id` int(11) unsigned NOT NULL AUTO_INCREMENT,
  `fecha_delito` int(11) NOT NULL,
  `fecha_hecho` varchar(20) DEFAULT '',
  `fecha_hecho_otro` varchar(100) DEFAULT NULL,
  `pais_hecho` varchar(60) NOT NULL DEFAULT '',
  `provincia_hecho` varchar(60) NOT NULL DEFAULT '',
  `localidad_hecho` varchar(60) NOT NULL DEFAULT '',
  `idCaso` int(11) NOT NULL,
  `userID_create` int(11) DEFAULT NULL,
  `created_at` timestamp NULL DEFAULT NULL,
  `userID_modify` int(11) DEFAULT NULL,
  `updated_at` timestamp NULL DEFAULT NULL,
  PRIMARY KEY (`id`)
) ENGINE=InnoDB DEFAULT CHARSET=latin1;

LOCK TABLES `hechos` WRITE;
/*!40000 ALTER TABLE `hechos` DISABLE KEYS */;

INSERT INTO `hechos` (`id`, `fecha_delito`, `fecha_hecho`, `fecha_hecho_otro`, `pais_hecho`, `provincia_hecho`, `localidad_hecho`, `idCaso`, `userID_create`, `created_at`, `userID_modify`, `updated_at`)
VALUES
	(1,0,'2019-02-04',NULL,'1','1','3',92,NULL,NULL,NULL,NULL),
	(2,0,'2019-02-08',NULL,'1','2','4',93,NULL,NULL,NULL,NULL),
	(3,0,'2019-02-09',NULL,'1','2','4',95,NULL,NULL,NULL,NULL),
	(4,0,'2019-02-09',NULL,'1','2','4',95,NULL,NULL,NULL,NULL),
	(5,0,'2019-02-07',NULL,'1','2','1',96,NULL,NULL,NULL,NULL),
	(6,0,'2019-02-24',NULL,'1','1','2',97,NULL,NULL,NULL,NULL),
	(7,0,'2019-02-05',NULL,'1','1','4',102,NULL,NULL,NULL,NULL),
	(8,0,'2019-02-08',NULL,'1','2','3',103,NULL,NULL,NULL,NULL),
	(9,0,'2019-02-18',NULL,'1','1','4',104,NULL,NULL,NULL,NULL),
	(10,0,'2019-02-12',NULL,'1','3','4',105,NULL,NULL,NULL,NULL),
	(11,0,'2019-02-08',NULL,'1','2','3',107,NULL,NULL,NULL,NULL),
	(12,0,'2019-02-21',NULL,'1','2','2',108,NULL,NULL,NULL,NULL),
	(13,0,'2019-02-07',NULL,'1','2','3',119,NULL,NULL,NULL,NULL),
	(14,0,'2019-02-06',NULL,'1','2','3',123,NULL,NULL,NULL,NULL),
	(15,0,'2019-03-13',NULL,'1','2','3',124,NULL,NULL,NULL,NULL),
	(16,0,'2019-02-20',NULL,'1','2','1',126,NULL,NULL,NULL,NULL),
	(17,0,'2019-02-14',NULL,'1','3','3',127,NULL,NULL,NULL,NULL),
	(18,0,'Se desconoce',NULL,'1','2','2',128,NULL,NULL,NULL,NULL),
	(19,0,'2019-02-13',NULL,'1','2','3',129,NULL,NULL,NULL,NULL),
	(20,0,'2019-01-07',NULL,'1','3','3',131,NULL,NULL,NULL,NULL),
	(21,0,'Se desconoce',NULL,'1','3','3',133,NULL,NULL,NULL,NULL),
	(22,0,'2019-03-04',NULL,'1','1','1',134,NULL,NULL,NULL,NULL),
	(23,0,'2019-03-07',NULL,'1','1','456',106,NULL,NULL,NULL,NULL),
	(24,0,'2019-03-04',NULL,'1','1','4',139,NULL,NULL,NULL,NULL),
	(25,0,'1989-02-22',NULL,'1','1','99',141,NULL,NULL,NULL,NULL),
	(26,0,'2019-03-10',NULL,'1','4','1112',142,NULL,'2019-03-10 11:57:12',NULL,'2019-03-10 11:57:12'),
	(27,0,'Se desconoce',NULL,'1','2','881',143,4,'2019-03-10 12:41:24',NULL,'2019-03-10 12:41:24'),
	(28,0,'1999-12-12',NULL,'1','4','1109',144,NULL,'2019-03-10 15:02:42',NULL,'2019-03-10 15:02:42'),
	(29,0,'1999-12-12',NULL,'1','5','1199',145,5,'2019-03-10 17:00:24',NULL,'2019-03-10 17:00:24'),
	(30,0,'1999-12-12',NULL,'1','2','880',146,5,'2019-03-10 18:44:50',NULL,'2019-03-10 18:44:50'),
	(31,0,'1999-12-12',NULL,'1','2','880',146,5,'2019-03-10 18:45:05',NULL,'2019-03-10 18:45:05'),
	(32,0,'1988-12-12',NULL,'1','12','2424',147,5,'2019-03-10 23:48:15',NULL,'2019-03-10 23:48:15'),
	(33,0,'1999-11-12',NULL,'1','1','209',148,5,'2019-03-11 10:56:23',NULL,'2019-03-11 10:56:23'),
	(34,0,'1999-12-12',NULL,'1','1','156',149,5,'2019-03-11 19:12:56',NULL,'2019-03-11 19:12:56'),
	(35,0,'1999-12-12',NULL,'1','1','103',150,7,'2019-03-12 12:41:45',NULL,'2019-03-12 12:41:45'),
	(36,0,'1999-12-12',NULL,'1','2','881',151,6,'2019-03-12 15:15:14',NULL,'2019-03-12 15:15:14'),
	(37,0,'1999-12-12',NULL,'1','3','1017',152,6,'2019-03-12 18:46:43',NULL,'2019-03-12 18:46:43'),
	(38,0,'1999-12-12',NULL,'1','1','146',153,6,'2019-03-17 15:13:11',NULL,'2019-03-17 15:13:11'),
	(39,0,'1999-12-12',NULL,'1','1','146',153,6,'2019-03-17 15:13:55',NULL,'2019-03-17 15:13:55'),
	(40,0,'1999-12-12',NULL,'1','1','6',154,6,'2019-03-18 23:14:17',NULL,'2019-03-18 23:14:17'),
	(41,0,'2003-12-12',NULL,'1','4','1112',155,6,'2019-03-18 23:23:12',NULL,'2019-03-18 23:23:12'),
	(42,0,'2004-12-12',NULL,'1','4','1114',156,6,'2019-03-18 23:48:18',NULL,'2019-03-18 23:48:18'),
	(43,0,'Se desconoce',NULL,'1','1','1',157,6,'2019-03-19 00:19:19',NULL,'2019-03-19 00:19:19'),
	(44,0,'1999-12-12',NULL,'1','8','1989',162,1,'2019-03-21 14:57:55',NULL,'2019-03-21 14:57:55'),
	(45,0,'1999-12-12',NULL,'1','7','1842',163,1,'2019-03-21 15:11:50',NULL,'2019-03-21 15:11:50'),
	(46,0,'1999-12-12',NULL,'1','2','879',167,1,'2019-03-28 20:46:54',NULL,'2019-03-28 20:46:54'),
	(47,1,'1999-12-12',NULL,'1','5','1200',170,1,'2019-04-03 19:10:12',NULL,'2019-04-03 19:10:12'),
	(48,1,'1900-01-01',NULL,'1','1','2',178,1,'2019-04-06 21:43:54',NULL,'2019-04-06 21:43:54'),
	(49,1,'2013-12-12',NULL,'1','1','5',179,1,'2019-04-06 22:13:52',NULL,'2019-04-06 22:13:52'),
	(50,1,'1999-12-12',NULL,'1','4','1107',181,1,'2019-04-07 13:38:36',NULL,'2019-04-07 13:38:36'),
	(51,3,NULL,NULL,'1','21','Se desconoce',182,1,'2019-04-07 15:39:46',NULL,'2019-04-07 15:39:46'),
	(52,2,NULL,'VYFVUVIY','1','21','Se desconoce',182,1,'2019-04-07 15:40:18',NULL,'2019-04-07 15:40:18'),
	(53,1,'1999-12-12',NULL,'1','21','Se desconoce',182,1,'2019-04-07 15:41:09',NULL,'2019-04-07 15:41:09'),
	(54,1,'1999-12-12',NULL,'1','5','1201',182,1,'2019-04-07 16:21:04',NULL,'2019-04-07 16:21:04'),
	(55,2,NULL,'fue entre 2 a 3 meses antes del 1-4','1','17','3045',182,1,'2019-04-07 16:23:04',NULL,'2019-04-07 16:23:04'),
	(56,1,'1900-01-01',NULL,'1','5','1201',184,1,'2019-04-07 18:52:43',NULL,'2019-04-07 18:52:43'),
	(57,1,'1900-01-01',NULL,'1','2','878',186,1,'2019-04-12 12:24:55',NULL,'2019-04-12 12:24:55'),
	(58,1,'1900-01-01',NULL,'1','1','Se desconoce',187,1,'2019-04-12 12:31:32',NULL,'2019-04-12 12:31:32'),
	(59,1,'1900-01-01',NULL,'1','10','2224',190,1,'2019-04-12 14:43:31',NULL,'2019-04-12 14:43:31'),
	(60,2,NULL,'kdkdkkdkdkdkkd PRUEBA PRUEBA PRUEBA','1','18','3192',204,1,'2019-04-21 18:31:16',NULL,'2019-04-21 18:31:16'),
	(61,1,'1999-12-12',NULL,'1','2','879',205,1,'2019-04-21 18:34:08',NULL,'2019-04-21 18:34:08'),
	(62,2,NULL,'VYFVUVIY','1','1','31',206,1,'2019-04-21 18:56:08',NULL,'2019-04-21 18:56:08'),
	(63,1,'1999-12-12',NULL,'1','11','2329',207,1,'2019-04-21 22:05:48',NULL,'2019-04-21 22:05:48'),
	(64,2,NULL,'VYFVUVIY','1','1','2',208,1,'2019-04-21 22:27:34',NULL,'2019-04-21 22:27:34'),
	(65,1,'2018-12-12',NULL,'1','8','1917',209,1,'2019-04-22 14:40:40',NULL,'2019-04-22 14:40:40'),
	(66,1,'1999-12-12',NULL,'1','4','1110',210,1,'2019-04-22 18:11:21',NULL,'2019-04-22 18:11:21'),
	(67,3,NULL,NULL,'1','10','2154',211,1,'2019-04-23 12:20:28',NULL,'2019-04-23 12:20:28'),
	(68,2,NULL,'fue entre 2 a 3 meses antes del 1-4','1','13','13',212,1,'2019-04-23 14:19:25',NULL,'2019-04-23 14:19:25'),
	(69,1,'1997-12-12',NULL,'1','17','3181',213,1,'2019-04-23 15:35:55',NULL,'2019-04-23 15:35:55'),
	(70,1,'1999-12-12',NULL,'1','12','2403',214,1,'2019-04-24 13:49:25',NULL,'2019-04-24 13:49:25'),
	(71,3,NULL,NULL,'1','6','1290',215,1,'2019-04-25 15:29:57',NULL,'2019-04-25 15:29:57'),
	(72,3,NULL,NULL,'1','1','8',216,1,'2019-04-25 21:05:28',NULL,'2019-04-25 21:05:28');

/*!40000 ALTER TABLE `hechos` ENABLE KEYS */;
UNLOCK TABLES;


# Volcado de tabla imputados
# ------------------------------------------------------------

DROP TABLE IF EXISTS `imputados`;

CREATE TABLE `imputados` (
  `id` int(10) unsigned NOT NULL AUTO_INCREMENT,
  `nombre_y_apellido` varchar(255) DEFAULT NULL,
  `apodo` varchar(50) DEFAULT NULL,
  `tipo_documento_id` varchar(11) DEFAULT NULL,
  `tipo_documento_otro` varchar(50) DEFAULT NULL,
  `documento_nro` int(11) DEFAULT NULL,
  `vinculo_id` int(11) DEFAULT NULL,
  `vinculo_otro` varchar(100) DEFAULT NULL,
  `caratulacion_judicial` varchar(100) DEFAULT NULL,
  `antecedentes_id` int(11) DEFAULT NULL,
  `antecedentes` varchar(100) DEFAULT NULL,
  `detenido` int(11) DEFAULT NULL,
  `lugar_de_alojamiento` varchar(100) DEFAULT NULL,
  `defensor_particular` int(11) DEFAULT NULL,
  `defensoria_nro` varchar(50) DEFAULT NULL,
  `fiscalia_juzgado` varchar(50) DEFAULT NULL,
  `causa_id_judicial` int(11) DEFAULT NULL,
  `idCaso` int(11) DEFAULT NULL,
  `idVictim` int(11) DEFAULT NULL,
  `userID_create` int(11) DEFAULT NULL,
  `created_at` timestamp NULL DEFAULT NULL,
  `userID_modify` int(11) DEFAULT NULL,
  `updated_at` timestamp NULL DEFAULT NULL,
  `activo` int(11) DEFAULT NULL,
  PRIMARY KEY (`id`)
) ENGINE=InnoDB DEFAULT CHARSET=latin1;

LOCK TABLES `imputados` WRITE;
/*!40000 ALTER TABLE `imputados` DISABLE KEYS */;

INSERT INTO `imputados` (`id`, `nombre_y_apellido`, `apodo`, `tipo_documento_id`, `tipo_documento_otro`, `documento_nro`, `vinculo_id`, `vinculo_otro`, `caratulacion_judicial`, `antecedentes_id`, `antecedentes`, `detenido`, `lugar_de_alojamiento`, `defensor_particular`, `defensoria_nro`, `fiscalia_juzgado`, `causa_id_judicial`, `idCaso`, `idVictim`, `userID_create`, `created_at`, `userID_modify`, `updated_at`, `activo`)
VALUES
	(1,'PRUEBA LUCKY',NULL,'1',NULL,25364569,2,NULL,NULL,2,NULL,NULL,NULL,NULL,'DEFEN34',NULL,NULL,5,NULL,NULL,NULL,NULL,NULL,NULL),
	(2,'Se desconoce',NULL,'4',NULL,0,6,'OTRO VINC',NULL,2,NULL,NULL,NULL,NULL,'DEFEN4',NULL,NULL,9,NULL,NULL,NULL,NULL,NULL,NULL),
	(3,'Se desconoce',NULL,'1',NULL,0,2,NULL,NULL,2,NULL,NULL,NULL,NULL,'Se desconoce',NULL,NULL,22,NULL,NULL,NULL,NULL,NULL,NULL),
	(4,'Federico',NULL,'3',NULL,222,2,NULL,NULL,1,NULL,NULL,NULL,NULL,'234',NULL,NULL,102,NULL,NULL,NULL,NULL,NULL,NULL),
	(5,'Federico',NULL,'3',NULL,222,2,NULL,NULL,1,NULL,NULL,NULL,NULL,'234',NULL,NULL,102,NULL,NULL,NULL,NULL,NULL,NULL),
	(6,'ROBERTO LOPEZ',NULL,'5',NULL,222,2,NULL,NULL,1,NULL,NULL,NULL,NULL,'234',NULL,NULL,102,NULL,NULL,NULL,NULL,NULL,NULL),
	(7,NULL,NULL,NULL,NULL,NULL,NULL,NULL,NULL,NULL,NULL,NULL,NULL,NULL,NULL,NULL,NULL,102,NULL,NULL,NULL,NULL,NULL,NULL),
	(8,'jacinto',NULL,NULL,NULL,NULL,NULL,NULL,NULL,NULL,NULL,NULL,NULL,NULL,NULL,NULL,NULL,102,NULL,NULL,NULL,NULL,NULL,NULL),
	(9,'ROMINA LOPEZ',NULL,'2',NULL,NULL,NULL,NULL,NULL,NULL,NULL,NULL,NULL,NULL,NULL,NULL,NULL,102,NULL,NULL,NULL,NULL,NULL,NULL),
	(10,'ROMINA LOPEZ',NULL,'1',NULL,NULL,NULL,NULL,NULL,NULL,NULL,NULL,NULL,NULL,NULL,NULL,NULL,102,NULL,NULL,NULL,NULL,NULL,NULL),
	(11,'ROMINA LOPEZ',NULL,'2',NULL,222,1,NULL,NULL,2,NULL,NULL,NULL,NULL,'123456',NULL,NULL,102,NULL,NULL,NULL,NULL,NULL,NULL),
	(12,'MARIA JUANA LOPEZ',NULL,'1',NULL,22222,1,NULL,NULL,2,NULL,NULL,NULL,NULL,'1234',NULL,NULL,102,NULL,NULL,NULL,NULL,NULL,NULL),
	(13,'PAOLO CECILIO',NULL,'1',NULL,111111,1,NULL,NULL,1,NULL,NULL,NULL,NULL,'12345',NULL,NULL,103,NULL,NULL,NULL,NULL,NULL,NULL),
	(14,'MARIA NEREA',NULL,'3',NULL,12345,1,NULL,NULL,1,NULL,NULL,NULL,NULL,'22',NULL,NULL,103,NULL,NULL,NULL,NULL,NULL,NULL),
	(15,'JONAHATAN GUTIERREZ',NULL,'1',NULL,22222,1,NULL,NULL,1,NULL,NULL,NULL,NULL,'123456',NULL,NULL,104,NULL,NULL,NULL,NULL,NULL,NULL),
	(16,'BRIAN PEREZ CALVO',NULL,'1',NULL,2222,2,NULL,NULL,2,NULL,NULL,NULL,NULL,'22',NULL,NULL,104,NULL,NULL,NULL,NULL,NULL,NULL),
	(17,'EL AMIGO DEL BRIAN',NULL,'2',NULL,111111,1,NULL,NULL,1,NULL,NULL,NULL,NULL,'lejos',NULL,NULL,105,NULL,NULL,NULL,NULL,NULL,NULL),
	(18,'EL OTRO AMIGO DEL BRIAN',NULL,'2',NULL,12345,3,NULL,NULL,2,NULL,NULL,NULL,NULL,'1234',NULL,NULL,105,NULL,NULL,NULL,NULL,NULL,NULL),
	(19,'PRUEBA FINAL',NULL,'2',NULL,12345,2,NULL,NULL,2,NULL,NULL,NULL,NULL,'1234',NULL,NULL,107,NULL,NULL,NULL,NULL,NULL,NULL),
	(20,'PRUEBA FINAL 2',NULL,'4',NULL,2222,2,NULL,NULL,2,NULL,NULL,NULL,NULL,'123456',NULL,NULL,107,NULL,NULL,NULL,NULL,NULL,NULL),
	(21,'ROMINA LOPEZ FINAL',NULL,'3',NULL,222,1,NULL,NULL,1,NULL,NULL,NULL,NULL,'12345',NULL,NULL,108,NULL,NULL,NULL,NULL,NULL,NULL),
	(22,'FINAL FINAL',NULL,'2',NULL,22222,1,NULL,NULL,2,NULL,NULL,NULL,NULL,'12345',NULL,NULL,108,NULL,NULL,NULL,NULL,NULL,NULL),
	(23,'WALTER QUIROZ',NULL,'9','PASAPORTE TRUCHO',0,6,'hermanitos',NULL,1,NULL,NULL,NULL,NULL,'22',NULL,NULL,119,NULL,NULL,NULL,NULL,NULL,NULL),
	(24,'ROMINA LOPEZ',NULL,'1',NULL,2222,1,NULL,NULL,2,NULL,NULL,NULL,NULL,'123456',NULL,NULL,119,NULL,NULL,NULL,NULL,NULL,NULL),
	(25,'KARINA RUIZ',NULL,'1',NULL,3982729,2,NULL,NULL,1,NULL,NULL,NULL,NULL,'22',NULL,NULL,123,NULL,NULL,NULL,NULL,NULL,NULL),
	(26,'QUIQUE TORRES',NULL,'2',NULL,12345,3,NULL,NULL,2,NULL,NULL,NULL,NULL,'123456',NULL,NULL,123,NULL,NULL,NULL,NULL,NULL,NULL),
	(27,'MARIANO HERNANDEZ',NULL,'4',NULL,12345,1,NULL,NULL,1,NULL,NULL,NULL,NULL,'1234',NULL,NULL,124,NULL,NULL,NULL,NULL,NULL,NULL),
	(28,'LILIANA FERNANDEZ',NULL,'5',NULL,271639,2,NULL,NULL,2,NULL,NULL,NULL,NULL,'123456',NULL,NULL,124,NULL,NULL,NULL,NULL,NULL,NULL),
	(29,'CARLOS SILICO',NULL,'5',NULL,22222,3,NULL,NULL,1,NULL,NULL,NULL,NULL,'12345',NULL,NULL,126,NULL,NULL,NULL,NULL,NULL,NULL),
	(30,'MARCELINO PEREIRA',NULL,'1',NULL,111111,1,NULL,NULL,2,NULL,NULL,NULL,NULL,'1234',NULL,NULL,127,NULL,NULL,NULL,NULL,NULL,NULL),
	(31,'HECTOR RODRIGUEZ',NULL,'7',NULL,0,4,NULL,NULL,2,NULL,NULL,NULL,NULL,'123456',NULL,NULL,127,NULL,NULL,NULL,NULL,NULL,NULL),
	(32,'CAMILA RAMIREZ',NULL,'8',NULL,0,3,NULL,NULL,2,NULL,NULL,NULL,NULL,'12345',NULL,NULL,128,NULL,NULL,NULL,NULL,NULL,NULL),
	(33,'KARINA MENDEZ',NULL,'2',NULL,12345,6,'EX PAREJA',NULL,1,NULL,NULL,NULL,NULL,'12345',NULL,NULL,128,NULL,NULL,NULL,NULL,NULL,NULL),
	(34,'KEVIN SANCHEZ',NULL,'4',NULL,0,4,NULL,NULL,2,NULL,NULL,NULL,NULL,'1234',NULL,NULL,129,NULL,NULL,NULL,NULL,NULL,NULL),
	(35,'FEDRICO FLORES',NULL,'5',NULL,0,3,NULL,NULL,1,NULL,NULL,NULL,NULL,'1234',NULL,NULL,129,NULL,NULL,NULL,NULL,NULL,NULL),
	(36,'PABLO TORRE',NULL,'1',NULL,23985928,3,NULL,NULL,1,NULL,NULL,NULL,NULL,'2938',NULL,NULL,129,NULL,NULL,NULL,NULL,NULL,NULL),
	(37,'MARTIN GOMEZ',NULL,'7',NULL,0,2,NULL,NULL,1,NULL,NULL,NULL,NULL,'12345',NULL,NULL,131,NULL,NULL,NULL,NULL,NULL,NULL),
	(38,'CARLA LOPEZ',NULL,'1',NULL,2222,1,NULL,NULL,2,NULL,NULL,NULL,NULL,'123456',NULL,NULL,131,NULL,NULL,NULL,NULL,NULL,NULL),
	(39,'FEDERICO FERNANDEZ',NULL,'1',NULL,23563637,6,'EX PAREJA',NULL,2,NULL,NULL,NULL,NULL,'12345',NULL,NULL,131,NULL,NULL,NULL,NULL,NULL,NULL),
	(40,'IGNACIO MENDEZ',NULL,'2',NULL,22222,3,NULL,NULL,1,NULL,NULL,NULL,NULL,'lejos',NULL,NULL,131,NULL,NULL,NULL,NULL,NULL,NULL),
	(41,'CASO FINAL DE PRUEBA FINAL',NULL,'3',NULL,0,1,NULL,NULL,2,NULL,NULL,NULL,NULL,'22',NULL,NULL,133,NULL,NULL,NULL,NULL,NULL,NULL),
	(42,'ROMINA LOPEZ',NULL,'2',NULL,12345,2,NULL,NULL,1,NULL,NULL,NULL,NULL,'12345',NULL,NULL,134,NULL,NULL,NULL,NULL,NULL,NULL),
	(43,'CARLOS ISABELKA',NULL,'3',NULL,2222,1,NULL,NULL,2,NULL,NULL,NULL,NULL,'123456',NULL,NULL,134,NULL,NULL,NULL,NULL,NULL,NULL),
	(44,'ROMINA LOPEZ',NULL,'1',NULL,22222,2,NULL,NULL,1,NULL,NULL,NULL,NULL,'22',NULL,NULL,139,NULL,NULL,NULL,NULL,NULL,NULL),
	(45,'JOSE MARMOL',NULL,'2',NULL,2222,1,NULL,NULL,1,NULL,NULL,NULL,NULL,'1234',NULL,NULL,139,NULL,NULL,NULL,NULL,NULL,NULL),
	(46,'JACINTA RAMIREZ',NULL,'6',NULL,172532,2,NULL,NULL,1,NULL,NULL,NULL,NULL,'123456',NULL,NULL,141,NULL,NULL,NULL,NULL,NULL,NULL),
	(47,'RAMIRO TORRES',NULL,'1',NULL,26267281,3,NULL,NULL,1,NULL,NULL,NULL,NULL,'2673627',NULL,NULL,141,NULL,NULL,NULL,NULL,NULL,NULL),
	(48,'KARINA ROMERO',NULL,'3',NULL,23535383,1,NULL,NULL,1,NULL,NULL,NULL,NULL,'123456',NULL,NULL,142,NULL,NULL,'2019-03-10 11:57:41',NULL,'2019-03-10 11:57:41',NULL),
	(49,'PEDRO LERMA',NULL,'6',NULL,28292837,4,NULL,NULL,2,NULL,NULL,NULL,NULL,'223771',NULL,NULL,142,NULL,NULL,'2019-03-10 11:58:12',NULL,'2019-03-10 11:58:12',NULL),
	(50,'LORENA BENITEZ',NULL,'2',NULL,331313112,1,NULL,NULL,1,NULL,NULL,NULL,NULL,'1399320',NULL,NULL,143,NULL,4,'2019-03-10 12:41:53',NULL,'2019-03-10 12:41:53',NULL),
	(51,'CARLOS DOMINGUEZ',NULL,'2',NULL,28393033,2,NULL,NULL,1,NULL,NULL,NULL,NULL,'12345',NULL,NULL,144,NULL,NULL,'2019-03-10 15:03:08',NULL,'2019-03-10 15:03:08',NULL),
	(52,'FEDERICO BENITEZ',NULL,'5',NULL,2147483647,6,'BBVBYRYRYYRYRYRY',NULL,1,NULL,NULL,NULL,NULL,'3737739303',NULL,NULL,145,NULL,5,'2019-03-10 17:02:14',NULL,'2019-03-10 17:02:14',NULL),
	(53,'JOSE BALBIN',NULL,'1',NULL,272893848,3,NULL,NULL,1,NULL,NULL,NULL,NULL,'22',NULL,NULL,146,NULL,5,'2019-03-10 18:45:32',NULL,'2019-03-10 18:45:32',NULL),
	(54,'HORACIO DOMINGUEZ',NULL,'4',NULL,222,5,NULL,NULL,1,NULL,NULL,NULL,NULL,'3663',NULL,NULL,147,NULL,5,'2019-03-10 23:48:41',NULL,'2019-03-10 23:48:41',NULL),
	(55,'BIBIAN RODRIGUEZ editada',NULL,NULL,NULL,2147483647,4,NULL,NULL,2,NULL,NULL,NULL,NULL,'12345',NULL,NULL,148,NULL,5,'2019-03-11 10:56:53',5,'2019-03-11 23:15:00',NULL),
	(56,'PEDRO RODRIGUEZ',NULL,'5',NULL,281928,3,NULL,NULL,1,NULL,NULL,NULL,NULL,'1273',NULL,NULL,149,NULL,5,'2019-03-11 19:13:18',NULL,'2019-03-11 19:13:18',NULL),
	(57,'ROMAN PEREZ',NULL,'2',NULL,313197319,4,NULL,NULL,2,NULL,NULL,NULL,NULL,'12121',NULL,NULL,149,NULL,5,'2019-03-11 19:13:40',NULL,'2019-03-11 19:13:40',NULL),
	(58,'MERCEDES URIBE editada',NULL,NULL,NULL,222,2,NULL,NULL,1,NULL,NULL,NULL,NULL,'22',NULL,NULL,148,NULL,5,'2019-03-11 23:09:55',5,'2019-03-11 23:16:04',NULL),
	(59,'CECILIO BENITEZ',NULL,'2',NULL,3121212,5,NULL,NULL,1,NULL,NULL,NULL,NULL,'121212',NULL,NULL,150,NULL,7,'2019-03-12 12:42:10',NULL,'2019-03-12 12:42:10',NULL),
	(60,'VERONICA FABRO',NULL,'2',NULL,373171,1,NULL,NULL,2,NULL,NULL,NULL,NULL,'138238',NULL,NULL,150,NULL,7,'2019-03-12 12:42:36',NULL,'2019-03-12 12:42:36',NULL),
	(61,'LUIS MARIA VERA',NULL,'1',NULL,111111,4,NULL,NULL,3,NULL,NULL,NULL,NULL,'Se desconoce',NULL,NULL,151,NULL,6,'2019-03-12 15:15:38',NULL,'2019-03-12 15:15:38',NULL),
	(62,'Federico',NULL,'3',NULL,3736363,1,NULL,NULL,1,NULL,NULL,NULL,NULL,'1234',NULL,NULL,152,NULL,6,'2019-03-12 18:47:01',NULL,'2019-03-12 18:47:01',NULL),
	(63,'Se desconoce',NULL,'1',NULL,12345,3,NULL,NULL,1,NULL,NULL,NULL,NULL,'22',NULL,NULL,153,NULL,6,'2019-03-17 15:14:58',NULL,'2019-03-17 15:14:58',NULL),
	(64,'FERNANDO LOPEZ',NULL,'2',NULL,22222,2,NULL,NULL,2,NULL,NULL,NULL,NULL,'1234',NULL,NULL,153,NULL,6,'2019-03-17 15:15:31',NULL,'2019-03-17 15:15:31',NULL),
	(65,'ROMINA LOPEZ',NULL,'2',NULL,222,3,NULL,NULL,2,NULL,NULL,NULL,NULL,'lejos',NULL,NULL,154,NULL,6,'2019-03-18 23:14:31',NULL,'2019-03-18 23:14:31',NULL),
	(66,'Se desconoce',NULL,'3',NULL,111111,5,NULL,NULL,2,NULL,NULL,NULL,NULL,'lejos',NULL,NULL,155,NULL,6,'2019-03-18 23:23:27',NULL,'2019-03-18 23:23:27',NULL),
	(67,'Se desconoce',NULL,'2',NULL,0,3,NULL,NULL,2,NULL,NULL,NULL,NULL,'Se desconoce',NULL,NULL,156,NULL,6,'2019-03-18 23:48:35',NULL,'2019-03-18 23:48:35',NULL),
	(68,'Se desconoce',NULL,'7',NULL,0,1,NULL,NULL,3,NULL,NULL,NULL,NULL,'Se desconoce',NULL,NULL,157,NULL,6,'2019-03-19 00:19:59',NULL,'2019-03-19 00:19:59',NULL),
	(69,'Se desconoce',NULL,'8',NULL,0,2,NULL,NULL,2,NULL,NULL,NULL,NULL,'lejos',NULL,NULL,162,NULL,1,'2019-03-21 14:58:14',NULL,'2019-03-21 14:58:14',NULL),
	(70,'ROMINA LOPEZ',NULL,'4',NULL,222222,3,NULL,NULL,1,NULL,NULL,NULL,NULL,'1234',NULL,NULL,163,NULL,1,'2019-03-21 15:12:10',NULL,'2019-03-21 15:12:10',NULL),
	(71,'Federico',NULL,'1',NULL,12345,2,NULL,NULL,1,NULL,NULL,NULL,NULL,'22',NULL,NULL,167,NULL,1,'2019-03-28 20:47:21',NULL,'2019-03-28 20:47:21',NULL),
	(72,'ROMINA LOPEZ',NULL,'8',NULL,0,2,NULL,'DELITOS VARIOS',1,'Abuso',1,'Penal de dolores',NULL,'123456','FISCALIA',228822,170,NULL,1,'2019-04-03 20:17:00',NULL,'2019-04-03 20:17:00',NULL),
	(73,'Federico','Se desconoce','1',NULL,1,1,NULL,'delito grave',1,'Se desconoce',1,'Penal de dolores',1,'123456','222',3920183,170,NULL,1,'2019-04-03 21:13:30',NULL,'2019-04-03 21:13:30',NULL),
	(74,'jacinto','richi','8',NULL,1,6,'PRIMOS','DELITOS VARIOS',1,'Abuso',1,'Penal de dolores',1,'123456','FISCALIA',11,170,NULL,1,'2019-04-03 22:11:29',NULL,'2019-04-03 22:11:29',NULL),
	(75,'roberto','pichi','9','GGG',0,2,NULL,'MUCHOS DELITOS',1,'Abuso',1,'Penal de dolores',2,'223','FISCALIA 1',228822,170,NULL,1,'2019-04-03 22:12:39',NULL,'2019-04-03 22:12:39',NULL),
	(76,'Se desconoce','el cholo','1',NULL,1,1,NULL,'DELITO LARGOOOO',1,'Abuso',1,'Penal de dolores',1,'lejos','FISCALIA 12',228822,178,NULL,1,'2019-04-06 21:46:04',NULL,'2019-04-06 21:46:04',NULL),
	(77,'Se desconoce','pichi','1',NULL,122929299,4,NULL,'DELITO LARGOOOO',1,'Abuso',1,'Penal de dolores',1,'lejos','FISCALIA 1',4738920,179,NULL,1,'2019-04-06 22:16:00',NULL,'2019-04-06 22:16:00',NULL),
	(78,'CARLOS PEREZ','Se desconoce','2',NULL,0,6,'BBVBYRYRYYRYRYRY','MUCHOS DELITOS',1,'Se desconoce',1,'Se desconoce',1,'Se desconoce','273927',4738920,179,NULL,1,'2019-04-06 23:35:53',NULL,'2019-04-06 23:35:53',NULL),
	(79,'CARLOS PEREZ','pichi','2',NULL,2222,3,NULL,'DELITOS VARIOS 2',2,NULL,2,NULL,1,'1234','PRUEBA FISCALIA',34567829,181,NULL,1,'2019-04-07 13:42:15',NULL,'2019-04-07 13:42:15',NULL),
	(80,'CARLOS PEREZ','richi','1',NULL,2222,6,'BBVBYRYRYYRYRYRY','DELITOS VARIOS',1,'Abuso',1,'Penal de dolores',2,'Se desconoce','FISCALIA 1',4738920,183,NULL,1,'2019-04-07 17:28:39',NULL,'2019-04-07 17:28:39',NULL),
	(81,'Federico','pichi','5',NULL,0,4,NULL,'DELITO LARGOOOO',2,NULL,1,'Penal de dolores',1,'12345','FISCALIA 12',228822,184,NULL,1,'2019-04-07 18:53:20',NULL,'2019-04-07 18:53:20',NULL),
	(82,'ROMINA LOPEZ','pichi','1',NULL,0,2,NULL,'delito grave',2,NULL,1,'Se desconoce',2,'Se desconoce','FISCALIA',3920183,186,NULL,1,'2019-04-12 12:25:30',NULL,'2019-04-12 12:25:30',NULL),
	(83,'ROMINA LOPEZ','Se desconoce','2',NULL,222,2,NULL,'MUCHOS DELITOS',2,NULL,2,NULL,1,'123456','FISCALIA 12',228822,187,NULL,1,'2019-04-12 12:32:05',NULL,'2019-04-12 12:32:05',NULL),
	(84,'Se desconoce','Se desconoce','3',NULL,22222,4,NULL,'DELITOS VARIOS final',1,'Abuso',1,'Penal de dolores',1,'123456','FISCALIA 12',34567829,190,NULL,1,'2019-04-12 15:22:18',NULL,'2019-04-12 15:22:18',NULL),
	(85,'Se desconoce','Se desconoce','3',NULL,2222,2,NULL,'MUCHOS DELITOS',1,'Se desconoce',1,'Penal de dolores',1,'lejos','222',1234,191,162,1,'2019-04-12 20:28:27',NULL,'2019-04-12 20:28:27',NULL),
	(86,'ROMINA LOPEZ','Se desconoce','8',NULL,0,4,NULL,'DELITOS VARIOS 2',2,NULL,2,NULL,2,'lejos','FISCALIA 1',228822,193,164,1,'2019-04-12 20:48:05',NULL,'2019-04-12 20:48:05',NULL),
	(87,'Federico','richi','3',NULL,0,3,NULL,'DELITO LARGOOOO',2,NULL,2,NULL,2,'Se desconoce','fisc',1234,193,NULL,1,'2019-04-12 21:21:09',NULL,'2019-04-12 21:21:09',NULL),
	(88,'IM1','Se desconoce','8',NULL,0,NULL,NULL,'DELITO LARGOOOO',1,'Se desconoce',2,NULL,3,'Se desconoce','FISCALIA 12',3920183,196,NULL,1,'2019-04-16 12:32:17',NULL,'2019-04-16 12:32:17',NULL),
	(89,'IM2','Se desconoce','3',NULL,27277272,NULL,NULL,'DELITOS VARIOS',2,NULL,2,NULL,2,'Se desconoce','FISCALIA 12',34567829,196,NULL,1,'2019-04-16 12:32:55',NULL,'2019-04-16 12:32:55',NULL),
	(90,'IM3','Se desconoce','1',NULL,77277272,NULL,NULL,'DELITOS VARIOS final',2,NULL,2,NULL,2,'Se desconoce','fisc',4738920,196,NULL,1,'2019-04-16 12:34:02',NULL,'2019-04-16 12:34:02',NULL),
	(91,'IM4','pichi','3',NULL,12345,NULL,NULL,'DELITOS VARIOS final',2,NULL,2,NULL,2,'123456','FISCALIA 1',228822,196,NULL,1,'2019-04-16 12:35:23',NULL,'2019-04-16 12:35:23',NULL),
	(92,'IM 1 PROBANDO','Se desconoce','1',NULL,0,NULL,NULL,'delito grave',2,NULL,3,NULL,2,'Se desconoce','222',1234,197,NULL,1,'2019-04-16 18:32:05',NULL,'2019-04-16 18:32:05',NULL),
	(93,'ROMINA LOPEZ','Se desconoce','3',NULL,22,NULL,NULL,'DELITOS VARIOS',2,NULL,2,NULL,2,'lejos','FISCALIA 1',1234,199,NULL,1,'2019-04-17 19:57:46',NULL,'2019-04-17 19:57:46',NULL),
	(94,'Se desconoce','Se desconoce','1',NULL,2222,NULL,NULL,'MUCHOS DELITOS',2,NULL,2,NULL,2,'22','FISCALIA',3920183,203,NULL,1,'2019-04-21 17:37:05',NULL,'2019-04-21 17:37:05',NULL),
	(95,'Federico','pichi','1',NULL,22222,NULL,NULL,'delito grave',1,'Se desconoce',1,'Se desconoce',1,'22','FISCALIA',1234,210,190,1,'2019-04-22 19:37:33',NULL,'2019-04-22 19:37:33',NULL),
	(96,'ROBERTO LOPEZ','richi','4',NULL,111111,NULL,NULL,'DELITOS VARIOS final',2,NULL,2,NULL,2,'22','FISCALIA 1',34567829,210,190,1,'2019-04-22 19:38:46',NULL,'2019-04-22 19:38:46',NULL),
	(97,NULL,NULL,NULL,NULL,NULL,NULL,NULL,NULL,NULL,NULL,NULL,NULL,NULL,NULL,NULL,NULL,210,191,1,'2019-04-22 20:35:17',NULL,'2019-04-22 20:35:17',NULL),
	(98,'IM1','richi','2',NULL,222,NULL,NULL,'DELITOS VARIOS final',3,NULL,3,NULL,1,'333','3333',3920183,211,192,1,'2019-04-23 12:24:08',NULL,'2019-04-23 12:24:08',NULL),
	(99,'IMP2','Se desconoce','2',NULL,22222,NULL,NULL,'delito grave',2,NULL,2,NULL,3,'22','fisc',3920183,211,192,1,'2019-04-23 12:24:38',NULL,'2019-04-23 12:24:38',NULL),
	(100,NULL,NULL,NULL,NULL,NULL,NULL,NULL,NULL,NULL,NULL,NULL,NULL,NULL,NULL,NULL,NULL,211,193,1,'2019-04-23 12:26:08',NULL,'2019-04-23 12:26:08',NULL),
	(101,'ROMINA LOPEZ','richi','1',NULL,111111,NULL,NULL,'MUCHOS DELITOS',1,'Abuso',1,'Penal de dolores',1,'1234','PRUEBA FISCALIA',1234,212,194,1,'2019-04-23 14:24:46',NULL,'2019-04-23 14:24:46',NULL),
	(102,'CARLOS PEREZ','pichi','1',NULL,12345,NULL,NULL,'delito grave',2,NULL,2,NULL,2,'12345','FISCALIA 1',3920183,212,194,1,'2019-04-23 14:26:19',NULL,'2019-04-23 14:26:19',NULL),
	(103,NULL,NULL,NULL,NULL,NULL,NULL,NULL,NULL,NULL,NULL,NULL,NULL,NULL,NULL,NULL,NULL,212,196,1,'2019-04-23 14:48:23',NULL,'2019-04-23 14:48:23',NULL),
	(104,'CARLOS PEREZ','pichi','5',NULL,111111,NULL,NULL,'delito grave',1,'Abuso',2,NULL,2,'1234','FISCALIA 1',228822,212,197,1,'2019-04-23 14:51:50',NULL,'2019-04-23 14:51:50',NULL),
	(105,'FERNANDA GOMEZ','CHULI','3',NULL,12345,NULL,NULL,'DELITOS VARIOS 2',3,NULL,3,NULL,2,'Se desconoce','222',228822,213,198,1,'2019-04-23 15:44:28',NULL,'2019-04-23 15:44:28',NULL),
	(106,'TOMASA GOMEZ','RICHI','5',NULL,22222,NULL,NULL,'DELITO LARGOOOO',2,NULL,3,NULL,3,'lejos','222',4738920,213,198,1,'2019-04-23 15:45:14',NULL,'2019-04-23 15:45:14',NULL),
	(107,'CARLOS PEREZ','CHULI','1',NULL,22222,NULL,NULL,'MUCHOS DELITOS',1,'Abuso',1,'Penal de dolores',1,'Se desconoce','FISCALIA 1',1234,214,202,1,'2019-04-25 16:46:42',NULL,'2019-04-25 16:46:42',NULL),
	(108,'ROBERTO LOPEZ','CHULI','8',NULL,0,NULL,NULL,'MUCHOS DELITOS',1,'Abuso',1,'Penal de dolores',1,'1234','FISCALIA 12',3920183,214,202,1,'2019-04-25 16:47:37',NULL,'2019-04-25 16:47:37',NULL),
	(109,'CARLOS IBARRA','MONCHI','2',NULL,0,NULL,NULL,'DELITOS VARIOS 2',1,'Abuso',1,'Se desconoce',1,'38301','fisc',47389202,216,203,1,'2019-04-25 21:11:38',NULL,'2019-04-25 21:11:38',NULL),
	(110,'TOMAS GOMEZ','CHANO','6',NULL,12345,NULL,NULL,'DELITOS VARIOS final',1,'Abuso',2,NULL,2,'12345','FISCALIA 1',228822,216,203,1,'2019-04-25 21:12:22',NULL,'2019-04-25 21:12:22',NULL),
	(111,'PABLO UNQUILLO','CHAPA','2',NULL,373913,NULL,NULL,'DELITOS VARIOS',2,NULL,2,NULL,2,'1234','PRUEBA FISCALIA',228822,217,204,1,'2019-04-26 14:32:14',NULL,'2019-04-26 14:32:14',NULL),
	(112,'GABRIEL GOMEZ','Se desconoce','4',NULL,0,NULL,NULL,'delito grave',2,NULL,2,NULL,2,'1234','FISCALIA 12',1234,217,204,1,'2019-04-26 14:33:19',NULL,'2019-04-26 14:33:19',NULL),
	(113,'SANDRA TOMEO','LA CHUECA','3',NULL,0,NULL,NULL,'DELITOS VARIOS final',1,'Se desconoce',1,'Penal de dolores',1,'12345','FISCALIA 1',228822,217,205,1,'2019-04-26 14:37:31',NULL,'2019-04-26 14:37:31',NULL),
	(114,NULL,NULL,NULL,NULL,NULL,NULL,NULL,NULL,NULL,NULL,NULL,NULL,NULL,NULL,NULL,NULL,217,206,1,'2019-04-26 14:40:06',NULL,'2019-04-26 14:40:06',NULL),
	(115,'FEDERICO LLORENS','BACHI','1',NULL,3197319,NULL,NULL,'MUCHOS DELITOS',2,NULL,1,'COMISARIA',1,'Se desconoce','371973',34567829,220,207,1,'2019-04-29 13:55:28',NULL,'2019-04-29 13:55:28',NULL),
	(116,'PABLO INSUA','PELA','7',NULL,0,NULL,NULL,'DELITO LARGOOOO',1,'Se desconoce',1,'Penal de dolores',3,'Se desconoce','PRUEBA FISCALIA',4738920,220,207,1,'2019-04-29 13:56:23',NULL,'2019-04-29 13:56:23',NULL),
	(117,'ROMINA LOPEZ','RICHI','2',NULL,222,NULL,NULL,'DELITOS VARIOS final',1,'Abuso',1,'Penal de dolores',2,'12345','FISCALIA',3920183,226,209,1,'2019-04-30 01:55:45',NULL,'2019-04-30 01:55:45',NULL),
	(118,'Federico','pichi','4',NULL,222,NULL,NULL,'DELITOS VARIOS 2',2,NULL,2,NULL,2,'lejos','FISCALIA 12',228822,226,209,1,'2019-04-30 01:57:07',NULL,'2019-04-30 01:57:07',NULL);

/*!40000 ALTER TABLE `imputados` ENABLE KEYS */;
UNLOCK TABLES;


# Volcado de tabla institucion_oarticula
# ------------------------------------------------------------

DROP TABLE IF EXISTS `institucion_oarticula`;

CREATE TABLE `institucion_oarticula` (
  `id` int(10) unsigned NOT NULL AUTO_INCREMENT,
  `institucion_id` int(11) DEFAULT NULL,
  `oarticula_id` int(11) DEFAULT NULL,
  PRIMARY KEY (`id`)
) ENGINE=InnoDB DEFAULT CHARSET=latin1;

LOCK TABLES `institucion_oarticula` WRITE;
/*!40000 ALTER TABLE `institucion_oarticula` DISABLE KEYS */;

INSERT INTO `institucion_oarticula` (`id`, `institucion_id`, `oarticula_id`)
VALUES
	(1,9,1),
	(2,9,2),
	(3,10,1),
	(4,10,2),
	(5,10,3),
	(6,10,21),
	(7,14,1),
	(8,14,2),
	(9,15,1),
	(10,15,2),
	(11,16,1),
	(12,16,2),
	(13,17,1),
	(14,17,2),
	(15,17,3),
	(16,18,1),
	(17,18,2),
	(18,19,1),
	(19,19,2),
	(20,20,1),
	(21,20,2),
	(22,21,1),
	(23,21,2),
	(24,21,3),
	(25,21,21),
	(26,22,1),
	(27,22,2),
	(28,23,1),
	(29,23,2),
	(30,24,1),
	(31,24,2),
	(32,25,1),
	(33,25,2),
	(34,25,21),
	(35,29,1),
	(36,29,2),
	(37,29,3),
	(38,30,1),
	(39,30,2),
	(40,30,10),
	(41,30,11),
	(42,33,9),
	(43,33,13),
	(44,33,21),
	(45,34,9),
	(46,34,13),
	(47,34,21),
	(48,35,9),
	(49,35,13),
	(50,35,21),
	(51,36,9),
	(52,36,21),
	(53,37,21),
	(54,38,6),
	(55,38,9),
	(56,38,21),
	(57,39,15),
	(58,39,21),
	(59,40,14),
	(60,40,18),
	(61,40,21),
	(62,41,14),
	(63,41,18),
	(64,41,21),
	(65,42,12),
	(66,42,18),
	(67,42,21),
	(68,43,4),
	(69,43,7),
	(70,43,21),
	(71,44,4),
	(72,44,21),
	(73,45,15),
	(74,45,19),
	(75,45,21),
	(76,46,4),
	(77,46,18),
	(78,46,21),
	(79,47,4),
	(80,47,14),
	(81,47,21),
	(82,48,16),
	(83,49,16),
	(84,49,21),
	(85,50,16),
	(86,50,21),
	(87,51,8),
	(88,51,11),
	(89,51,21),
	(90,52,14),
	(91,52,19),
	(92,53,14),
	(93,53,19),
	(94,54,14),
	(95,54,19),
	(96,55,5),
	(97,55,8),
	(98,56,4),
	(99,56,8),
	(100,57,4),
	(101,57,7),
	(102,58,9),
	(103,58,14),
	(104,59,18),
	(105,59,21),
	(106,59,24),
	(107,60,3),
	(108,60,8),
	(109,60,11),
	(110,60,24),
	(111,61,6),
	(112,61,10),
	(113,61,24),
	(114,62,6),
	(115,62,15),
	(116,63,6),
	(117,63,11),
	(118,63,13),
	(119,64,11),
	(120,64,14),
	(121,64,16),
	(122,64,17),
	(123,64,18),
	(124,65,2),
	(125,65,6),
	(126,65,18),
	(127,65,24),
	(128,66,6),
	(129,66,10),
	(130,66,24),
	(131,67,4),
	(132,68,4),
	(133,68,7),
	(134,69,8),
	(135,70,8),
	(136,70,17),
	(137,70,18),
	(138,70,19),
	(139,70,20),
	(140,70,21),
	(141,70,22),
	(142,70,23),
	(143,70,24),
	(144,71,5),
	(145,72,3),
	(146,72,24),
	(147,73,2),
	(148,73,24),
	(149,74,6),
	(150,74,24),
	(151,75,3),
	(152,75,24),
	(153,76,10),
	(154,77,6),
	(155,77,12),
	(156,77,19),
	(157,77,24),
	(158,78,4),
	(159,79,5),
	(160,80,4),
	(161,81,3),
	(162,83,5),
	(163,84,7),
	(164,84,12),
	(165,86,24),
	(166,88,1),
	(167,88,5),
	(168,88,15),
	(169,88,24),
	(170,89,2),
	(171,89,20),
	(172,89,24),
	(173,90,5),
	(174,91,11),
	(175,92,11),
	(176,94,13),
	(177,94,16),
	(178,94,19),
	(179,95,13),
	(180,95,16),
	(181,95,19),
	(182,99,4),
	(183,99,18),
	(184,102,3),
	(185,102,7),
	(186,102,24),
	(187,104,4),
	(188,105,9),
	(189,105,12),
	(190,105,16),
	(191,105,18),
	(192,105,20);

/*!40000 ALTER TABLE `institucion_oarticula` ENABLE KEYS */;
UNLOCK TABLES;


# Volcado de tabla institucion_oprevio
# ------------------------------------------------------------

DROP TABLE IF EXISTS `institucion_oprevio`;

CREATE TABLE `institucion_oprevio` (
  `id` int(10) unsigned NOT NULL AUTO_INCREMENT,
  `institucion_id` int(11) DEFAULT NULL,
  `oprevio_id` int(11) DEFAULT NULL,
  PRIMARY KEY (`id`)
) ENGINE=InnoDB DEFAULT CHARSET=latin1;

LOCK TABLES `institucion_oprevio` WRITE;
/*!40000 ALTER TABLE `institucion_oprevio` DISABLE KEYS */;

INSERT INTO `institucion_oprevio` (`id`, `institucion_id`, `oprevio_id`)
VALUES
	(1,5,5),
	(2,5,1),
	(3,7,5),
	(4,7,1),
	(5,7,2),
	(6,8,5),
	(7,8,1),
	(8,8,2),
	(9,8,3),
	(10,9,5),
	(11,9,1),
	(12,9,2),
	(13,10,5),
	(14,10,1),
	(15,10,2),
	(16,10,16),
	(17,13,5),
	(18,13,1),
	(19,14,5),
	(20,14,1),
	(21,15,5),
	(22,15,1),
	(23,24,5),
	(24,24,1),
	(25,25,5),
	(26,25,1),
	(27,25,2),
	(28,25,16),
	(29,29,1),
	(30,29,2),
	(31,30,1),
	(32,30,2),
	(33,33,18),
	(34,33,22),
	(35,34,18),
	(36,34,22),
	(37,35,18),
	(38,35,22),
	(39,36,6),
	(40,36,11),
	(41,36,22),
	(42,37,14),
	(43,37,17),
	(44,38,13),
	(45,38,21),
	(46,38,22),
	(47,39,7),
	(48,39,11),
	(49,40,14),
	(50,40,18),
	(51,40,22),
	(52,41,14),
	(53,41,18),
	(54,41,22),
	(55,42,7),
	(56,42,12),
	(57,42,22),
	(58,43,7),
	(59,43,13),
	(60,44,9),
	(61,44,17),
	(62,44,22),
	(63,52,8),
	(64,52,16),
	(65,53,8),
	(66,53,16),
	(67,54,8),
	(68,54,16),
	(69,56,6),
	(70,56,12),
	(71,56,18),
	(72,56,24),
	(73,57,10),
	(74,57,13),
	(75,58,6),
	(76,58,12),
	(77,59,7),
	(78,59,12),
	(79,59,15),
	(80,60,8),
	(81,60,14),
	(82,60,24),
	(83,61,24),
	(84,62,5),
	(85,62,11),
	(86,62,16),
	(87,62,21),
	(88,62,23),
	(89,62,24),
	(90,63,8),
	(91,63,13),
	(92,64,5),
	(93,64,14),
	(94,65,7),
	(95,65,16),
	(96,65,23),
	(97,65,24),
	(98,66,7),
	(99,66,14),
	(100,67,13),
	(101,67,16),
	(102,68,6),
	(103,70,6),
	(104,70,8),
	(105,70,10),
	(106,70,11),
	(107,70,15),
	(108,70,17),
	(109,70,20),
	(110,71,6),
	(111,73,11),
	(112,73,14),
	(113,73,21),
	(114,73,24),
	(115,74,10),
	(116,74,13),
	(117,74,24),
	(118,75,7),
	(119,76,12),
	(120,76,17),
	(121,77,9),
	(122,77,19),
	(123,77,23),
	(124,77,24),
	(125,81,5),
	(126,82,4),
	(127,82,17),
	(128,83,4),
	(129,83,17),
	(130,84,6),
	(131,86,10),
	(132,86,24),
	(133,88,4),
	(134,88,7),
	(135,88,18),
	(136,88,24),
	(137,89,5),
	(138,89,8),
	(139,90,5),
	(140,94,6),
	(141,94,10),
	(142,95,6),
	(143,95,10),
	(144,99,14),
	(145,99,17),
	(146,100,8),
	(147,101,6),
	(148,101,8),
	(149,102,6),
	(150,102,10),
	(151,102,24),
	(152,103,7),
	(153,104,7),
	(154,105,9),
	(155,105,13),
	(156,105,24);

/*!40000 ALTER TABLE `institucion_oprevio` ENABLE KEYS */;
UNLOCK TABLES;


# Volcado de tabla institucion_socioeconomico
# ------------------------------------------------------------

DROP TABLE IF EXISTS `institucion_socioeconomico`;

CREATE TABLE `institucion_socioeconomico` (
  `id` int(10) unsigned NOT NULL AUTO_INCREMENT,
  `institucion_id` int(11) DEFAULT NULL,
  `socioeconomico_id` int(11) DEFAULT NULL,
  PRIMARY KEY (`id`)
) ENGINE=InnoDB DEFAULT CHARSET=latin1;

LOCK TABLES `institucion_socioeconomico` WRITE;
/*!40000 ALTER TABLE `institucion_socioeconomico` DISABLE KEYS */;

INSERT INTO `institucion_socioeconomico` (`id`, `institucion_id`, `socioeconomico_id`)
VALUES
	(1,9,1),
	(2,9,2),
	(3,10,1),
	(4,10,2),
	(5,10,3),
	(6,10,6),
	(7,15,1),
	(8,15,2),
	(9,16,1),
	(10,16,2),
	(11,17,1),
	(12,17,2),
	(13,17,3),
	(14,18,1),
	(15,20,1),
	(16,20,2),
	(17,21,1),
	(18,21,2),
	(19,22,1),
	(20,22,2),
	(21,22,3),
	(22,22,6),
	(23,23,1),
	(24,23,2),
	(25,23,3),
	(26,23,4),
	(27,24,1),
	(28,24,2),
	(29,25,2),
	(30,25,3),
	(31,25,6),
	(32,29,1),
	(33,29,2),
	(34,29,3),
	(35,30,1),
	(36,30,2),
	(37,38,2),
	(38,38,4),
	(39,52,3),
	(40,52,6),
	(41,53,3),
	(42,53,6),
	(43,54,3),
	(44,54,6),
	(45,55,4),
	(46,55,6),
	(47,56,2),
	(48,56,5),
	(49,58,2),
	(50,58,3),
	(51,59,1),
	(52,59,4),
	(53,59,6),
	(54,60,2),
	(55,60,3),
	(56,60,5),
	(57,61,1),
	(58,61,3),
	(59,61,6),
	(60,62,3),
	(61,62,6),
	(62,63,2),
	(63,63,4),
	(64,63,6),
	(65,64,2),
	(66,64,3),
	(67,65,1),
	(68,65,3),
	(69,65,4),
	(70,65,6),
	(71,66,2),
	(72,66,6),
	(73,72,4),
	(74,72,6),
	(75,73,2),
	(76,73,6),
	(77,74,2),
	(78,74,3),
	(79,74,6),
	(80,75,5),
	(81,75,6),
	(82,76,2),
	(83,76,6),
	(84,77,1),
	(85,77,2),
	(86,77,6),
	(87,83,3),
	(88,84,3),
	(89,86,6),
	(90,88,5),
	(91,88,6),
	(92,89,3),
	(93,91,2),
	(94,92,2),
	(95,94,6),
	(96,95,6),
	(97,99,5),
	(98,99,6),
	(99,102,2),
	(100,102,5),
	(101,103,2),
	(102,103,3),
	(103,104,3),
	(104,104,6),
	(105,105,4),
	(106,105,5);

/*!40000 ALTER TABLE `institucion_socioeconomico` ENABLE KEYS */;
UNLOCK TABLES;


# Volcado de tabla instituciones
# ------------------------------------------------------------

DROP TABLE IF EXISTS `instituciones`;

CREATE TABLE `instituciones` (
  `id` int(10) unsigned NOT NULL AUTO_INCREMENT,
  `organismos_intervinieron` int(11) DEFAULT NULL,
  `cual_otro_organismo` varchar(100) DEFAULT NULL,
  `requiere_asistencia` int(11) DEFAULT NULL,
  `asistencia_juridica` int(11) DEFAULT NULL,
  `asistencia_psicologica` int(11) DEFAULT NULL,
  `asistencia_socioeconomica` int(11) DEFAULT NULL,
  `socioeconomica_otro` varchar(255) DEFAULT NULL,
  `organismo_articula_si_no` int(11) DEFAULT NULL,
  `organismos_actual_otro` varchar(100) DEFAULT NULL,
  `pratocinio_gratuito` int(11) DEFAULT NULL,
  `fecha_de_solicitud` varchar(30) DEFAULT NULL,
  `letrado_designado` varchar(100) DEFAULT NULL,
  `pratocinio_conformidad` int(11) DEFAULT NULL,
  `colegio_departamental` int(11) DEFAULT NULL,
  `fecha_designacion` varchar(20) DEFAULT NULL,
  `abogado_particular` varchar(255) DEFAULT NULL,
  `idCaso` int(11) DEFAULT NULL,
  `userID_create` int(11) DEFAULT NULL,
  `created_at` timestamp NULL DEFAULT NULL,
  `userID_modify` int(11) DEFAULT NULL,
  `updated_at` timestamp NULL DEFAULT NULL,
  PRIMARY KEY (`id`)
) ENGINE=InnoDB DEFAULT CHARSET=latin1;

LOCK TABLES `instituciones` WRITE;
/*!40000 ALTER TABLE `instituciones` DISABLE KEYS */;

INSERT INTO `instituciones` (`id`, `organismos_intervinieron`, `cual_otro_organismo`, `requiere_asistencia`, `asistencia_juridica`, `asistencia_psicologica`, `asistencia_socioeconomica`, `socioeconomica_otro`, `organismo_articula_si_no`, `organismos_actual_otro`, `pratocinio_gratuito`, `fecha_de_solicitud`, `letrado_designado`, `pratocinio_conformidad`, `colegio_departamental`, `fecha_designacion`, `abogado_particular`, `idCaso`, `userID_create`, `created_at`, `userID_modify`, `updated_at`)
VALUES
	(2,1,NULL,NULL,1,2,NULL,NULL,NULL,NULL,1,NULL,NULL,NULL,1,NULL,'1',105,NULL,NULL,NULL,NULL),
	(3,1,NULL,NULL,1,NULL,3,NULL,NULL,NULL,1,NULL,NULL,NULL,1,NULL,'1',105,NULL,NULL,NULL,NULL),
	(4,1,NULL,NULL,NULL,NULL,NULL,NULL,NULL,NULL,NULL,NULL,NULL,NULL,NULL,NULL,NULL,105,NULL,NULL,NULL,NULL),
	(5,1,NULL,NULL,NULL,NULL,NULL,NULL,NULL,NULL,NULL,NULL,NULL,NULL,NULL,NULL,NULL,105,NULL,NULL,NULL,NULL),
	(6,NULL,NULL,NULL,NULL,NULL,NULL,NULL,NULL,NULL,NULL,NULL,NULL,NULL,NULL,NULL,NULL,105,NULL,NULL,NULL,NULL),
	(7,1,NULL,NULL,NULL,NULL,NULL,NULL,NULL,NULL,NULL,NULL,NULL,NULL,NULL,NULL,NULL,105,NULL,NULL,NULL,NULL),
	(8,1,NULL,NULL,NULL,NULL,NULL,NULL,NULL,NULL,NULL,NULL,NULL,NULL,NULL,NULL,NULL,105,NULL,NULL,NULL,NULL),
	(9,1,NULL,NULL,NULL,NULL,3,NULL,NULL,NULL,NULL,NULL,NULL,NULL,NULL,NULL,NULL,105,NULL,NULL,NULL,NULL),
	(10,1,NULL,NULL,1,2,3,NULL,NULL,NULL,NULL,NULL,NULL,NULL,2,NULL,NULL,10,NULL,NULL,NULL,NULL),
	(11,2,NULL,NULL,NULL,2,NULL,NULL,NULL,NULL,NULL,NULL,NULL,NULL,NULL,NULL,NULL,105,NULL,NULL,NULL,NULL),
	(12,2,NULL,NULL,1,2,NULL,NULL,NULL,NULL,1,NULL,NULL,NULL,1,NULL,'1',105,NULL,NULL,NULL,NULL),
	(13,1,NULL,NULL,1,2,NULL,NULL,NULL,NULL,1,NULL,NULL,NULL,1,NULL,'1',105,NULL,NULL,NULL,NULL),
	(14,1,NULL,NULL,1,2,NULL,NULL,NULL,NULL,1,NULL,NULL,NULL,1,NULL,'1',105,NULL,NULL,NULL,NULL),
	(15,1,NULL,NULL,1,2,3,NULL,NULL,NULL,1,NULL,NULL,NULL,1,NULL,'1',105,NULL,NULL,NULL,NULL),
	(16,2,NULL,NULL,1,NULL,3,NULL,NULL,NULL,NULL,NULL,NULL,NULL,NULL,NULL,NULL,105,NULL,NULL,NULL,NULL),
	(17,2,NULL,NULL,NULL,NULL,3,NULL,NULL,NULL,NULL,NULL,NULL,NULL,NULL,NULL,NULL,105,NULL,NULL,NULL,NULL),
	(18,2,NULL,NULL,NULL,NULL,3,NULL,NULL,NULL,NULL,NULL,NULL,NULL,NULL,NULL,NULL,105,NULL,NULL,NULL,NULL),
	(19,2,NULL,NULL,1,NULL,NULL,NULL,NULL,NULL,NULL,NULL,NULL,NULL,NULL,NULL,NULL,105,NULL,NULL,NULL,NULL),
	(21,1,NULL,NULL,1,NULL,3,NULL,NULL,'otro',3,NULL,NULL,NULL,1,'2019-02-21 00:00:00','1',106,NULL,NULL,NULL,NULL),
	(22,1,NULL,NULL,1,NULL,3,'OTRA SOCIOECO',NULL,NULL,3,NULL,NULL,NULL,1,'2019-02-22 00:00:00','1',110,NULL,NULL,NULL,NULL),
	(23,1,NULL,NULL,1,NULL,3,NULL,NULL,NULL,1,NULL,NULL,NULL,1,NULL,'2',110,NULL,NULL,NULL,NULL),
	(24,1,NULL,NULL,1,NULL,3,NULL,NULL,NULL,1,NULL,NULL,NULL,1,NULL,'1',110,NULL,NULL,NULL,NULL),
	(25,1,NULL,NULL,1,NULL,3,'YYYYYYYYYYYYYYYY',NULL,'ZZZZZZZZZZZZZZ',3,NULL,NULL,NULL,1,'2019-02-22 00:00:00','1',110,NULL,NULL,NULL,NULL),
	(26,2,NULL,NULL,1,NULL,3,NULL,NULL,NULL,2,NULL,NULL,NULL,1,NULL,'1',111,NULL,NULL,NULL,NULL),
	(27,2,NULL,NULL,1,NULL,0,NULL,NULL,NULL,2,NULL,NULL,NULL,1,NULL,'1',111,NULL,NULL,NULL,NULL),
	(28,2,NULL,NULL,1,NULL,0,NULL,NULL,NULL,2,NULL,NULL,NULL,1,NULL,'1',111,NULL,NULL,NULL,NULL),
	(29,1,NULL,NULL,1,1,0,'otro socioeconomico',NULL,NULL,3,NULL,NULL,NULL,1,NULL,NULL,111,NULL,NULL,NULL,NULL),
	(30,1,NULL,NULL,1,NULL,0,NULL,NULL,NULL,1,NULL,NULL,NULL,1,NULL,'1',112,NULL,NULL,NULL,NULL),
	(31,1,NULL,NULL,0,NULL,0,NULL,NULL,NULL,NULL,NULL,NULL,NULL,NULL,NULL,NULL,102,NULL,NULL,NULL,NULL),
	(32,1,NULL,2,0,0,0,NULL,NULL,NULL,NULL,NULL,NULL,NULL,NULL,NULL,NULL,103,NULL,NULL,NULL,NULL),
	(33,1,'otro orga',1,0,0,1,NULL,NULL,'mucho',1,NULL,NULL,NULL,NULL,NULL,'1',104,NULL,NULL,NULL,NULL),
	(34,1,'otro orga',1,0,0,1,NULL,NULL,'mucho',1,NULL,NULL,NULL,NULL,NULL,'1',104,NULL,NULL,NULL,NULL),
	(35,1,'otro orga',2,0,0,1,NULL,NULL,'mucho',1,NULL,NULL,NULL,NULL,NULL,'1',104,NULL,NULL,NULL,NULL),
	(36,1,'otro orga',1,0,0,1,NULL,NULL,'mucho',4,NULL,NULL,NULL,NULL,NULL,'3',104,NULL,NULL,NULL,NULL),
	(37,1,NULL,1,0,0,1,NULL,NULL,'mucho',1,NULL,NULL,NULL,NULL,NULL,'1',104,NULL,NULL,NULL,NULL),
	(38,1,'otro orga',1,0,0,1,NULL,NULL,'mucho',3,NULL,'Mario',1,1,'2019-02-12 00:00:00','1',105,NULL,NULL,NULL,NULL),
	(39,1,NULL,NULL,0,0,0,NULL,NULL,'hola',3,NULL,'Mario',3,1,'2019-02-15 00:00:00','2',108,NULL,NULL,NULL,NULL),
	(40,1,'otro orga',NULL,0,0,0,NULL,NULL,'mucho',3,NULL,'Mario',1,2,'1946-02-17 00:00:00','1',108,NULL,NULL,NULL,NULL),
	(41,1,'otro orga',NULL,0,0,0,NULL,NULL,'mucho',3,NULL,'Mario',1,2,'1946-02-17 00:00:00','1',108,NULL,NULL,NULL,NULL),
	(42,1,'otro orga',NULL,0,0,0,NULL,NULL,'mucho',1,NULL,NULL,NULL,NULL,NULL,'2',108,NULL,NULL,NULL,NULL),
	(43,1,NULL,NULL,0,0,0,NULL,NULL,'mucho',4,NULL,NULL,NULL,NULL,NULL,'2',108,NULL,NULL,NULL,NULL),
	(44,1,'otro orga',NULL,0,0,0,NULL,NULL,'mucho',1,NULL,NULL,NULL,NULL,NULL,'2',108,NULL,NULL,NULL,NULL),
	(45,2,NULL,2,0,0,0,NULL,NULL,'hola',1,NULL,NULL,NULL,NULL,NULL,'2',108,NULL,NULL,NULL,NULL),
	(46,1,NULL,2,0,0,0,NULL,NULL,'hola',4,NULL,NULL,NULL,NULL,NULL,'1',108,NULL,NULL,NULL,NULL),
	(47,1,NULL,2,0,0,0,NULL,NULL,'hola',3,NULL,'PEDRO CARLOS',2,2,'2019-02-15 00:00:00','1',119,NULL,NULL,NULL,NULL),
	(48,1,NULL,2,0,0,0,NULL,NULL,'hola',4,NULL,NULL,NULL,NULL,NULL,'2',122,NULL,NULL,NULL,NULL),
	(49,1,NULL,2,0,0,0,NULL,NULL,'hola',4,NULL,NULL,NULL,NULL,NULL,'2',122,NULL,NULL,NULL,NULL),
	(50,1,NULL,2,0,0,0,NULL,NULL,'hola',4,NULL,NULL,NULL,NULL,NULL,'2',122,NULL,NULL,NULL,NULL),
	(51,1,'CASO CASO',1,1,1,1,NULL,1,'FEDERAL',3,NULL,'CARLOS JAIME',2,3,'2019-02-21 00:00:00','2',123,NULL,NULL,NULL,NULL),
	(52,1,NULL,1,0,1,1,'PRUEBA FINAL',2,NULL,3,NULL,'PEDRO CARLOS',1,1,'2019-02-01 00:00:00','2',123,NULL,NULL,NULL,NULL),
	(53,1,NULL,1,0,1,1,'PRUEBA FINAL',1,NULL,3,NULL,'PEDRO CARLOS',1,1,'2019-02-01 00:00:00','2',123,NULL,NULL,NULL,NULL),
	(54,1,NULL,1,0,1,1,'PRUEBA FINAL',1,NULL,3,NULL,'PEDRO CARLOS',1,1,'2019-02-01 00:00:00','2',123,NULL,NULL,NULL,NULL),
	(55,2,NULL,1,0,1,1,'PRUEBA FINAL',1,NULL,1,NULL,NULL,NULL,NULL,NULL,'1',123,NULL,NULL,NULL,NULL),
	(56,1,'CASO CASO',1,1,0,1,NULL,1,NULL,3,NULL,'CARLOS JAIME',1,5,'2019-03-15 00:00:00','1',124,NULL,NULL,NULL,NULL),
	(57,1,NULL,2,0,0,0,NULL,1,NULL,3,NULL,'PEDRO CARLOS',1,3,'2019-03-04 00:00:00','2',126,NULL,NULL,NULL,NULL),
	(58,1,NULL,1,1,1,1,NULL,1,NULL,3,NULL,'FERNANDO RAMIREZ',1,2,'2019-03-04 00:00:00','1',127,NULL,NULL,NULL,NULL),
	(59,1,'CASO CASO',1,1,1,1,'ALIMENTOS',1,'FEDERAL',3,NULL,'VERONICA LAMAS',2,8,'2019-01-08 00:00:00','1',128,NULL,NULL,NULL,NULL),
	(60,1,'CASO CASO',1,1,1,1,NULL,1,'VARIOS',2,NULL,NULL,NULL,NULL,NULL,'1',129,NULL,NULL,NULL,NULL),
	(61,1,'CASO CASO',1,0,1,1,'ALIMENTOS',1,'FEDERAL',3,NULL,'SABRINA FERRERO',1,12,'2019-03-04 00:00:00','1',131,NULL,NULL,NULL,NULL),
	(62,1,'VARIOS',1,1,1,1,'ALIMENTOS',1,NULL,1,NULL,NULL,NULL,NULL,NULL,'2',133,NULL,NULL,NULL,NULL),
	(63,1,NULL,1,0,1,1,'ALIMENTOS',1,NULL,1,NULL,NULL,NULL,NULL,NULL,'2',134,NULL,NULL,NULL,NULL),
	(64,1,NULL,1,1,1,1,NULL,1,NULL,1,NULL,NULL,NULL,NULL,NULL,'1',139,NULL,NULL,NULL,NULL),
	(65,1,'OTRO ORGANISMO',1,1,1,1,'AMISTAD',1,'VARIOS',3,NULL,'LUCIA BERMUDEZ',2,11,'1998-04-03','1',141,NULL,NULL,NULL,NULL),
	(66,1,NULL,1,1,0,1,NULL,1,'FEDERAL',3,NULL,'URSULA TORRES',1,9,'1999-02-02','1',142,NULL,'2019-03-10 11:59:24',NULL,'2019-03-10 11:59:24'),
	(67,1,NULL,2,0,0,0,NULL,1,NULL,1,NULL,NULL,NULL,NULL,NULL,'1',143,4,'2019-03-10 12:42:10',NULL,'2019-03-10 12:42:10'),
	(68,1,NULL,1,0,1,0,NULL,1,NULL,1,NULL,NULL,NULL,NULL,NULL,'1',144,NULL,'2019-03-10 15:03:28',NULL,'2019-03-10 15:03:28'),
	(69,2,NULL,2,0,0,0,NULL,1,NULL,1,NULL,NULL,NULL,NULL,NULL,'1',145,5,'2019-03-10 17:02:44',NULL,'2019-03-10 17:02:44'),
	(70,1,NULL,1,0,1,0,NULL,1,'FEDERAL',3,NULL,'PEDRO CARLOS',1,1,'1999-12-12','2',146,5,'2019-03-10 18:46:24',NULL,'2019-03-10 18:46:24'),
	(71,1,NULL,1,0,1,0,NULL,1,NULL,2,NULL,NULL,NULL,NULL,NULL,'2',147,5,'2019-03-10 23:49:09',NULL,'2019-03-10 23:49:09'),
	(72,2,NULL,1,0,0,1,'PRUEBA FINAL',1,'FEDERAL',2,NULL,NULL,NULL,NULL,NULL,'1',148,5,'2019-03-11 10:57:21',NULL,'2019-03-11 10:57:21'),
	(73,1,'CASO CASO',1,0,0,1,'ALIMENTOS',1,'FEDERAL',3,NULL,'FERNANDO RAMIREZ',1,2,'1990-12-12','2',149,5,'2019-03-11 19:14:32',NULL,'2019-03-11 19:14:32'),
	(74,1,'CASO CASO',1,1,0,1,'ALIMENTOS',1,'FEDERAL',3,NULL,'VERONICA LAMAS',1,1,'1999-12-12','2',150,7,'2019-03-12 12:43:35',NULL,'2019-03-12 12:43:35'),
	(75,1,NULL,1,0,0,1,'ALIMENTOS',1,'VARIOS',3,NULL,'SABRINA FERRERO',2,10,'1999-12-12','2',151,6,'2019-03-12 15:16:23',NULL,'2019-03-12 15:16:23'),
	(76,1,NULL,1,0,0,1,'PRUEBA FINAL',1,NULL,3,NULL,'PEDRO CARLOS',1,13,'1999-12-12','2',152,6,'2019-03-12 18:49:45',NULL,'2019-03-12 18:49:45'),
	(77,1,'CASO CASO',1,0,0,1,'ALIMENTOS',1,'FEDERAL',3,NULL,'CARLOS JAIME',1,10,'1999-12-12','2',153,6,'2019-03-17 15:22:35',NULL,'2019-03-17 15:22:35'),
	(78,2,NULL,2,0,0,0,NULL,1,NULL,2,NULL,NULL,NULL,NULL,NULL,'2',154,6,'2019-03-18 23:14:47',NULL,'2019-03-18 23:14:47'),
	(79,2,NULL,2,0,0,0,NULL,1,NULL,4,NULL,NULL,NULL,NULL,NULL,'2',155,6,'2019-03-18 23:23:44',NULL,'2019-03-18 23:23:44'),
	(80,2,NULL,2,0,0,0,NULL,1,NULL,3,NULL,'SABRINA FERRERO',2,2,'1999-12-12','2',156,6,'2019-03-18 23:49:05',NULL,'2019-03-18 23:49:05'),
	(81,1,NULL,1,1,0,0,NULL,1,NULL,3,NULL,'Se desconoce',1,1,'1999-12-12','1',157,6,'2019-03-19 00:26:57',NULL,'2019-03-19 00:26:57'),
	(82,1,NULL,1,0,0,1,NULL,2,NULL,2,NULL,NULL,NULL,NULL,NULL,'1',162,1,'2019-03-21 15:01:12',NULL,'2019-03-21 15:01:12'),
	(83,1,NULL,1,0,0,1,NULL,1,NULL,3,NULL,'FERNANDO RAMIREZ',1,1,'1999-12-12','2',162,1,'2019-03-21 15:01:58',NULL,'2019-03-21 15:01:58'),
	(84,1,NULL,1,1,0,1,NULL,1,NULL,3,NULL,'PEDRO CARLOS',1,3,'1999-12-12','2',163,1,'2019-03-21 15:13:46',NULL,'2019-03-21 15:13:46'),
	(85,2,NULL,2,0,0,0,NULL,2,NULL,NULL,NULL,NULL,NULL,NULL,NULL,'1',170,1,'2019-04-04 00:31:05',NULL,'2019-04-04 00:31:05'),
	(86,1,'bbb',1,0,0,1,'bbb',1,'ooo',1,NULL,NULL,NULL,NULL,NULL,'2',170,1,'2019-04-04 01:31:55',NULL,'2019-04-04 01:31:55'),
	(87,2,NULL,2,0,0,0,NULL,2,NULL,3,NULL,'VERONICA LAMAS',2,3,'2009-12-12','2',178,1,'2019-04-06 21:46:36',NULL,'2019-04-06 21:46:36'),
	(88,1,'CASO CASO',1,1,1,1,'PRUEBA FINAL',1,'VARIOS',NULL,NULL,NULL,NULL,NULL,NULL,'1',179,1,'2019-04-06 22:16:50',NULL,'2019-04-06 22:16:50'),
	(89,1,NULL,1,1,0,1,NULL,1,'hola',1,'1999-12-12',NULL,NULL,NULL,NULL,'2',181,1,'2019-04-07 13:43:11',NULL,'2019-04-07 13:43:11'),
	(90,1,NULL,1,0,1,0,NULL,1,NULL,2,'1999-12-12','PEDRO CARLOS',1,4,'1999-12-12','2',184,1,'2019-04-07 18:54:25',NULL,'2019-04-07 18:54:25'),
	(91,2,NULL,1,0,0,1,NULL,1,NULL,0,NULL,NULL,NULL,NULL,NULL,'2',186,1,'2019-04-12 12:26:00',NULL,'2019-04-12 12:26:00'),
	(92,2,NULL,1,0,0,1,NULL,1,NULL,2,'1999-12-12',NULL,NULL,NULL,NULL,'2',186,1,'2019-04-12 12:26:47',NULL,'2019-04-12 12:26:47'),
	(93,2,NULL,2,0,0,0,NULL,2,NULL,3,NULL,'SABRINA FERRERO',1,5,'1999-12-12','2',187,1,'2019-04-12 12:33:07',NULL,'2019-04-12 12:33:07'),
	(94,1,NULL,1,1,1,1,'AMISTAD',1,NULL,4,NULL,NULL,NULL,NULL,NULL,'2',190,1,'2019-04-12 15:25:28',NULL,'2019-04-12 15:25:28'),
	(95,1,NULL,1,1,1,1,'AMISTAD',1,NULL,4,NULL,NULL,NULL,NULL,NULL,'2',190,1,'2019-04-12 15:26:38',NULL,'2019-04-12 15:26:38'),
	(96,2,NULL,2,0,0,0,NULL,2,NULL,0,NULL,NULL,NULL,NULL,NULL,'1',191,1,'2019-04-12 20:28:43',NULL,'2019-04-12 20:28:43'),
	(97,2,NULL,2,0,0,0,NULL,2,NULL,0,NULL,NULL,NULL,NULL,NULL,'2',192,1,'2019-04-12 20:37:59',NULL,'2019-04-12 20:37:59'),
	(98,2,NULL,2,0,0,0,NULL,2,NULL,4,NULL,NULL,NULL,NULL,NULL,'2',200,1,'2019-04-17 20:46:34',NULL,'2019-04-17 20:46:34'),
	(99,1,NULL,1,0,1,1,'PRUEBA FINAL',1,NULL,1,'1999-12-12',NULL,NULL,NULL,NULL,'2',210,1,'2019-04-22 20:44:19',NULL,'2019-04-22 20:44:19'),
	(100,1,NULL,2,0,0,0,NULL,2,NULL,1,'1999-12-12',NULL,NULL,NULL,NULL,'2',211,1,'2019-04-23 12:26:38',NULL,'2019-04-23 12:26:38'),
	(101,1,NULL,2,0,0,0,NULL,2,NULL,4,NULL,NULL,NULL,NULL,NULL,'2',212,1,'2019-04-23 14:54:35',NULL,'2019-04-23 14:54:35'),
	(102,1,'CASO CASO',1,1,1,1,NULL,1,'hola',2,'1999-12-12',NULL,NULL,NULL,NULL,'2',214,1,'2019-04-25 16:56:52',NULL,'2019-04-25 16:56:52'),
	(103,1,NULL,1,1,0,1,NULL,2,NULL,2,'1994-12-12',NULL,NULL,NULL,NULL,'2',216,1,'2019-04-25 21:12:57',NULL,'2019-04-25 21:12:57'),
	(104,1,NULL,1,1,0,1,'ALIMENTOS',1,NULL,2,'1998-12-12',NULL,NULL,NULL,NULL,'2',217,1,'2019-04-26 14:42:51',NULL,'2019-04-26 14:42:51'),
	(105,1,'CASO CASO',1,1,1,1,NULL,1,NULL,1,'1999-12-12',NULL,NULL,NULL,NULL,'2',220,1,'2019-04-29 14:44:36',NULL,'2019-04-29 14:44:36');

/*!40000 ALTER TABLE `instituciones` ENABLE KEYS */;
UNLOCK TABLES;


# Volcado de tabla intervenciones
# ------------------------------------------------------------

DROP TABLE IF EXISTS `intervenciones`;

CREATE TABLE `intervenciones` (
  `id` int(11) unsigned NOT NULL AUTO_INCREMENT,
  `fecha_intervencion` varchar(30) DEFAULT NULL,
  `campo_reservado` int(11) DEFAULT NULL,
  `detalle_intervencion` varchar(600) DEFAULT NULL,
  `idCaso` int(11) DEFAULT NULL,
  `userID_create` int(11) DEFAULT NULL,
  `created_at` timestamp NULL DEFAULT NULL,
  `userID_modify` int(11) DEFAULT NULL,
  `updated_at` timestamp NULL DEFAULT NULL,
  `activo` int(11) DEFAULT NULL,
  PRIMARY KEY (`id`)
) ENGINE=InnoDB DEFAULT CHARSET=latin1;

LOCK TABLES `intervenciones` WRITE;
/*!40000 ALTER TABLE `intervenciones` DISABLE KEYS */;

INSERT INTO `intervenciones` (`id`, `fecha_intervencion`, `campo_reservado`, `detalle_intervencion`, `idCaso`, `userID_create`, `created_at`, `userID_modify`, `updated_at`, `activo`)
VALUES
	(1,'2019-03-07',1,'prueba 1',125,NULL,NULL,NULL,NULL,NULL),
	(2,'2019-03-05',1,'Estaba tomando mates',125,NULL,NULL,NULL,NULL,NULL),
	(3,'2019-03-30',1,'no tenia la sube',125,NULL,NULL,NULL,NULL,NULL),
	(4,'2019-03-14',1,'hola',NULL,NULL,NULL,NULL,NULL,NULL),
	(5,'2019-03-04',1,'caso completo',126,NULL,NULL,NULL,NULL,NULL),
	(6,'2019-02-20',1,'otra prueba',126,NULL,NULL,NULL,NULL,NULL),
	(7,NULL,NULL,NULL,126,NULL,NULL,NULL,NULL,NULL),
	(8,NULL,NULL,NULL,126,NULL,NULL,NULL,NULL,NULL),
	(9,'2019-01-15',1,'probando scripts',126,NULL,NULL,NULL,NULL,NULL),
	(10,'2019-03-28',2,'otra prueba',126,NULL,NULL,NULL,NULL,NULL),
	(11,'2019-01-17',2,'largo',126,NULL,NULL,NULL,NULL,NULL),
	(12,'2019-03-05',2,'EVALUACION PSICOLOGICA DE LOS CONVIVIENTES',127,NULL,NULL,NULL,NULL,NULL),
	(13,'2019-03-14',1,'VISITA AL HOGAR EN COMUN',128,NULL,NULL,NULL,NULL,NULL),
	(14,'2019-01-15',1,'HILARIO',129,NULL,NULL,NULL,NULL,NULL),
	(15,'2019-01-17',2,'muy largo de contar',129,NULL,NULL,NULL,NULL,NULL),
	(16,'2019-03-04',1,'Durante el seminario del que particip√≥ Ca√±onero se ofreci√≥ un panorama para distintos mercados financieros, pero el foco estuvo puesto especialmente en la Argentina. En la invitaci√≥n para participar del evento se destac√≥ que el pa√≠s ten√≠a una realidad m√°s compleja que otros mercados emergentes como consecuencia de la fuerte devaluaci√≥n del peso y de la recesi√≥n econ√≥mica.',129,NULL,NULL,NULL,NULL,NULL),
	(17,'2019-03-05',2,'Durante el seminario del que particip√≥ Ca√±onero se ofreci√≥ un panorama para distintos mercados financieros, pero el foco estuvo puesto especialmente en la Argentina. En la invitaci√≥n para participar del evento se destac√≥ que el pa√≠s ten√≠a una realidad m√°s compleja que otros mercados emergentes como consecuencia de la fuerte devaluaci√≥n del peso y de la recesi√≥n econ√≥mica.',129,NULL,NULL,NULL,NULL,NULL),
	(18,'2019-03-15',2,'The field under validation must be greater than the given field. The two fields must be of the same type. Strings, numerics, arrays, and files are evaluated using the same conventions as the',131,NULL,NULL,NULL,NULL,NULL),
	(19,'2019-03-04',2,'The field under validation must be greater than the given field. The two fields must be of the same type. Strings, numerics, arrays, and files are evaluated using the same conventions as the',131,NULL,NULL,NULL,NULL,NULL),
	(20,'2019-03-11',2,'The field under validation must be greater than the given field. The two fields must be of the same type. Strings, numerics, arrays, and files are evaluated using the same conventions as the',131,NULL,NULL,NULL,NULL,NULL),
	(21,'2019-03-04',1,'Durante el seminario del que particip√≥ Ca√±onero se ofreci√≥ un panorama para distintos mercados financieros, pero el foco estuvo puesto especialmente en la Argentina. En la invitaci√≥n para participar del evento se destac√≥ que el pa√≠s ten√≠a una realidad m√°s compleja que otros mercados emergentes como consecuencia de la fuerte devaluaci√≥n del peso y de la recesi√≥n econ√≥mica.',131,NULL,NULL,NULL,NULL,NULL),
	(22,'2019-01-02',1,'breve',132,NULL,NULL,NULL,NULL,NULL),
	(23,'2019-03-05',1,'PRUEBA DE LA PRUEBA',134,NULL,NULL,NULL,NULL,NULL),
	(24,'2019-03-04',2,'KENFBNEKFEKFNEKFN',134,NULL,NULL,NULL,NULL,NULL),
	(25,'2019-03-04',1,'shshhshsbs',54,NULL,NULL,NULL,NULL,NULL),
	(26,'2019-03-04',2,'ERA UN COMPOSER UPDATE',139,NULL,NULL,NULL,NULL,NULL),
	(27,'1999-08-05',2,'En este ejemplo, la clausula where filtrar√° todas las filas cuya columna name sea igual a Pedro. Si queremos realizar otro tipo de filtrados, como columnas que tengan un valor mayor (>), mayor o igual (>=), menor (<), menor o igual (<=), distinto del indicado (<>) o usar el operador like, lo podemos indicar como segundo par√°metro de la forma',141,NULL,NULL,NULL,NULL,NULL),
	(28,'2008-02-12',2,'The flatMap method iterates through the collection and passes each value to the given callback. The callback is free to modify the item and return it, thus forming a new collection of modified items. Then, the array is flattened by a level:',142,NULL,'2019-03-10 12:00:47',NULL,'2019-03-10 12:00:47',NULL),
	(29,'1990-02-23',2,'Un avi√≥n Boeing 737 de la aerol√≠nea Ethiopian Airlines se estrell√≥ este domingo durante un vuelo de Addis Abeba, Etiop√≠a, a Nairobi, Kenia. La empresa inform√≥ que ninguno de los 149 pasajeros y ocho tripulantes sobrevivieron el accidente y agreg√≥ que hab√≠a personas de m√°s de 30 nacionalidades abordo.',143,4,'2019-03-10 12:44:19',NULL,'2019-03-10 12:44:19',NULL),
	(30,'1999-12-12',1,'PRUEBAS VARIAS',145,5,'2019-03-10 17:07:09',NULL,'2019-03-10 17:07:09',NULL),
	(31,'2008-07-13',2,'NXINENXIENXIENE',145,5,'2019-03-10 17:08:11',NULL,'2019-03-10 17:08:11',NULL),
	(32,'1999-12-12',NULL,'PRUEBA',146,5,'2019-03-10 18:46:55',NULL,'2019-03-10 18:46:55',NULL),
	(33,'1990-01-01',1,'prueba de intervencion',5,5,'2019-03-10 22:26:55',NULL,'2019-03-10 22:26:55',NULL),
	(34,'1990-01-01',1,'ooenennenen',146,5,'2019-03-10 22:36:04',NULL,'2019-03-10 22:36:04',NULL),
	(35,'1990-01-01',2,'prueba desde home',90,5,'2019-03-10 23:24:03',NULL,'2019-03-10 23:24:03',NULL),
	(36,'1998-02-01',2,'otra prueba',90,5,'2019-03-10 23:24:26',NULL,'2019-03-10 23:24:26',NULL),
	(37,'1999-12-12',1,'ADJUNTO INTERVENCION',147,5,'2019-03-10 23:49:48',NULL,'2019-03-10 23:49:48',NULL),
	(38,'1999-12-12',NULL,'fue a la casa',142,5,'2019-03-11 03:14:49',NULL,'2019-03-11 03:14:49',NULL),
	(39,'2000-12-12',NULL,'prueba',146,5,'2019-03-11 03:37:50',NULL,'2019-03-11 03:37:50',NULL),
	(40,'1999-11-11',NULL,'nueva intervencion',4,5,'2019-03-11 10:49:50',NULL,'2019-03-11 10:49:50',NULL),
	(41,'2005-02-22',NULL,'En su pron√≥stico extendido, el SMN anuncia para el martes cielo nublado, probabilidad de lluvias y chaparrones aislados con vientos leves del este. La temperatura oscilar√° entre los 19 y los 24 grados.',8,5,'2019-03-11 10:59:24',NULL,'2019-03-11 10:59:24',NULL),
	(42,'1998-12-12',1,'El Servicio Meteorol√≥gico Nacional (SMN) prev√© para este domingo nubosidad variable, baja probabilidad de lloviznas aisladas y vientos leves del sudeste. La tempecoles el cielo estar√° parcialmente nublado, habr√° vientos leves del sudeste y la temperatura oscilar√° entre los 17 y los 27 grados.',26,5,'2019-03-11 11:13:42',NULL,'2019-03-11 11:13:42',NULL),
	(43,'2000-12-12',NULL,'El Servicio Meteorol√≥gico Nacional (SMN) prev√© para este domingo nubosidad variable, baja probabilidad de lloviznas aisladas y vientos leves del sudeste. La temperatura ir√° de los 16 a los 24 grados. En su pron√≥stico ext',26,5,'2019-03-11 11:14:01',NULL,'2019-03-11 11:14:01',NULL),
	(44,'1990-12-12',1,'FUIMOS A VER A LA VICTIMA Y A LA PERSONA ASISTIDA .A LA CASA Y NO LA ENCONTRAMOS',149,5,'2019-03-11 19:15:54',NULL,'2019-03-11 19:15:54',NULL),
	(45,'1999-12-12',1,'SE VISITO A LA PAERSONA ASISTIDA EN EL DOMICILIO DECLARADO',150,7,'2019-03-12 12:44:46',NULL,'2019-03-12 12:44:46',NULL),
	(46,'1999-12-13',1,'SE HIZO SEGUIMIENTO DE LA VICTIMA',150,7,'2019-03-12 12:45:51',NULL,'2019-03-12 12:45:51',NULL),
	(47,'1999-12-14',NULL,'NO SE ENCONTRO A LA PERSONA BUSCADA',150,6,'2019-03-12 14:56:26',NULL,'2019-03-12 14:56:26',NULL),
	(48,'1999-12-12',NULL,'Los Centros de Asistencia a V√≠ctimas y Acceso a Justicia (CAVAJ) son lugares de acompa√±amiento al vecino de la Provincia en los que se brinda asesoramiento y orientaci√≥n jur√≠dica para garantizar el pleno ejercicio de los derechos y la igualdad de oportunidades.',151,6,'2019-03-12 15:17:15',NULL,'2019-03-12 15:17:15',NULL),
	(49,'1999-12-13',NULL,'Los Centros de Asistencia a V√≠ctimas y Acceso a Justicia (CAVAJ) son lugares de acompa√±amiento al vecino de la Provincia en los que se brinda asesoramiento y orientaci√≥n jur√≠dica para garantizar el pleno ejercicio de los derechos y la igualdad de oportunidades.',151,6,'2019-03-12 15:17:29',NULL,'2019-03-12 15:17:29',NULL),
	(50,'2019-03-11',1,'asistencia',124,7,'2019-03-12 16:48:55',NULL,'2019-03-12 16:48:55',NULL),
	(51,'1999-12-12',1,'DDIWJWIWJW FUIMOS A VISITARLO',152,6,'2019-03-12 18:51:33',NULL,'2019-03-12 18:51:33',NULL),
	(52,'1999-12-12',NULL,'OTRA INTERVENCION',152,6,'2019-03-12 18:52:45',NULL,'2019-03-12 18:52:45',NULL),
	(53,'1999-12-12',1,'LO FUIMOS A VISITAR A LA CASA',153,6,'2019-03-17 15:30:22',NULL,'2019-03-17 15:30:22',NULL),
	(54,'1999-12-12',1,'REVISION DE CONDENA',15,6,'2019-03-17 15:43:36',NULL,'2019-03-17 15:43:36',NULL),
	(55,'1999-12-12',NULL,'PEDRO',163,1,'2019-03-21 15:14:28',NULL,'2019-03-21 15:14:28',NULL),
	(56,'2009-12-12',NULL,'dedededededed',178,1,'2019-04-06 21:49:24',NULL,'2019-04-06 21:49:24',NULL),
	(57,'2018-12-12',NULL,'GVYIOHABIA UNA VEZ',179,1,'2019-04-06 22:17:33',NULL,'2019-04-06 22:17:33',NULL),
	(58,'2017-09-30',NULL,'hshshhshs ehehehhe',181,1,'2019-04-07 14:04:01',NULL,'2019-04-07 14:04:01',NULL),
	(59,'1999-12-12',NULL,'feeuifhiwehfiuwhefiwehfew wedbwidbweibdhiew',184,1,'2019-04-07 18:55:11',NULL,'2019-04-07 18:55:11',NULL),
	(60,'1999-12-12',NULL,'ggjjgjgjgjgjgj',186,1,'2019-04-12 12:28:14',NULL,'2019-04-12 12:28:14',NULL),
	(61,'1999-12-12',NULL,'fftutuftufufuf',190,1,'2019-04-12 15:28:21',NULL,'2019-04-12 15:28:21',NULL),
	(62,'1999-12-12',NULL,'gigigyigigig',210,1,'2019-04-22 20:46:44',NULL,'2019-04-22 20:46:44',NULL),
	(63,'1983-12-12',NULL,'EJEJEJEJEJE',211,1,'2019-04-23 12:27:22',NULL,'2019-04-23 12:27:22',NULL),
	(64,'1999-08-28',NULL,'FUIMOS A LA CASA',216,1,'2019-04-25 21:13:30',NULL,'2019-04-25 21:13:30',NULL),
	(65,'1999-12-12',NULL,'RUSNXLQXJNWX XMWQKENE XEKEQMQ',217,1,'2019-04-26 14:45:25',NULL,'2019-04-26 14:45:25',NULL),
	(66,'2010-08-20',NULL,'detallles varios',220,1,'2019-04-29 15:12:10',NULL,'2019-04-29 15:12:10',NULL),
	(67,'1999-12-12',NULL,'fffff',218,1,'2019-04-30 02:03:28',NULL,'2019-04-30 02:03:28',NULL);

/*!40000 ALTER TABLE `intervenciones` ENABLE KEYS */;
UNLOCK TABLES;


# Volcado de tabla limitaciones
# ------------------------------------------------------------

DROP TABLE IF EXISTS `limitaciones`;

CREATE TABLE `limitaciones` (
  `id` int(10) unsigned NOT NULL AUTO_INCREMENT,
  `nombre` varchar(255) DEFAULT NULL,
  PRIMARY KEY (`id`)
) ENGINE=InnoDB DEFAULT CHARSET=latin1;

LOCK TABLES `limitaciones` WRITE;
/*!40000 ALTER TABLE `limitaciones` DISABLE KEYS */;

INSERT INTO `limitaciones` (`id`, `nombre`)
VALUES
	(1,'Analfabetismo'),
	(2,'Discapacidad'),
	(3,'Idioma'),
	(4,'Otro');

/*!40000 ALTER TABLE `limitaciones` ENABLE KEYS */;
UNLOCK TABLES;


# Volcado de tabla modalidades
# ------------------------------------------------------------

DROP TABLE IF EXISTS `modalidades`;

CREATE TABLE `modalidades` (
  `id` int(10) unsigned NOT NULL AUTO_INCREMENT,
  `nombre` varchar(255) DEFAULT NULL,
  PRIMARY KEY (`id`)
) ENGINE=InnoDB DEFAULT CHARSET=latin1;

LOCK TABLES `modalidades` WRITE;
/*!40000 ALTER TABLE `modalidades` DISABLE KEYS */;

INSERT INTO `modalidades` (`id`, `nombre`)
VALUES
	(1,'Presentaci√≥n espont√°nea'),
	(2,'Intervenci√≥n de oficio'),
	(3,'Derivaci√≥n de otro organismo ');

/*!40000 ALTER TABLE `modalidades` ENABLE KEYS */;
UNLOCK TABLES;


# Volcado de tabla motivospasivos
# ------------------------------------------------------------

DROP TABLE IF EXISTS `motivospasivos`;

CREATE TABLE `motivospasivos` (
  `id` int(10) unsigned NOT NULL AUTO_INCREMENT,
  `nombre` varchar(255) DEFAULT NULL,
  PRIMARY KEY (`id`)
) ENGINE=InnoDB DEFAULT CHARSET=latin1;

LOCK TABLES `motivospasivos` WRITE;
/*!40000 ALTER TABLE `motivospasivos` DISABLE KEYS */;

INSERT INTO `motivospasivos` (`id`, `nombre`)
VALUES
	(1,'Se cubri√≥ la demanda inicial'),
	(2,'deja de requerir intervenci√≥n'),
	(3,'imposibilidad de contacto '),
	(4,'cu√°l');

/*!40000 ALTER TABLE `motivospasivos` ENABLE KEYS */;
UNLOCK TABLES;


# Volcado de tabla necesidades
# ------------------------------------------------------------

DROP TABLE IF EXISTS `necesidades`;

CREATE TABLE `necesidades` (
  `id` int(10) unsigned NOT NULL AUTO_INCREMENT,
  `nombre` varchar(255) DEFAULT NULL,
  PRIMARY KEY (`id`)
) ENGINE=InnoDB DEFAULT CHARSET=latin1;

LOCK TABLES `necesidades` WRITE;
/*!40000 ALTER TABLE `necesidades` DISABLE KEYS */;

INSERT INTO `necesidades` (`id`, `nombre`)
VALUES
	(1,'Vivienda'),
	(2,'Alimentos'),
	(3,'Capacidad Econ√≥mica'),
	(4,'Salud'),
	(5,'Vestimenta'),
	(6,'Educaci√≥n'),
	(7,'Trabajo'),
	(8,'Otra');

/*!40000 ALTER TABLE `necesidades` ENABLE KEYS */;
UNLOCK TABLES;


# Volcado de tabla oarticulas
# ------------------------------------------------------------

DROP TABLE IF EXISTS `oarticulas`;

CREATE TABLE `oarticulas` (
  `id` int(10) unsigned NOT NULL,
  `nombre` varchar(255) DEFAULT NULL
) ENGINE=InnoDB DEFAULT CHARSET=latin1;

LOCK TABLES `oarticulas` WRITE;
/*!40000 ALTER TABLE `oarticulas` DISABLE KEYS */;

INSERT INTO `oarticulas` (`id`, `nombre`)
VALUES
	(1,'¬†Colegio de Abogados'),
	(2,'Unidad de Ministro (Ministerio de Justicia)'),
	(3,'¬†Fiscal√≠a'),
	(4,'Portal Mi Provincia'),
	(5,'Defensor√≠a del Pueblo'),
	(6,'¬†Casa de Justicia(Ministerio P√∫blico)'),
	(7,'Municipio'),
	(8,'¬†Estado en tu barrio'),
	(9,'¬†Centro de Acceso a Justicia (CAJ)'),
	(10,'¬†ANSES'),
	(11,'¬†Otro CAVAJ'),
	(12,'¬†Organismo Provincial de Ni√±ez y Adolescencia'),
	(13,'¬†Programa Provincial Cerca de Noche'),
	(14,'¬†Direcci√≥n Provincial de Equidad de G√©nero y Diversidad Sexual'),
	(15,'¬†Registro Provincial de Informaci√≥n de Personas Menores de Edad Extraviadas (REPIPME)'),
	(16,'¬†Direcci√≥n Provincial de Salud Mental y Adicciones'),
	(17,'¬†Polic√≠a Federal'),
	(18,'¬†Polic√≠a Bonaerense'),
	(19,'¬†Polic√≠a Local'),
	(20,'¬†Polic√≠a Metropolitana'),
	(21,'Juzgado'),
	(22,'Comisar√≠a'),
	(23,'DDI'),
	(24,'Otro');

/*!40000 ALTER TABLE `oarticulas` ENABLE KEYS */;
UNLOCK TABLES;


# Volcado de tabla oderivados
# ------------------------------------------------------------

DROP TABLE IF EXISTS `oderivados`;

CREATE TABLE `oderivados` (
  `id` int(11) unsigned NOT NULL AUTO_INCREMENT,
  `nombre` varchar(100) DEFAULT NULL,
  PRIMARY KEY (`id`)
) ENGINE=InnoDB DEFAULT CHARSET=latin1;

LOCK TABLES `oderivados` WRITE;
/*!40000 ALTER TABLE `oderivados` DISABLE KEYS */;

INSERT INTO `oderivados` (`id`, `nombre`)
VALUES
	(1,'Defensor√≠a'),
	(2,'Colegio de abogados'),
	(3,'Juzgado de paz'),
	(4,'CAJ'),
	(5,'Consultorios jur√≠dicos gratuitos'),
	(6,'Municipalidad'),
	(7,'Abogado Particular'),
	(8,'Comisar√≠a'),
	(9,'Centro de salud'),
	(10,'CAVAJ'),
	(11,'Servicio local de ni√±ez'),
	(12,'ANSES'),
	(13,'Acci√≥n social'),
	(14,'PAMI'),
	(15,'Registro de las personas'),
	(16,'Desarrollo social'),
	(17,'Fiscal√≠a'),
	(18,'Casa de Justicia'),
	(19,'CAV'),
	(20,'Secretar√≠a de Tierras'),
	(21,'Defensa al Consumidor'),
	(22,'Mediaci√≥n Comunitaria'),
	(23,'Derechos Humanos'),
	(24,'CPA'),
	(25,'Hospitales'),
	(26,'Otro');

/*!40000 ALTER TABLE `oderivados` ENABLE KEYS */;
UNLOCK TABLES;


# Volcado de tabla oprevios
# ------------------------------------------------------------

DROP TABLE IF EXISTS `oprevios`;

CREATE TABLE `oprevios` (
  `id` int(10) unsigned NOT NULL,
  `nombre` varchar(255) DEFAULT NULL
) ENGINE=InnoDB DEFAULT CHARSET=latin1;

LOCK TABLES `oprevios` WRITE;
/*!40000 ALTER TABLE `oprevios` DISABLE KEYS */;

INSERT INTO `oprevios` (`id`, `nombre`)
VALUES
	(1,'ANSES'),
	(2,' Comisar√≠a '),
	(3,' DDI '),
	(4,' Defensor√≠a del Pueblo'),
	(5,' Municipio'),
	(6,' Portal Mi Provincia  '),
	(7,' Unidad de Ministro (Ministerio de Justicia) '),
	(8,'Centro de Acceso a Justicia (CAJ)'),
	(9,'Direcci√≥n Provincial de Equidad de G√©nero y Diversidad Sexual'),
	(10,'Direcci√≥n Provincial de Salud Mental y Adicciones'),
	(11,'Estado en Tu Barrio'),
	(12,'Fiscal√≠a'),
	(13,'Juzgado'),
	(14,'Organismo Provincial de Ni√±ez y Adolescencia'),
	(15,'Otro CAVAJ'),
	(16,'Polic√≠a Bonaerense'),
	(17,'Polic√≠a Federal'),
	(18,'Polic√≠a Local'),
	(19,'Polic√≠a Metropolitana'),
	(20,'Programa Provincial Cerca de Noche'),
	(21,'Registro Provincial de Informaci√≥n de Personas Menores de Edad Extraviadas (REPIPME)'),
	(22,'Casa de Justicia (Ministerio P√∫blico)'),
	(23,'Colegio de Abogados'),
	(24,'Otro Organismo');

/*!40000 ALTER TABLE `oprevios` ENABLE KEYS */;
UNLOCK TABLES;


# Volcado de tabla organismos
# ------------------------------------------------------------

DROP TABLE IF EXISTS `organismos`;

CREATE TABLE `organismos` (
  `id` int(10) unsigned NOT NULL AUTO_INCREMENT,
  `nombre` varchar(255) DEFAULT NULL,
  PRIMARY KEY (`id`)
) ENGINE=InnoDB DEFAULT CHARSET=latin1;

LOCK TABLES `organismos` WRITE;
/*!40000 ALTER TABLE `organismos` DISABLE KEYS */;

INSERT INTO `organismos` (`id`, `nombre`)
VALUES
	(1,'ANSES'),
	(2,' Comisar√≠a '),
	(3,' DDI '),
	(4,' Defensor√≠a del Pueblo'),
	(5,' Municipio'),
	(6,' Portal Mi Provincia  '),
	(7,' Unidad de Ministro (Ministerio de Justicia) '),
	(8,'Centro de Acceso a Justicia (CAJ)'),
	(9,'Direcci√≥n Provincial de Equidad de G√©nero y Diversidad Sexual'),
	(10,'Direcci√≥n Provincial de Salud Mental y Adicciones'),
	(11,'Estado en Tu Barrio'),
	(12,'Fiscal√≠a'),
	(13,'Juzgado'),
	(14,'Organismo Provincial de Ni√±ez y Adolescencia'),
	(15,'Otro CAVAJ'),
	(16,'Polic√≠a Bonaerense'),
	(17,'Polic√≠a Federal'),
	(18,'Polic√≠a Local'),
	(19,'Polic√≠a Metropolitana'),
	(20,'Programa Provincial Cerca de Noche'),
	(21,'Registro Provincial de Informaci√≥n de Personas Menores de Edad Extraviadas (REPIPME)'),
	(22,'Casa de Justicia (Ministerio P√∫blico)'),
	(23,'Colegio de Abogados'),
	(24,'Otro');

/*!40000 ALTER TABLE `organismos` ENABLE KEYS */;
UNLOCK TABLES;


# Volcado de tabla password_resets
# ------------------------------------------------------------

DROP TABLE IF EXISTS `password_resets`;

CREATE TABLE `password_resets` (
  `email` varchar(191) COLLATE utf8mb4_unicode_ci NOT NULL,
  `token` varchar(191) COLLATE utf8mb4_unicode_ci NOT NULL,
  `created_at` timestamp NULL DEFAULT NULL
) ENGINE=InnoDB DEFAULT CHARSET=utf8mb4 COLLATE=utf8mb4_unicode_ci;



# Volcado de tabla personas
# ------------------------------------------------------------

DROP TABLE IF EXISTS `personas`;

CREATE TABLE `personas` (
  `id` int(10) unsigned NOT NULL AUTO_INCREMENT,
  `nombre_persona_asistida` varchar(255) DEFAULT NULL,
  `vinculo_persona_asistida` int(11) DEFAULT NULL,
  `otro_vinculo_persona_asistida_cual` varchar(255) DEFAULT NULL,
  `telefono_persona_asistida` varchar(30) DEFAULT NULL,
  `domicilio_persona_asistida` varchar(255) DEFAULT NULL,
  `localidad_persona_asistida` varchar(255) DEFAULT NULL,
  `idCaso` int(11) DEFAULT NULL,
  `idVictim` int(11) DEFAULT NULL,
  `userID_create` int(11) DEFAULT NULL,
  `created_at` timestamp NULL DEFAULT NULL,
  `userID_modify` int(11) DEFAULT NULL,
  `updated_at` timestamp NULL DEFAULT NULL,
  `activo` int(11) DEFAULT NULL,
  PRIMARY KEY (`id`)
) ENGINE=InnoDB DEFAULT CHARSET=latin1;

LOCK TABLES `personas` WRITE;
/*!40000 ALTER TABLE `personas` DISABLE KEYS */;

INSERT INTO `personas` (`id`, `nombre_persona_asistida`, `vinculo_persona_asistida`, `otro_vinculo_persona_asistida_cual`, `telefono_persona_asistida`, `domicilio_persona_asistida`, `localidad_persona_asistida`, `idCaso`, `idVictim`, `userID_create`, `created_at`, `userID_modify`, `updated_at`, `activo`)
VALUES
	(1,'nombre',2,NULL,'123','dom','1',65,NULL,NULL,NULL,NULL,NULL,NULL),
	(2,'nombre y apellido',4,NULL,'123','domi','5',65,NULL,NULL,NULL,NULL,NULL,NULL),
	(3,'NOMBRE Y APELLIDO',3,NULL,'123','DOMICI','4',72,NULL,NULL,NULL,NULL,NULL,NULL),
	(5,'alkslsl',3,NULL,'123','domicilio','2',73,NULL,NULL,NULL,NULL,NULL,NULL),
	(6,'lalala',3,NULL,'123','dom','4',73,NULL,NULL,NULL,NULL,NULL,NULL),
	(7,'nombre',2,NULL,'123','domic','3',73,NULL,NULL,NULL,NULL,NULL,NULL),
	(8,'lolplp',2,NULL,'123','d','7',74,NULL,NULL,NULL,NULL,NULL,NULL),
	(9,'llll',2,NULL,'123','kolp','8',74,NULL,NULL,NULL,NULL,NULL,NULL),
	(10,'persona2',3,NULL,'123456','dom2','2',74,NULL,NULL,NULL,NULL,NULL,NULL),
	(11,'persona3',2,NULL,'12345','dom3','3',74,NULL,NULL,NULL,NULL,NULL,NULL),
	(12,NULL,NULL,NULL,NULL,NULL,NULL,74,NULL,NULL,NULL,NULL,NULL,NULL),
	(13,'mas personas',2,NULL,'123456','dom5','4',74,NULL,NULL,NULL,NULL,NULL,NULL),
	(14,'persona 10',1,NULL,'1234','domicilio10','10',74,NULL,NULL,NULL,NULL,NULL,NULL),
	(15,'persona11',3,NULL,'1234','domicilio11','11',74,NULL,NULL,NULL,NULL,NULL,NULL),
	(16,'persona12',2,NULL,'123','domicilio12','12',74,NULL,NULL,NULL,NULL,NULL,NULL),
	(17,'persona77',3,NULL,'123','domicilio77','77',77,NULL,NULL,NULL,NULL,NULL,NULL),
	(18,'nueva persona',2,NULL,'123','domi','90',77,NULL,NULL,NULL,NULL,NULL,NULL),
	(19,'otra persona',3,NULL,'123','domi otra','1',77,NULL,NULL,NULL,NULL,NULL,NULL),
	(20,'PERSONA 20',3,NULL,'1234','DOMI 20','20',77,NULL,NULL,NULL,NULL,NULL,NULL),
	(21,'nuevo nombre y apellido',2,NULL,'123','dom','4',78,NULL,NULL,NULL,NULL,NULL,NULL),
	(22,'persona asistida',2,NULL,'123','dom','1',79,NULL,NULL,NULL,NULL,NULL,NULL),
	(23,'PERSONA ASISTIDA',2,NULL,'12345','DOMICILIO','7',79,NULL,NULL,NULL,NULL,NULL,NULL),
	(24,'persona 24',2,NULL,'4567','domicilio','4',79,NULL,NULL,NULL,NULL,NULL,NULL),
	(25,'DE BREVE',2,NULL,'1234','DOM','12',82,NULL,NULL,NULL,NULL,NULL,NULL),
	(26,'BREVE',4,NULL,'1234','DOMI','7',82,NULL,NULL,NULL,NULL,NULL,NULL),
	(27,'PRUEBA CUAL',4,NULL,'4567','DOM','5',82,NULL,NULL,NULL,NULL,NULL,NULL),
	(29,NULL,NULL,NULL,NULL,NULL,NULL,NULL,NULL,NULL,NULL,NULL,NULL,NULL),
	(30,NULL,NULL,NULL,NULL,NULL,NULL,NULL,NULL,NULL,NULL,NULL,NULL,NULL),
	(31,'MM',3,NULL,'123','DOMICILIO','4',84,NULL,NULL,NULL,NULL,NULL,NULL),
	(32,'MMM',1,NULL,'123','DOMI','4',79,NULL,NULL,NULL,NULL,NULL,NULL),
	(33,'NN',2,NULL,'123','DOM','3',86,NULL,NULL,NULL,NULL,NULL,NULL),
	(34,NULL,NULL,NULL,NULL,NULL,NULL,86,NULL,NULL,NULL,NULL,NULL,NULL),
	(35,'NN',2,NULL,'123','DOM','3',86,NULL,NULL,NULL,NULL,NULL,NULL),
	(36,NULL,NULL,NULL,NULL,NULL,NULL,86,NULL,NULL,NULL,NULL,NULL,NULL),
	(37,'persona',3,NULL,'1234','domi','2',86,NULL,NULL,NULL,NULL,NULL,NULL),
	(38,NULL,NULL,NULL,NULL,NULL,NULL,86,NULL,NULL,NULL,NULL,NULL,NULL),
	(39,'PERSONA NUEVA',3,NULL,'123','DOMICILIO NUEVO','3',86,NULL,NULL,NULL,NULL,NULL,NULL),
	(40,NULL,NULL,NULL,NULL,NULL,NULL,86,NULL,NULL,NULL,NULL,NULL,NULL),
	(41,NULL,NULL,NULL,NULL,NULL,NULL,86,NULL,NULL,NULL,NULL,NULL,NULL),
	(42,NULL,NULL,NULL,NULL,NULL,NULL,86,NULL,NULL,NULL,NULL,NULL,NULL),
	(43,'ULTIMA PERSONA',4,'OTRO VINCULO','123','DOMI','10',86,NULL,NULL,NULL,NULL,NULL,NULL),
	(44,'PRIMERA PERSONA ASISTIDA',2,NULL,'123','DOMI','1',2,NULL,NULL,NULL,NULL,NULL,NULL),
	(45,'pablo luis',4,'cual otro','123','domi','1',3,NULL,NULL,NULL,NULL,NULL,NULL),
	(46,'luis miguel',2,NULL,'123','domi','4',3,NULL,NULL,NULL,NULL,NULL,NULL),
	(47,'111111111111111',NULL,NULL,NULL,NULL,NULL,3,NULL,NULL,NULL,NULL,NULL,NULL),
	(48,'prueba',2,NULL,'123','dom','loc',3,NULL,NULL,NULL,NULL,NULL,NULL),
	(49,'mamamamam',4,'CICICICI','123456','DOMIC','LOCAL',3,NULL,NULL,NULL,NULL,NULL,NULL),
	(50,'KCKCKCK',1,NULL,'123','DOM','LOC',3,NULL,NULL,NULL,NULL,NULL,NULL),
	(51,'PRUEBA HACIA PROF',2,NULL,'12345','DOMICILIOOOOOOOOOOOOOOOOOO','LOCALIDADDDDDDDDDDDDDD',3,NULL,NULL,NULL,NULL,NULL,NULL),
	(52,'PRUEBA NEW',4,'OTRO VINCULO','12345','DOMICILIO DE CONTACTO','LOC',3,NULL,NULL,NULL,NULL,NULL,NULL),
	(53,'NOMBRE PERSONA ASISTIDA CINCO',4,'OTRO VINCULO','123','DOMI CINCO','LOCALIDAD CINCO',4,NULL,NULL,NULL,NULL,NULL,NULL),
	(54,'persona',4,'otro cual','1234','domi','loca',5,NULL,NULL,NULL,NULL,NULL,NULL),
	(55,'NOMBRE SEIS',4,'OTRO VINCULO','1234','DOMI SEIS','LOCA SEIS',5,NULL,NULL,NULL,NULL,NULL,NULL),
	(56,'NOMBRE SEIS BIS',4,'OTRO VINCULO SEIS','1234','DOMI SEIS BIS','LOCA SEIS BIS',6,NULL,NULL,NULL,NULL,NULL,NULL),
	(57,'PERSONA ASISTIDA SIETE',4,'OTRO VINCULO SIETE','123','DOMISIETE','LOCASIETE',7,NULL,NULL,NULL,NULL,NULL,NULL),
	(58,'PERSONA ASISTIDA SIETEBIS',4,'OTRO VINCULO SIETEBIS','1234544','DOMI SIETEBIS','LOCASIETE',7,NULL,5,NULL,5,'2019-03-11 21:13:31',NULL),
	(59,'PERSONA ASISTIDA TRES',4,'OTRO VINCULO TRES','1234','DOMI TRES','LOCA TRES',7,NULL,NULL,NULL,NULL,NULL,NULL),
	(60,'nombre',4,'otro vinculo','123','domi','loca',9,NULL,NULL,NULL,NULL,NULL,NULL),
	(61,'persona nueva',4,'otro v','123','dom','loc',9,NULL,NULL,NULL,NULL,NULL,NULL),
	(62,'persona 62',4,'otro v','123','dom','loc',9,NULL,NULL,NULL,NULL,NULL,NULL),
	(63,'persona 63',4,'cual otro','123','dom','loc',9,NULL,NULL,NULL,NULL,NULL,NULL),
	(64,'persona 64',4,'otroV','123','dom','loc',9,NULL,NULL,NULL,NULL,NULL,NULL),
	(65,'personaaaaaaaaaaaaaaaaaaassssssssssssss',4,'otrovinculo','123','domiedit','locedit',9,NULL,NULL,NULL,NULL,NULL,NULL),
	(66,'LORENA SAENZ',4,'VECINA','1234','DOMICILIO','LOCALIDAD',9,NULL,NULL,NULL,NULL,NULL,NULL),
	(67,'SANDRA SAENZ',4,'PRIMA','123','DOMICILIO','LOCALIDAD',10,NULL,NULL,NULL,NULL,NULL,NULL),
	(68,'PERSONA TRECE',4,'OTRO VINCULO','123456','DOMIT13','LOCA13',12,NULL,NULL,NULL,NULL,NULL,NULL),
	(69,'PERSONA TRECE BIS',4,'OTRO VINCULO','1234','DOMI13BIS','LOCA13BIS',13,NULL,NULL,NULL,NULL,NULL,NULL),
	(70,'mmmmmmmmmmmm',4,'kkkkkkkkkkkkk','134','dom','lovc',14,NULL,NULL,NULL,NULL,NULL,NULL),
	(71,'persona',4,'otro','123344','dom','loc',14,NULL,NULL,NULL,NULL,NULL,NULL),
	(72,'lalalalal',4,'kakkaka','123','domi','loc',14,NULL,NULL,NULL,NULL,NULL,NULL),
	(73,'kaklalala',2,NULL,'111111','dom','loc',14,NULL,NULL,NULL,NULL,NULL,NULL),
	(74,'EUGENIA',2,NULL,'12345','DOMI','LOCAL',14,NULL,NULL,NULL,NULL,NULL,NULL),
	(75,'LUCKY',2,NULL,'163737','DOM','LOC',14,NULL,NULL,NULL,NULL,NULL,NULL),
	(76,'Josefa',2,NULL,'123','japon','japon',23,NULL,NULL,NULL,NULL,NULL,NULL),
	(77,'rosalinda',3,NULL,'123','Polonia','Polonia',23,NULL,NULL,NULL,NULL,NULL,NULL),
	(78,'roberto',4,'jefa','1234','string','string',24,NULL,NULL,NULL,NULL,NULL,NULL),
	(79,'MARIA ESTER',4,'OTRO','123','DOM','LOC',25,NULL,NULL,NULL,NULL,NULL,NULL),
	(80,'MARIO',4,'OTRO MARIO','1234','DOMIC','LOC',25,NULL,NULL,NULL,NULL,NULL,NULL),
	(81,'PERSONA1',4,'OTRO VINCULO','123','DOM','LOCAL',26,NULL,NULL,NULL,NULL,NULL,NULL),
	(82,'PERSONA 2',4,'OTRO','123','DOM','LOCAL',26,NULL,NULL,NULL,NULL,NULL,NULL),
	(83,'PERSONA1CASO',4,'OTRO V','123','DOM','LOC',26,NULL,NULL,NULL,NULL,NULL,NULL),
	(84,'PERSONA2',4,'OTRO V','123','DOM','LOC',27,NULL,NULL,NULL,NULL,NULL,NULL),
	(85,'PERSO',4,'OTRO CUAL','123','DOM','LOCAL',28,NULL,NULL,NULL,NULL,NULL,NULL),
	(86,'PERSONASSSSSSSSSS',4,'OTRO VINCULO','1234','DOM','LOCA',29,NULL,NULL,NULL,NULL,NULL,NULL),
	(87,'PERSONA ASISTIDA',4,'OTRO','1234','DOM','LOCAL',31,NULL,NULL,NULL,NULL,NULL,NULL),
	(88,'PERSONA ASISTIDA DOS',4,'OTRO V','1234','DOMI','LOCA',31,NULL,NULL,NULL,NULL,NULL,NULL),
	(89,'PER1',4,'OTRO LAZO','123','DOMI1','DOMI2',32,NULL,NULL,NULL,NULL,NULL,NULL),
	(90,'PER2',4,'OTRO V','1234','DOM2','LOCA2',32,NULL,NULL,NULL,NULL,NULL,NULL),
	(91,'PER3',4,'VINCULO TRES','1234','DOMI3','LOCA3',32,NULL,NULL,NULL,NULL,NULL,NULL),
	(92,'PERSO1',4,'OTRO V','123','DOMI','LOC',32,NULL,NULL,NULL,NULL,NULL,NULL),
	(93,'PERSO2',4,'OTRO L','123','DOMI','LOCAL',33,NULL,NULL,NULL,NULL,NULL,NULL),
	(94,'PROFESIONAL MODIFICADO',4,'OTRO V','123','DOM','LOCA',34,NULL,NULL,NULL,NULL,NULL,NULL),
	(95,'PROFESIONAL MODIFICADO 2',4,'OTRO LAZO','123','DOMI','LOCA',34,NULL,NULL,NULL,NULL,NULL,NULL),
	(96,'PROFESIONAL PROGRAMA1',4,'OTRO V','12345','DOMI','LOCA',34,NULL,NULL,NULL,NULL,NULL,NULL),
	(97,'PERSONA PROGRAMA2',4,'OTRO VIN','123','DOMI','LOCA',35,NULL,NULL,NULL,NULL,NULL,NULL),
	(98,'PERSONA ASISTIDA1',4,'OTROV','1234','DOM','LOCA',36,NULL,NULL,NULL,NULL,NULL,NULL),
	(99,'PERSONA ASISTIDA 2',4,'OTRO L','1234','DOM','LOCA',36,NULL,NULL,NULL,NULL,NULL,NULL),
	(100,'PERSO3',4,'OTROV','123','DOM','LOC',36,NULL,NULL,NULL,NULL,NULL,NULL),
	(101,'PERSONA1',4,'OTRO V1','1234','DOM1','LOC1',43,NULL,NULL,NULL,NULL,NULL,NULL),
	(102,'PERSONA2',4,'OTROV2','1234','DOM2','LOC2',43,NULL,NULL,NULL,NULL,NULL,NULL),
	(120,'HECTOR MARIO',4,'VECINO','123','DOMI','LOCA',52,NULL,NULL,NULL,NULL,NULL,NULL),
	(121,'HECTOR MARIO',4,'VECINO','123','DOMI','LOCA',52,NULL,NULL,NULL,NULL,NULL,NULL),
	(122,'HECTOR',4,'VECINO','123','DOMI','LOCA',52,NULL,NULL,NULL,NULL,NULL,NULL),
	(123,'JUANA',2,NULL,'123','DOMI','LOCA',52,NULL,NULL,NULL,NULL,NULL,NULL),
	(128,'MARIO ALBERTO',4,'OTRO V','123456','DOMI','LOCAL',54,NULL,NULL,NULL,NULL,NULL,NULL),
	(129,'MARIA LUISA',4,'OTRO LAZO','123456','DOMI','LOCAL',54,NULL,NULL,NULL,NULL,NULL,NULL),
	(157,'NOMBRE PRUEBA',4,'OTRO','1234','DOMI','LOCAL',71,NULL,NULL,NULL,NULL,NULL,NULL),
	(158,'PERSONA ASIS',4,'OTRA','1234','DOMI','LOCAL',76,NULL,NULL,NULL,NULL,NULL,NULL),
	(159,'MARIA MARTA',4,'OTRO LAZO','1234','DOMIC','LOCAL',76,NULL,NULL,NULL,NULL,NULL,NULL),
	(160,'PERSONA',4,'OTRO VINCULO','1234','DOMIC','LOCAL',76,NULL,NULL,NULL,NULL,NULL,NULL),
	(161,'PERSONA COMPARTIDA',4,'OTRO LAZO','1234','DOMIC','LOCAL',76,NULL,NULL,NULL,NULL,NULL,NULL),
	(162,'PERSONA ULTIMO ID',4,'OTRO V','123','DOMI','LOCAL',53,NULL,NULL,NULL,NULL,NULL,NULL),
	(163,'PERSONA ULTIMO ID BIS',4,'OTRO VIN','123','DOMIC','LOCAL',53,NULL,NULL,NULL,NULL,NULL,NULL),
	(164,'PERSONA ASISTIDA CON USUARIO',4,'OTRO V','1234','DOMI','LOCAL',53,NULL,NULL,NULL,NULL,NULL,NULL),
	(165,'VICTIMA CON PROFESIONAL1',4,'OTRO','123','DOMI','LOCAL',81,NULL,NULL,NULL,NULL,NULL,NULL),
	(166,'PERSONA ASISTIDA CON PROFESIONAL1',4,'OTRO','123','DOM','LOCAL',81,NULL,NULL,NULL,NULL,NULL,NULL),
	(167,'PERSONA PROF2',4,'OTRO LAZO','1234','DOMI','LOCAL',81,NULL,NULL,NULL,NULL,NULL,NULL),
	(168,'SONIA JUAREZ',4,'VECINA','1234','DOMI','LOCA',82,NULL,NULL,NULL,NULL,NULL,NULL),
	(169,'gabriel lucero',4,'varios','1234','lejos','mas lejos',85,NULL,NULL,NULL,NULL,NULL,NULL),
	(170,'Rosalia Perez',1,NULL,'1234','lejos','mas lejos',87,NULL,NULL,NULL,NULL,NULL,NULL),
	(171,'jacinto lopez',2,NULL,'1234','lejos','mas lejos',87,NULL,NULL,NULL,NULL,NULL,NULL),
	(172,'Teresa May',3,NULL,'1234','lejos','mas lejos',87,NULL,NULL,NULL,NULL,NULL,NULL),
	(173,'Monica fernandez',3,NULL,'1234','lejos','mas lejos',87,NULL,NULL,NULL,NULL,NULL,NULL),
	(174,'Carlos Calvo',2,NULL,'1234','lejos','mas lejos',87,NULL,NULL,NULL,NULL,NULL,NULL),
	(175,'Rosalia Perez',1,NULL,'1234','lejos','mas lejos',88,NULL,NULL,NULL,NULL,NULL,NULL),
	(176,'jacinto lopez',1,NULL,'1234','lejos','mas lejos',88,NULL,NULL,NULL,NULL,NULL,NULL),
	(177,'Carlos Calvo',3,NULL,'1234','lejos','mas lejos',88,NULL,NULL,NULL,NULL,NULL,NULL),
	(178,'Carlos Calvo',1,NULL,'1234','lejos','mas lejos',89,NULL,NULL,NULL,NULL,NULL,NULL),
	(179,'Rosalia Perez',4,'varios','1234','lejos','mas lejos',89,NULL,NULL,NULL,NULL,NULL,NULL),
	(180,'Carlos Calvo',2,NULL,'1234','lejos','mas lejos',90,NULL,NULL,NULL,NULL,NULL,NULL),
	(181,'Rosalia Perez',1,NULL,'1234','lejos','mas lejos',91,NULL,NULL,NULL,NULL,NULL,NULL),
	(182,'Roberta fritz',1,NULL,'1234','lejos','mas lejos',92,NULL,NULL,NULL,NULL,NULL,NULL),
	(183,'jacinto lopez',2,NULL,'1234','lejos','mas lejos',92,NULL,NULL,NULL,NULL,NULL,NULL),
	(184,'Chela Martinez',2,NULL,'1234','lejos','mas lejos',92,NULL,NULL,NULL,NULL,NULL,NULL),
	(185,'ROBERTO PETINATO',2,NULL,'1234','lejos','mas lejos',93,NULL,NULL,NULL,NULL,NULL,NULL),
	(186,'TOMASA FLORES',1,NULL,'1234','lejos','mas lejos',93,NULL,NULL,NULL,NULL,NULL,NULL),
	(187,'FERNANDO PERALTA',1,NULL,'1234','lejos','mas lejos',94,NULL,NULL,NULL,NULL,NULL,NULL),
	(188,'DELIA LAMARQUE',2,NULL,'1234','lejos','mas lejos',94,NULL,NULL,NULL,NULL,NULL,NULL),
	(189,'ANALIA ROSALES',2,NULL,'1234','lejos','mas lejos',95,NULL,NULL,NULL,NULL,NULL,NULL),
	(190,'GABRIELA LOPEZ',2,NULL,'1234','lejos','mas lejos',95,NULL,NULL,NULL,NULL,NULL,NULL),
	(191,'jacinto lopez',2,NULL,'1234','lejos','mas lejos',96,NULL,NULL,NULL,NULL,NULL,NULL),
	(192,'PERSONA ASISTIDA 1',1,NULL,'1234','domicilio','localidad',97,NULL,NULL,NULL,NULL,NULL,NULL),
	(193,'persona asistida 2',2,NULL,'1234','lejos','localidad',97,NULL,NULL,NULL,NULL,NULL,NULL),
	(194,'ROMINA MERCEDES',1,NULL,'1234','lejos','mas lejos',98,NULL,NULL,NULL,NULL,NULL,NULL),
	(195,'Rosalia Perez',2,NULL,'1234','lejos','localidad',98,NULL,NULL,NULL,NULL,NULL,NULL),
	(196,'Roberta fritz',2,NULL,'1234','lejos','mas lejos',99,NULL,NULL,NULL,NULL,NULL,NULL),
	(197,'jacinto lopez EDITADA',2,NULL,'1234','lejos','mas lejos',100,NULL,6,NULL,6,'2019-03-12 15:19:58',NULL),
	(198,'Carlos Calvo',3,NULL,'1234','lejos','localidad',100,NULL,NULL,NULL,NULL,NULL,NULL),
	(199,'PERSONA 1',1,NULL,'1234','domicilio','LOCALIDAD',101,NULL,NULL,NULL,NULL,NULL,NULL),
	(200,'PERSONA 2',3,NULL,'12345','DOMILICIO','LOCALIDAD',101,NULL,NULL,NULL,NULL,NULL,NULL),
	(201,'jacinto lopez',2,NULL,'1234','domicilio','LOCALIDAD',102,NULL,NULL,NULL,NULL,NULL,NULL),
	(202,'MANUELA LOPEZ',2,NULL,'1234','lejos','LOCALIDAD',103,NULL,NULL,NULL,NULL,NULL,NULL),
	(203,'LORENA SOLEDAD',2,NULL,'12345','lejos','LOCALIDAD',103,NULL,NULL,NULL,NULL,NULL,NULL),
	(204,'ROMINA BALBOA',2,NULL,'12345','lejos','LOCALIDAD',104,NULL,NULL,NULL,NULL,NULL,NULL),
	(205,'MARIA GABRIELA',2,NULL,'1234','lejos','localidad',104,NULL,NULL,NULL,NULL,NULL,NULL),
	(206,'BRIAN 1',1,NULL,'1234','lejos','LOCALIDAD',105,NULL,NULL,NULL,NULL,NULL,NULL),
	(207,'BRIAN 2',1,NULL,'12345','domicilio','localidad',105,NULL,NULL,NULL,NULL,NULL,NULL),
	(208,'Roberta fritz',1,NULL,'12345','lejos','LOCALIDAD',106,NULL,NULL,NULL,NULL,NULL,NULL),
	(209,'Rosalia Perez',3,NULL,'1234','domicilio','localidad',106,NULL,NULL,NULL,NULL,NULL,NULL),
	(210,'PRUEBA FINAL',1,NULL,'1234','lejos','LOCALIDAD',107,NULL,NULL,NULL,NULL,NULL,NULL),
	(211,'Roberta fritz',1,NULL,'1234','domicilio','localidad',108,NULL,NULL,NULL,NULL,NULL,NULL),
	(212,'Monica fernandez',1,NULL,'1234','lejos','LOCALIDAD',108,NULL,NULL,NULL,NULL,NULL,NULL),
	(213,'ASISTENCIA FINAL',2,NULL,'1234','lejos','localidad',109,NULL,NULL,NULL,NULL,NULL,NULL),
	(214,'ASISTENCIA FINAL 2',2,NULL,'1234','DOMILICIO','LOCALIDAD',109,NULL,NULL,NULL,NULL,NULL,NULL),
	(215,'CASO CASO',4,'hermanastros','1234','domicilio','localidad',112,NULL,NULL,NULL,NULL,NULL,NULL),
	(216,'Rosalia Perez',4,'otro','1234','domi','local',114,NULL,NULL,NULL,NULL,NULL,NULL),
	(217,'Carlos Calvo',1,NULL,'1234','DOMILICIO','local',114,NULL,NULL,NULL,NULL,NULL,NULL),
	(218,'SENORA FINAL',4,'hermanastros','12345','lejos','localidad',119,NULL,NULL,NULL,NULL,NULL,NULL),
	(219,'CASO CASO',3,NULL,'1234','DOMILICIO','LOCALIDAD',119,NULL,NULL,NULL,NULL,NULL,NULL),
	(220,'PAULA MORALES',4,'HERMANASTRA','1234','domicilio','LOCALIDAD',123,NULL,NULL,NULL,NULL,NULL,NULL),
	(221,'FELISA MARTINEZ',2,NULL,'12345','lejos','LOCALIDAD',123,NULL,NULL,NULL,NULL,NULL,NULL),
	(222,'FELICITAS ROMERO EDITADA',2,NULL,'212','domicilio','EDITANDO LOCALIDAD',124,NULL,5,NULL,5,'2019-03-11 21:28:08',NULL),
	(223,'FERNANDA BOLTA',1,NULL,'12345','DOMILICIO','localidad',124,NULL,NULL,NULL,NULL,NULL,NULL),
	(224,'CARMEN ROCIO LUNA',4,'VECINOS LEJANOS','2222','DOMILICIO','localidad',124,NULL,NULL,NULL,NULL,NULL,NULL),
	(225,'TERESA FLORES',2,NULL,'12345','domicilio','LOCALIDAD',126,NULL,NULL,NULL,NULL,NULL,NULL),
	(226,'ROMINA MONCALVA',1,NULL,'12345','domi','LOCALIDAD',126,NULL,NULL,NULL,NULL,NULL,NULL),
	(227,'MARIA CARLA SANCHEZ',4,'HERMANASTRA','12345','DOMILICIO','LOCALIDAD',129,NULL,NULL,NULL,NULL,NULL,NULL),
	(228,'FERNANDO VALDEZ',1,NULL,'12345','domicilio','local',129,NULL,NULL,NULL,NULL,NULL,NULL),
	(230,'WALTER QUIROZ',1,NULL,'2222','domicilio','localidad',131,NULL,NULL,NULL,NULL,NULL,NULL),
	(231,'ROMINA PEREIRA',3,NULL,'12345','domi','local',131,NULL,NULL,NULL,NULL,NULL,NULL),
	(232,'TERESA DIEZ',4,'VECINOS LEJANOS','12345','domicilio','localidad',131,NULL,NULL,NULL,NULL,NULL,NULL),
	(233,'jacinto lopez',2,NULL,'12345','domi','LOCALIDAD',139,NULL,NULL,NULL,NULL,NULL,NULL),
	(234,'MARIA GABRIELA ESTEVEZ',1,NULL,'12345','domi','local',140,NULL,NULL,NULL,NULL,NULL,NULL),
	(235,'ASUNCION BENITEZ',4,'VECINOS LEJANOS','282913718','BOEDO 2819','CABA',141,NULL,NULL,NULL,NULL,NULL,NULL),
	(236,'CARLOS MARTINEZ',4,'OTRO VINCULO','28199291','PARANA 4040','CABA',141,NULL,NULL,NULL,NULL,NULL,NULL),
	(237,'ROBERTO MARTINEZ',4,'HERMANASTRA','28199291','DOMILICIO','LOCALIDAD',142,NULL,NULL,'2019-03-10 11:52:59',NULL,'2019-03-10 11:52:59',NULL),
	(238,'FERNANDA GOMEZ',2,NULL,'2726383','BOEDO 2819','local',142,NULL,NULL,'2019-03-10 11:53:18',NULL,'2019-03-10 11:53:18',NULL),
	(239,'GABRIELA VERA',1,NULL,'2222','PARANA 4040','LOCALIDAD',147,NULL,5,'2019-03-10 23:46:02',NULL,'2019-03-10 23:46:02',NULL),
	(240,'LEONARDO TORRE',2,NULL,'2726383','PARANA 4040','mas lejos',147,NULL,5,'2019-03-10 23:46:20',NULL,'2019-03-10 23:46:20',NULL),
	(241,'MARIA VERONICA LOPEZ',1,NULL,'2726383','BOEDO 2819','LOCALIDAD',148,NULL,5,'2019-03-11 10:52:54',NULL,'2019-03-11 10:52:54',NULL),
	(242,'JAZMIN HERNANDEZ',1,NULL,'2726383','CHARCAS 1234','aun mas lejos',149,NULL,5,'2019-03-11 19:03:17',NULL,'2019-03-11 19:24:34',NULL),
	(243,'ROCIO LOPEZ',2,NULL,'28199291','BOEDO 2819','LOCALIDAD',149,NULL,5,'2019-03-11 19:03:35',NULL,'2019-03-11 19:03:35',NULL),
	(244,'rosana',1,NULL,'12345','PARANA 4040','aun mas lejos',149,NULL,NULL,'2019-03-11 19:44:05',NULL,'2019-03-11 19:44:05',NULL),
	(246,'rosario lopez fraga',4,'VECINOS LEJANOS','123452','PARANA 4040','aun mas lejos',149,NULL,5,'2019-03-11 19:57:29',5,'2019-03-11 20:09:44',NULL),
	(247,'YESICA ROMANO editada',4,'VECINA DE LA MADRE','2726383','BOEDO 2819','CABA',149,NULL,5,'2019-03-11 20:03:03',5,'2019-03-11 20:08:21',NULL),
	(248,'LORENA',3,NULL,'12345','domicilio','aun mas lejos',7,NULL,5,'2019-03-11 21:24:20',NULL,'2019-03-11 21:24:20',NULL),
	(249,'CARMELO DIEZ',1,NULL,'123452','PARANA 4040','aun mas lejos',124,NULL,5,'2019-03-11 21:25:27',NULL,'2019-03-11 21:25:27',NULL),
	(250,'URSULA BENITEZ',2,NULL,'28199291','BOEDO 2819','CABA',150,NULL,7,'2019-03-12 12:38:42',NULL,'2019-03-12 12:38:42',NULL),
	(251,'ROSARIO LOPEZ',4,'OTRO VINCULO','121212','122121','CABA',150,NULL,7,'2019-03-12 12:39:04',NULL,'2019-03-12 12:39:04',NULL),
	(252,'LORNA LOPEZ',1,NULL,'28199291','PARANA 4020','CABA',150,NULL,7,'2019-03-12 12:53:50',7,'2019-03-12 12:54:07',NULL),
	(253,'SARA PINTOS',1,NULL,'1221213','BOEDO 2819','CABA',151,NULL,6,'2019-03-12 15:06:20',NULL,'2019-03-12 15:06:20',NULL),
	(254,'Roberta fritz',2,NULL,'2222','PARANA 4040','CABA',151,NULL,6,'2019-03-12 15:06:32',6,'2019-03-12 15:08:53',NULL),
	(256,'ROMINA GONZALEZ',4,'hermanastros','3131','BOEDO 2819','CABA',153,NULL,6,'2019-03-17 14:41:12',NULL,'2019-03-17 14:41:12',NULL),
	(257,'ROSARIO MARTINEZ',2,NULL,'2726383','PARANA 4040','CABA',153,NULL,6,'2019-03-17 14:41:59',NULL,'2019-03-17 14:41:59',NULL),
	(258,'Carlos Calvo',2,NULL,'28199291','DOMILICIO','local',153,NULL,6,'2019-03-17 14:45:59',NULL,'2019-03-17 14:45:59',NULL),
	(259,'PAMELA MARTINEZ',1,NULL,'28199291','domicilio','aun mas lejos',154,NULL,6,'2019-03-18 22:41:59',NULL,'2019-03-18 22:41:59',NULL),
	(260,'Carlos Calvo',1,NULL,'Se desconoce','BOEDO 2819','local',157,NULL,6,'2019-03-18 23:58:58',NULL,'2019-03-18 23:58:58',NULL),
	(261,'jacinto lopez',2,NULL,'Se desconoce','Se desconoce','LOCALIDAD',157,NULL,6,'2019-03-19 00:02:16',NULL,'2019-03-19 00:02:16',NULL),
	(262,'MARIA HELENA FRAGA',1,NULL,'Se desconoce','Se desconoce','Se desconoce',157,NULL,6,'2019-03-19 00:04:04',NULL,'2019-03-19 00:04:04',NULL),
	(263,'Rosalia Perez',3,NULL,'Se desconoce','Se desconoce','Se desconoce',157,NULL,6,'2019-03-19 00:08:56',NULL,'2019-03-19 00:08:56',NULL),
	(264,'Carlos Calvo',2,NULL,'Se desconoce','Se desconoce','Se desconoce',157,NULL,6,'2019-03-19 00:09:21',NULL,'2019-03-19 00:09:21',NULL),
	(265,'Se desconoce',1,NULL,'Se desconoce','Se desconoce','Se desconoce',157,NULL,6,'2019-03-19 00:12:57',NULL,'2019-03-19 00:12:57',NULL),
	(266,'Se desconoce',2,NULL,'Se desconoce','Se desconoce','Se desconoce',157,NULL,6,'2019-03-19 00:13:57',NULL,'2019-03-19 00:13:57',NULL),
	(267,'Carlos Calvo',2,NULL,'28199291','PARANA 4040','local',161,NULL,1,'2019-03-21 14:40:19',NULL,'2019-03-21 14:40:19',NULL),
	(268,'Se desconoce',2,NULL,'2726383','DOMILICIO','aun mas lejos',163,NULL,1,'2019-03-21 15:10:05',NULL,'2019-03-21 15:10:05',NULL),
	(269,'Se desconoce',1,NULL,'0','Se desconoce','Se desconoce',169,NULL,1,'2019-03-29 19:54:02',NULL,'2019-03-29 19:54:02',NULL),
	(270,'Se desconoce',3,NULL,'2726383','Se desconoce','LOCALIDAD',178,NULL,1,'2019-04-06 21:10:41',NULL,'2019-04-06 21:10:41',NULL),
	(271,'Roberto fernandez',1,NULL,'28199291','Se desconoce','Se desconoce',178,NULL,1,'2019-04-06 21:11:03',NULL,'2019-04-06 21:11:03',NULL),
	(272,'MARIA PERLA',4,'HERMANASTRA','222222','Se desconoce','Se desconoce',178,NULL,1,'2019-04-06 21:11:53',NULL,'2019-04-06 21:11:53',NULL),
	(273,'ROSARIO GOMEZ',3,NULL,'0','Se desconoce','Se desconoce',179,NULL,1,'2019-04-06 21:53:00',NULL,'2019-04-06 21:53:00',NULL),
	(274,'Se desconoce',4,'OTRO VINCULO','2726383','PARANA 4040','Se desconoce',180,NULL,1,'2019-04-06 22:33:34',NULL,'2019-04-06 22:33:34',NULL),
	(275,'Se desconoce',4,'OTRO VINCULO','0','Se desconoce','Se desconoce',181,NULL,1,'2019-04-07 13:28:43',NULL,'2019-04-07 13:28:43',NULL),
	(276,'PAULA TAMARA',4,'hermanastros','28199291','BOEDO 2819','LOCALIDAD',181,NULL,1,'2019-04-07 13:29:21',NULL,'2019-04-07 13:29:21',NULL),
	(277,'ROBERTO MARTINEZ',4,'HERMANASTRA','0','Se desconoce','Se desconoce',182,NULL,1,'2019-04-07 14:36:33',NULL,'2019-04-07 14:36:33',NULL),
	(278,'Se desconoce',2,NULL,'0','Se desconoce','Se desconoce',186,NULL,1,'2019-04-12 12:05:11',NULL,'2019-04-12 12:05:11',NULL),
	(279,'Se desconoce',3,NULL,'0','Se desconoce','Se desconoce',188,NULL,1,'2019-04-12 14:08:45',NULL,'2019-04-12 14:08:45',NULL),
	(280,'Carlos Calvo',1,NULL,'28199291','Se desconoce','Se desconoce',188,NULL,1,'2019-04-12 14:09:04',NULL,'2019-04-12 14:09:04',NULL),
	(281,'Carlos Calvo',3,NULL,'12345','PARANA 4040','Se desconoce',190,NULL,1,'2019-04-12 14:38:54',NULL,'2019-04-12 14:38:54',NULL),
	(282,'Carlos Calvo',1,NULL,'28199291','Se desconoce','Se desconoce',191,161,1,'2019-04-12 18:35:45',NULL,'2019-04-12 18:35:45',NULL),
	(283,'jacinto lopez',2,NULL,'12345','PARANA 4040','LOCALIDAD',191,161,1,'2019-04-12 18:36:04',NULL,'2019-04-12 18:36:04',NULL),
	(284,'Se desconoce',1,NULL,'0','Se desconoce','Se desconoce',191,NULL,1,'2019-04-12 19:42:03',NULL,'2019-04-12 19:42:03',NULL),
	(285,'CASO CASO',2,NULL,'2726383','DOMILICIO','local',191,NULL,1,'2019-04-12 19:42:23',NULL,'2019-04-12 19:42:23',NULL),
	(286,'PA 1',1,NULL,'2222','Se desconoce','Se desconoce',192,NULL,1,'2019-04-12 20:31:12',NULL,'2019-04-12 20:31:12',NULL),
	(287,'PA 2',1,NULL,'0','Se desconoce','Se desconoce',192,NULL,1,'2019-04-12 20:33:59',NULL,'2019-04-12 20:33:59',NULL),
	(288,'PA 1 CASO NUEVO',2,NULL,'0','Se desconoce','Se desconoce',193,NULL,1,'2019-04-12 20:40:14',NULL,'2019-04-12 20:40:14',NULL),
	(289,'PA 2 CASO NUEVO',3,NULL,'0','Se desconoce','Se desconoce',193,NULL,1,'2019-04-12 20:40:32',NULL,'2019-04-12 20:40:32',NULL),
	(290,'Se desconoce',2,NULL,'0','Se desconoce','Se desconoce',193,NULL,1,'2019-04-12 21:18:59',NULL,'2019-04-12 21:18:59',NULL),
	(291,'Carlos Calvo',1,NULL,'1234','Se desconoce','Se desconoce',194,NULL,1,'2019-04-15 19:01:29',NULL,'2019-04-15 19:01:29',NULL),
	(292,'jacinto lopez',3,NULL,'2222','Se desconoce','Se desconoce',194,NULL,1,'2019-04-15 19:01:50',NULL,'2019-04-15 19:01:50',NULL),
	(293,'CASO CASO 1',1,NULL,'0','Se desconoce','Se desconoce',195,NULL,1,'2019-04-16 02:31:42',NULL,'2019-04-16 02:31:42',NULL),
	(294,'CASO CASO 2',2,NULL,'0','Se desconoce','Se desconoce',195,NULL,1,'2019-04-16 02:32:00',NULL,'2019-04-16 02:32:00',NULL),
	(295,'CASO CASO 3',3,NULL,'2222','BOEDO 2819','Se desconoce',195,NULL,1,'2019-04-16 02:41:59',NULL,'2019-04-16 02:41:59',NULL),
	(296,'PA 1 con 3 relaciones',2,NULL,'0','Se desconoce','Se desconoce',196,NULL,1,'2019-04-16 11:17:37',NULL,'2019-04-16 11:17:37',NULL),
	(297,'PA 2 con 3 relaciones',3,NULL,'0','Se desconoce','Se desconoce',196,NULL,1,'2019-04-16 11:17:59',NULL,'2019-04-16 11:17:59',NULL),
	(298,'PA3 con 3 relaciones',1,NULL,'0','Se desconoce','Se desconoce',196,NULL,1,'2019-04-16 11:19:32',NULL,'2019-04-16 11:19:32',NULL),
	(299,'PA4',2,NULL,'0','Se desconoce','Se desconoce',196,NULL,1,'2019-04-16 11:21:17',NULL,'2019-04-16 11:21:17',NULL),
	(300,'PA5',1,NULL,'2726383','Se desconoce','Se desconoce',196,NULL,1,'2019-04-16 11:29:39',NULL,'2019-04-16 11:29:39',NULL),
	(301,'PA6',2,NULL,'0','Se desconoce','Se desconoce',196,NULL,1,'2019-04-16 11:31:31',NULL,'2019-04-16 11:31:31',NULL),
	(302,'PA7',3,NULL,'0','Se desconoce','Se desconoce',196,NULL,1,'2019-04-16 11:33:04',NULL,'2019-04-16 11:33:04',NULL),
	(303,'PA8',NULL,NULL,'0','Se desconoce','Se desconoce',196,NULL,1,'2019-04-16 11:35:35',NULL,'2019-04-16 11:35:35',NULL),
	(304,'PA 1 FUNCIONANDO',NULL,NULL,'2222','Se desconoce','Se desconoce',197,NULL,1,'2019-04-16 18:30:29',NULL,'2019-04-16 18:30:29',NULL),
	(305,'PA 2 FUNCIONANDO',NULL,NULL,'0','Se desconoce','Se desconoce',197,NULL,1,'2019-04-16 18:30:45',NULL,'2019-04-16 18:30:45',NULL),
	(306,'Carlos Calvo',NULL,NULL,'2726383','DOMILICIO','localidad',197,NULL,1,'2019-04-16 18:33:56',NULL,'2019-04-16 18:33:56',NULL),
	(307,'PA 3',NULL,NULL,'2222','DOMILICIO','local',197,NULL,1,'2019-04-16 18:37:30',NULL,'2019-04-16 18:37:30',NULL),
	(308,'PA4',NULL,NULL,'2222','PARANA 4040','CABA',197,NULL,1,'2019-04-16 18:39:40',NULL,'2019-04-16 18:39:40',NULL),
	(309,'Pa5',NULL,NULL,'0','Se desconoce','Se desconoce',197,NULL,1,'2019-04-16 18:40:25',NULL,'2019-04-16 18:40:25',NULL),
	(310,'Roberta fritz',NULL,NULL,'0','PARANA 4040','localidad',197,NULL,1,'2019-04-16 18:41:15',NULL,'2019-04-16 18:41:15',NULL),
	(311,'P nueva',NULL,NULL,'1234','Se desconoce','Se desconoce',197,NULL,1,'2019-04-16 18:43:09',NULL,'2019-04-16 18:43:09',NULL),
	(312,'Se desconoce',NULL,'otro','0','Se desconoce','Se desconoce',197,NULL,1,'2019-04-16 18:47:16',NULL,'2019-04-16 18:47:16',NULL),
	(313,'Se desconoce',NULL,NULL,'0','Se desconoce','Se desconoce',197,NULL,1,'2019-04-16 18:47:44',NULL,'2019-04-16 18:47:44',NULL),
	(314,'Se desconoce',NULL,'OTRO VINCULO','1234','BOEDO 2819','CABA',197,NULL,1,'2019-04-16 18:50:03',NULL,'2019-04-16 18:50:03',NULL),
	(315,'Carlos Calvo',NULL,NULL,'2726383','Se desconoce','Se desconoce',197,NULL,1,'2019-04-16 18:55:13',NULL,'2019-04-16 18:55:13',NULL),
	(316,'jacinto lopez',NULL,NULL,'28199291','BOEDO 2819','localidad',197,NULL,1,'2019-04-16 18:56:40',NULL,'2019-04-16 18:56:40',NULL),
	(317,'CASO CASO',NULL,NULL,'2222','DOMILICIO','local',197,NULL,1,'2019-04-16 18:59:46',NULL,'2019-04-16 18:59:46',NULL),
	(318,'Se desconoce',NULL,NULL,'0','Se desconoce','Se desconoce',197,NULL,1,'2019-04-16 19:00:55',NULL,'2019-04-16 19:00:55',NULL),
	(319,'Carlos Calvo',NULL,NULL,'0','Se desconoce','Se desconoce',197,NULL,1,'2019-04-16 19:07:59',NULL,'2019-04-16 19:07:59',NULL),
	(320,'Se desconoce',NULL,NULL,'0','Se desconoce','Se desconoce',197,NULL,1,'2019-04-16 19:11:08',NULL,'2019-04-16 19:11:08',NULL),
	(321,'PA1',NULL,NULL,'1234','DOMILICIO','local',198,NULL,1,'2019-04-17 19:37:08',NULL,'2019-04-17 19:37:08',NULL),
	(322,'Carlos Calvo',NULL,NULL,'1234','PARANA 4040','Se desconoce',198,NULL,1,'2019-04-17 19:37:56',NULL,'2019-04-17 19:37:56',NULL),
	(323,'PA3',NULL,NULL,'0','Se desconoce','Se desconoce',198,NULL,1,'2019-04-17 19:43:31',NULL,'2019-04-17 19:43:31',NULL),
	(324,'PA1',NULL,NULL,'2726383','Se desconoce','Se desconoce',199,NULL,1,'2019-04-17 19:50:00',NULL,'2019-04-17 19:50:00',NULL),
	(325,'Carlos Calvo',NULL,NULL,'22','domicilio','Se desconoce',199,NULL,1,'2019-04-17 19:55:50',NULL,'2019-04-17 19:55:50',NULL),
	(326,'PA1',NULL,NULL,'0','Se desconoce','Se desconoce',201,NULL,1,'2019-04-17 21:13:32',NULL,'2019-04-17 21:13:32',NULL),
	(327,'PA2',NULL,NULL,'0','Se desconoce','Se desconoce',201,NULL,1,'2019-04-17 21:15:28',NULL,'2019-04-17 21:15:28',NULL),
	(328,'Se desconoce',NULL,NULL,'12345','DOMILICIO','CABA',201,NULL,1,'2019-04-17 21:35:29',NULL,'2019-04-17 21:35:29',NULL),
	(329,'Carlos Calvo',NULL,NULL,'1234','BOEDO 2819','Se desconoce',202,NULL,1,'2019-04-17 23:05:47',NULL,'2019-04-17 23:05:47',NULL),
	(330,'Se desconoce',NULL,NULL,'0','BOEDO 2819','Se desconoce',202,NULL,1,'2019-04-17 23:06:28',NULL,'2019-04-17 23:06:28',NULL),
	(331,'pa3',NULL,NULL,'12345','BOEDO 2819','CABA',202,NULL,1,'2019-04-17 23:13:08',NULL,'2019-04-17 23:13:08',NULL),
	(332,'pa1',NULL,NULL,'0','Se desconoce','Se desconoce',203,NULL,1,'2019-04-21 17:35:29',NULL,'2019-04-21 17:35:29',NULL),
	(333,'pa2',NULL,NULL,'0','Se desconoce','Se desconoce',203,NULL,1,'2019-04-21 17:36:03',NULL,'2019-04-21 17:36:03',NULL),
	(334,'PA1',NULL,NULL,'28199291','Se desconoce','Se desconoce',206,183,1,'2019-04-21 18:57:34',NULL,'2019-04-21 18:57:34',NULL),
	(335,'PA2',NULL,NULL,'2726383','Se desconoce','Se desconoce',206,183,1,'2019-04-21 18:57:51',NULL,'2019-04-21 18:57:51',NULL),
	(336,'PA3',NULL,NULL,'0','Se desconoce','Se desconoce',206,183,1,'2019-04-21 18:58:03',NULL,'2019-04-21 18:58:03',NULL),
	(337,NULL,NULL,NULL,NULL,NULL,NULL,206,184,1,'2019-04-21 18:59:50',NULL,'2019-04-21 18:59:50',NULL),
	(338,'Se desconoce',NULL,NULL,'0','Se desconoce','Se desconoce',206,186,1,'2019-04-21 19:10:16',NULL,'2019-04-21 19:10:16',NULL),
	(339,NULL,NULL,NULL,NULL,NULL,NULL,206,186,1,'2019-04-21 20:57:49',NULL,'2019-04-21 20:57:49',NULL),
	(340,'Rosalia Perez',NULL,NULL,NULL,NULL,NULL,206,186,1,'2019-04-21 20:58:02',NULL,'2019-04-21 20:58:02',NULL),
	(341,NULL,NULL,NULL,NULL,NULL,NULL,206,186,1,'2019-04-21 22:04:29',NULL,'2019-04-21 22:04:29',NULL),
	(342,'PA1',NULL,'varios','0','Se desconoce','Se desconoce',207,187,1,'2019-04-21 22:08:00',NULL,'2019-04-21 22:08:00',NULL),
	(343,'PA2',NULL,NULL,'0','Se desconoce','Se desconoce',207,187,1,'2019-04-21 22:08:17',NULL,'2019-04-21 22:08:17',NULL),
	(344,'PA3',NULL,NULL,'0','Se desconoce','Se desconoce',207,187,1,'2019-04-21 22:08:32',NULL,'2019-04-21 22:08:32',NULL),
	(345,'Roberta fritz',NULL,NULL,'28199291','PARANA 4040','CABA',207,188,1,'2019-04-21 22:11:52',NULL,'2019-04-21 22:11:52',NULL),
	(346,'Carlos Calvo',NULL,NULL,'0','Se desconoce','Se desconoce',207,188,1,'2019-04-21 22:20:38',NULL,'2019-04-21 22:20:38',NULL),
	(347,'Rosalia Perez',NULL,NULL,'0','Se desconoce','Se desconoce',207,188,1,'2019-04-21 22:21:34',NULL,'2019-04-21 22:21:34',NULL),
	(348,NULL,NULL,NULL,NULL,NULL,NULL,207,188,1,'2019-04-21 22:23:29',NULL,'2019-04-21 22:23:29',NULL),
	(349,NULL,NULL,NULL,NULL,NULL,NULL,207,188,1,'2019-04-21 22:23:46',NULL,'2019-04-21 22:23:46',NULL),
	(350,NULL,NULL,NULL,NULL,NULL,NULL,207,188,1,'2019-04-21 22:24:18',NULL,'2019-04-21 22:24:18',NULL),
	(351,'Se desconoce',NULL,NULL,'0','Se desconoce','Se desconoce',210,190,1,'2019-04-22 18:22:14',NULL,'2019-04-22 18:22:14',NULL),
	(352,'perro',NULL,NULL,'12345','Se desconoce','Se desconoce',210,190,1,'2019-04-22 18:22:32',NULL,'2019-04-22 18:22:32',NULL),
	(353,'gato',NULL,NULL,'0','Se desconoce','Se desconoce',210,190,1,'2019-04-22 18:24:22',NULL,'2019-04-22 18:24:22',NULL),
	(354,NULL,NULL,NULL,NULL,NULL,NULL,210,191,1,'2019-04-22 19:40:33',NULL,'2019-04-22 19:40:33',NULL),
	(355,'pruebaaaaaaaaaaaaaaaaaaa',NULL,NULL,'0','Se desconoce','Se desconoce',210,191,1,'2019-04-22 19:50:07',NULL,'2019-04-22 19:50:07',NULL),
	(356,'PA1',NULL,NULL,'12345','domicilio','localidad',211,192,1,'2019-04-23 12:21:45',NULL,'2019-04-23 12:21:45',NULL),
	(357,'PA2',NULL,NULL,'28199291','PARANA 4040','LOCALIDAD',211,192,1,'2019-04-23 12:22:11',NULL,'2019-04-23 12:22:11',NULL),
	(358,'PA3',NULL,NULL,'2222','domicilio','localidad',211,192,1,'2019-04-23 12:22:28',NULL,'2019-04-23 12:22:28',NULL),
	(359,'PA4',NULL,NULL,'2726383','DOMILICIO','CABA',211,192,1,'2019-04-23 12:22:44',NULL,'2019-04-23 12:22:44',NULL),
	(360,'Carlos Calvo',NULL,NULL,'28199291','Se desconoce','Se desconoce',212,194,1,'2019-04-23 14:22:09',NULL,'2019-04-23 14:22:09',NULL),
	(361,'Roberta fritz',NULL,NULL,'28199291','Se desconoce','Se desconoce',212,194,1,'2019-04-23 14:22:23',NULL,'2019-04-23 14:22:23',NULL),
	(362,'jacinto lopez',NULL,NULL,'0','Se desconoce','Se desconoce',212,196,1,'2019-04-23 14:35:56',NULL,'2019-04-23 14:35:56',NULL),
	(363,NULL,NULL,NULL,NULL,NULL,NULL,212,197,1,'2019-04-23 14:50:02',NULL,'2019-04-23 14:50:02',NULL),
	(364,'PABLO GOMEZ',NULL,NULL,'28199291','DOMILICIO','LOCALIDAD',213,198,1,'2019-04-23 15:39:17',NULL,'2019-04-23 15:39:17',NULL),
	(365,'ESTER SALAS',NULL,NULL,'0','Se desconoce','Se desconoce',213,198,1,'2019-04-23 15:39:45',NULL,'2019-04-23 15:39:45',NULL),
	(366,'ROMINA FERNANDEZ',NULL,NULL,'0','Se desconoce','Se desconoce',213,198,1,'2019-04-23 15:40:07',NULL,'2019-04-23 15:40:07',NULL),
	(367,'PEDRO ROSSO',NULL,NULL,'0','Se desconoce','Se desconoce',214,200,1,'2019-04-24 14:19:15',NULL,'2019-04-24 14:19:15',NULL),
	(368,'MARIANO GOMEZ',NULL,NULL,'12345','PARANA 4040','localidad',214,202,1,'2019-04-25 15:41:55',NULL,'2019-04-25 15:41:55',NULL),
	(369,'Rosalia Perez',NULL,NULL,'2726383','domicilio','CABA',214,202,1,'2019-04-25 15:42:15',NULL,'2019-04-25 15:42:15',NULL),
	(370,'jacinto lopez',NULL,NULL,'2222','PARANA 4040','CABA',214,202,1,'2019-04-25 15:42:34',NULL,'2019-04-25 15:42:34',NULL),
	(371,'SANDRA MARTINEZ',3,NULL,'0','Se desconoce','Se desconoce',216,203,1,'2019-04-25 21:08:49',NULL,'2019-04-25 21:08:49',NULL),
	(372,'DARIO PEREZ',3,NULL,'0','Se desconoce','Se desconoce',216,203,1,'2019-04-25 21:09:05',NULL,'2019-04-25 21:09:05',NULL),
	(373,'ROSARIO FERNANDEZ',1,NULL,'0','Se desconoce','Se desconoce',216,203,1,'2019-04-25 21:09:23',NULL,'2019-04-25 21:09:23',NULL),
	(374,'VERONICA MARTINEZ',2,NULL,'0','Se desconoce','Se desconoce',217,204,1,'2019-04-26 14:30:11',NULL,'2019-04-26 14:30:11',NULL),
	(375,'FERNANDA MARTINEZ',1,NULL,'0','Se desconoce','Se desconoce',217,204,1,'2019-04-26 14:30:28',NULL,'2019-04-26 14:30:28',NULL),
	(376,'TOMAS LOPEZ',2,NULL,'0','Se desconoce','Se desconoce',217,205,1,'2019-04-26 14:35:18',NULL,'2019-04-26 14:35:18',NULL),
	(377,NULL,NULL,NULL,NULL,NULL,NULL,217,206,1,'2019-04-26 14:39:36',NULL,'2019-04-26 14:39:36',NULL),
	(378,'MARIA LORENA HIRIC',2,NULL,'2726383','Se desconoce','Se desconoce',220,207,1,'2019-04-29 13:52:23',NULL,'2019-04-29 13:52:23',NULL),
	(379,'NORMA JOLT',3,NULL,'0','Se desconoce','Se desconoce',220,207,1,'2019-04-29 13:52:45',NULL,'2019-04-29 13:52:45',NULL),
	(380,NULL,NULL,NULL,NULL,NULL,NULL,220,208,1,'2019-04-29 13:57:51',NULL,'2019-04-29 13:57:51',NULL);

/*!40000 ALTER TABLE `personas` ENABLE KEYS */;
UNLOCK TABLES;


# Volcado de tabla profesionales
# ------------------------------------------------------------

DROP TABLE IF EXISTS `profesionales`;

CREATE TABLE `profesionales` (
  `id` int(10) unsigned NOT NULL AUTO_INCREMENT,
  `nombre_profesional_interviniente` varchar(255) DEFAULT NULL,
  `desde_profesional_interviniente` varchar(20) DEFAULT NULL,
  `actual_profesional_interviniente` int(11) DEFAULT NULL,
  `hasta_profesional_interviniente` varchar(20) DEFAULT NULL,
  `idCaso` int(11) DEFAULT NULL,
  `userID_create` int(11) DEFAULT NULL,
  `created_at` timestamp NULL DEFAULT NULL,
  `userID_modify` int(11) DEFAULT NULL,
  `updated_at` timestamp NULL DEFAULT NULL,
  `activo` int(11) DEFAULT NULL,
  PRIMARY KEY (`id`)
) ENGINE=InnoDB DEFAULT CHARSET=latin1;

LOCK TABLES `profesionales` WRITE;
/*!40000 ALTER TABLE `profesionales` DISABLE KEYS */;

INSERT INTO `profesionales` (`id`, `nombre_profesional_interviniente`, `desde_profesional_interviniente`, `actual_profesional_interviniente`, `hasta_profesional_interviniente`, `idCaso`, `userID_create`, `created_at`, `userID_modify`, `updated_at`, `activo`)
VALUES
	(1,'16','2019-02-09 00:00:00',1,NULL,NULL,NULL,NULL,NULL,NULL,NULL),
	(2,'1','2019-02-04 00:00:00',2,'2019-02-23 00:00:00',NULL,NULL,NULL,NULL,NULL,NULL),
	(6,'1','2019-02-05 00:00:00',1,NULL,86,NULL,NULL,NULL,NULL,NULL),
	(7,'12','2019-02-07 00:00:00',1,NULL,86,NULL,NULL,NULL,NULL,NULL),
	(8,NULL,NULL,NULL,NULL,86,NULL,NULL,NULL,NULL,NULL),
	(9,'12','2019-02-07 00:00:00',1,NULL,86,NULL,NULL,NULL,NULL,NULL),
	(10,'3','2019-02-07 00:00:00',2,'2019-02-08 00:00:00',86,NULL,NULL,NULL,NULL,NULL),
	(11,'14','2019-02-08 00:00:00',1,NULL,86,NULL,NULL,NULL,NULL,NULL),
	(12,'13','2019-02-13 00:00:00',1,NULL,2,NULL,NULL,NULL,NULL,NULL),
	(13,'6','2019-02-13 00:00:00',2,'2019-02-13 00:00:00',3,NULL,NULL,NULL,NULL,NULL),
	(14,'1','2019-02-01 00:00:00',2,'2019-02-10 00:00:00',3,NULL,NULL,NULL,NULL,NULL),
	(15,'15','2019-02-11 00:00:00',2,'2019-02-26 00:00:00',5,NULL,NULL,NULL,NULL,NULL),
	(16,'14','2019-02-20 00:00:00',2,'2019-02-10 00:00:00',5,NULL,NULL,NULL,NULL,NULL),
	(17,'12','2019-02-10 00:00:00',2,'2019-02-10 00:00:00',6,NULL,NULL,NULL,NULL,NULL),
	(18,'16','2019-02-10 00:00:00',2,'2019-02-10 00:00:00',6,NULL,NULL,NULL,NULL,NULL),
	(19,'5',NULL,1,NULL,7,NULL,NULL,NULL,'2019-03-11 21:13:20',NULL),
	(20,'15','2019-02-14 00:00:00',2,'2019-02-10 00:00:00',7,NULL,NULL,NULL,NULL,NULL),
	(21,'13','2019-02-10 00:00:00',2,'2019-02-10 00:00:00',10,NULL,NULL,NULL,NULL,NULL),
	(22,'9','2019-02-10 00:00:00',2,'2019-02-10 00:00:00',10,NULL,NULL,NULL,NULL,NULL),
	(23,'17','2019-02-10 00:00:00',2,'2019-02-11 00:00:00',13,NULL,NULL,NULL,NULL,NULL),
	(24,'13','2019-02-11 00:00:00',2,'2019-02-11 00:00:00',13,NULL,NULL,NULL,NULL,NULL),
	(25,'17','2019-02-03 00:00:00',2,'2019-02-19 00:00:00',23,NULL,NULL,NULL,NULL,NULL),
	(26,'16','2019-02-03 00:00:00',2,'2019-02-03 00:00:00',23,NULL,NULL,NULL,NULL,NULL),
	(27,'17','2019-01-07 00:00:00',2,'2019-02-03 00:00:00',24,NULL,NULL,NULL,NULL,NULL),
	(28,'11','2019-02-12 00:00:00',2,'2019-02-12 00:00:00',24,NULL,NULL,NULL,NULL,NULL),
	(29,'1','2019-02-12 00:00:00',2,'2019-02-12 00:00:00',24,NULL,NULL,NULL,NULL,NULL),
	(30,'1','2019-02-12 00:00:00',2,'2019-02-12 00:00:00',25,NULL,NULL,NULL,NULL,NULL),
	(31,'16','2019-02-12 00:00:00',2,'2019-02-13 00:00:00',25,NULL,NULL,NULL,NULL,NULL),
	(32,'1','2019-02-12 00:00:00',2,'2019-02-12 00:00:00',26,NULL,NULL,NULL,NULL,NULL),
	(33,'2','2019-02-12 00:00:00',2,'2019-02-13 00:00:00',26,NULL,NULL,NULL,NULL,NULL),
	(34,'13','2019-02-06 00:00:00',2,'2019-02-12 00:00:00',26,NULL,NULL,NULL,NULL,NULL),
	(35,'15','2019-02-13 00:00:00',2,'2019-02-13 00:00:00',27,NULL,NULL,NULL,NULL,NULL),
	(36,'1','2019-02-01 00:00:00',2,'2019-02-13 00:00:00',27,NULL,NULL,NULL,NULL,NULL),
	(37,'17','2019-02-13 00:00:00',2,'2019-02-13 00:00:00',28,NULL,NULL,NULL,NULL,NULL),
	(38,'12','2019-02-13 00:00:00',2,'2019-02-13 00:00:00',29,NULL,NULL,NULL,NULL,NULL),
	(39,'17','2019-02-13 00:00:00',2,'2019-02-13 00:00:00',29,NULL,NULL,NULL,NULL,NULL),
	(40,'10','2019-02-13 00:00:00',2,'2019-02-13 00:00:00',30,NULL,NULL,NULL,NULL,NULL),
	(41,'1','2019-02-13 00:00:00',2,'2019-02-13 00:00:00',31,NULL,NULL,NULL,NULL,NULL),
	(42,'2','2019-02-13 00:00:00',2,'2019-02-13 00:00:00',31,NULL,NULL,NULL,NULL,NULL),
	(43,'1','2019-02-13 00:00:00',2,'2019-02-13 00:00:00',32,NULL,NULL,NULL,NULL,NULL),
	(44,'2','2019-02-13 00:00:00',2,'2019-02-13 00:00:00',32,NULL,NULL,NULL,NULL,NULL),
	(45,'1','2019-02-12 00:00:00',2,'2019-02-13 00:00:00',32,NULL,NULL,NULL,NULL,NULL),
	(46,'1','2019-02-13 00:00:00',2,'2019-02-13 00:00:00',33,NULL,NULL,NULL,NULL,NULL),
	(47,'3','2019-02-13 00:00:00',2,'2019-02-13 00:00:00',34,NULL,NULL,NULL,NULL,NULL),
	(48,'1','2019-02-14 00:00:00',2,'2019-02-14 00:00:00',35,NULL,NULL,NULL,NULL,NULL),
	(49,'2','2019-02-14 00:00:00',2,'2019-02-14 00:00:00',35,NULL,NULL,NULL,NULL,NULL),
	(50,'7','2019-02-14 00:00:00',2,'2019-02-14 00:00:00',35,NULL,NULL,NULL,NULL,NULL),
	(51,'8','2019-02-14 00:00:00',2,'2019-02-14 00:00:00',35,NULL,NULL,NULL,NULL,NULL),
	(52,'14','2019-02-14 00:00:00',2,'2019-02-14 00:00:00',35,NULL,NULL,NULL,NULL,NULL),
	(53,'5','2019-02-14 00:00:00',2,'2019-02-14 00:00:00',36,NULL,NULL,NULL,NULL,NULL),
	(54,'12','2019-02-14 00:00:00',2,'2019-02-14 00:00:00',36,NULL,NULL,NULL,NULL,NULL),
	(55,'15','2019-02-14 00:00:00',2,'2019-02-14 00:00:00',36,NULL,NULL,NULL,NULL,NULL),
	(56,'4','2019-02-14 00:00:00',2,'2019-02-14 00:00:00',43,NULL,NULL,NULL,NULL,NULL),
	(57,'12','2019-02-13 00:00:00',2,'2019-02-14 00:00:00',52,NULL,NULL,NULL,NULL,NULL),
	(58,'16','2019-02-14 00:00:00',2,'2019-02-14 00:00:00',52,NULL,NULL,NULL,NULL,NULL),
	(59,'1','2019-02-15 00:00:00',2,'2019-02-15 00:00:00',53,NULL,NULL,NULL,NULL,NULL),
	(60,'8','2019-02-15 00:00:00',2,'2019-02-15 00:00:00',53,NULL,NULL,NULL,NULL,NULL),
	(61,'9','2019-02-15 00:00:00',2,'2019-02-15 00:00:00',54,NULL,NULL,NULL,NULL,NULL),
	(62,'11','2019-02-10 00:00:00',2,'2019-02-15 00:00:00',54,NULL,NULL,NULL,NULL,NULL),
	(63,'1','2019-02-15 00:00:00',2,'2019-02-19 00:00:00',56,NULL,NULL,NULL,NULL,NULL),
	(64,'12','2019-02-14 00:00:00',2,'2019-02-15 00:00:00',56,NULL,NULL,NULL,NULL,NULL),
	(71,'4','2019-02-16 00:00:00',2,'2019-02-23 00:00:00',82,NULL,NULL,NULL,NULL,NULL),
	(72,'14','2019-02-16 00:00:00',2,'2019-02-16 00:00:00',82,NULL,NULL,NULL,NULL,NULL),
	(73,'16','2019-02-16 00:00:00',2,'2019-02-16 00:00:00',82,NULL,NULL,NULL,NULL,NULL),
	(74,'5','2019-02-16 00:00:00',2,'2019-02-16 00:00:00',82,NULL,NULL,NULL,NULL,NULL),
	(75,'20','2019-02-17 00:00:00',2,'2019-02-04 00:00:00',82,NULL,NULL,NULL,NULL,NULL),
	(76,'1','2019-02-17 00:00:00',2,'2019-02-17 00:00:00',82,NULL,NULL,NULL,NULL,NULL),
	(77,'1','2019-02-17 00:00:00',2,'2019-02-17 00:00:00',82,NULL,NULL,NULL,NULL,NULL),
	(80,'11','2019-02-17 00:00:00',2,'2019-02-17 00:00:00',82,NULL,NULL,NULL,NULL,NULL),
	(81,'1','2019-02-09 00:00:00',2,'2019-02-26 00:00:00',85,NULL,NULL,NULL,NULL,NULL),
	(82,'3','2019-02-04 00:00:00',2,'2019-02-16 00:00:00',87,NULL,NULL,NULL,NULL,NULL),
	(83,'5','2019-02-08 00:00:00',2,'2019-02-12 00:00:00',87,NULL,NULL,NULL,NULL,NULL),
	(84,'4','2019-02-04 00:00:00',2,'2019-02-12 00:00:00',88,NULL,NULL,NULL,NULL,NULL),
	(85,'2','2019-02-04 00:00:00',2,'2019-02-04 00:00:00',88,NULL,NULL,NULL,NULL,NULL),
	(86,'1','2019-02-05 00:00:00',1,NULL,88,NULL,NULL,NULL,NULL,NULL),
	(87,'2','2019-02-05 00:00:00',1,NULL,89,NULL,NULL,NULL,NULL,NULL),
	(88,'1','2019-02-08 00:00:00',1,NULL,89,NULL,NULL,NULL,NULL,NULL),
	(89,'4','2019-02-07 00:00:00',1,NULL,89,NULL,NULL,NULL,NULL,NULL),
	(90,'6','2019-02-13 00:00:00',1,'2019-02-04 00:00:00',89,NULL,NULL,NULL,NULL,NULL),
	(91,'4','2019-02-05 00:00:00',2,'2019-02-11 00:00:00',90,NULL,NULL,NULL,NULL,NULL),
	(92,'2','2019-02-08 00:00:00',2,'2019-02-21 00:00:00',91,NULL,NULL,NULL,NULL,NULL),
	(93,'7','2019-02-04 00:00:00',1,NULL,91,NULL,NULL,NULL,NULL,NULL),
	(94,'5','2019-02-14 00:00:00',1,NULL,92,NULL,NULL,NULL,NULL,NULL),
	(95,'15','2019-02-20 00:00:00',2,'2019-02-22 00:00:00',92,NULL,NULL,NULL,NULL,NULL),
	(96,'2','2019-02-01 00:00:00',2,'2019-02-13 00:00:00',93,NULL,NULL,NULL,NULL,NULL),
	(97,'7','2019-02-19 00:00:00',1,NULL,93,NULL,NULL,NULL,NULL,NULL),
	(98,'2','2019-02-13 00:00:00',1,NULL,94,NULL,NULL,NULL,NULL,NULL),
	(99,'17','2019-02-04 00:00:00',2,'2019-02-22 00:00:00',94,NULL,NULL,NULL,NULL,NULL),
	(100,'20','2019-02-12 00:00:00',2,'2019-02-21 00:00:00',95,NULL,NULL,NULL,NULL,NULL),
	(101,'10','2019-02-07 00:00:00',1,NULL,95,NULL,NULL,NULL,NULL,NULL),
	(102,'3','2019-02-20 00:00:00',1,NULL,96,NULL,NULL,NULL,NULL,NULL),
	(103,'4','2019-02-24 00:00:00',1,'2019-02-24 00:00:00',97,NULL,NULL,NULL,NULL,NULL),
	(104,'7','2019-02-23 00:00:00',2,'2019-02-24 00:00:00',97,NULL,NULL,NULL,NULL,NULL),
	(105,'14','2019-02-16 00:00:00',1,NULL,98,NULL,NULL,NULL,NULL,NULL),
	(106,'7','2019-02-12 00:00:00',2,'2019-02-16 00:00:00',98,NULL,NULL,NULL,NULL,NULL),
	(107,'3','2019-02-09 00:00:00',1,NULL,99,NULL,NULL,NULL,NULL,NULL),
	(108,'8','2019-02-21 00:00:00',1,NULL,99,NULL,NULL,NULL,NULL,NULL),
	(109,'4','2019-02-08 00:00:00',1,NULL,100,NULL,NULL,NULL,NULL,NULL),
	(110,'1','2019-02-21 00:00:00',2,'2019-02-24 00:00:00',101,NULL,NULL,NULL,NULL,NULL),
	(111,'5','2019-02-01 00:00:00',1,NULL,101,NULL,NULL,NULL,NULL,NULL),
	(112,'4','2019-02-15 00:00:00',1,NULL,102,NULL,NULL,NULL,NULL,NULL),
	(113,'2','2019-02-22 00:00:00',1,NULL,103,NULL,NULL,NULL,NULL,NULL),
	(114,'3','2019-02-13 00:00:00',1,NULL,104,NULL,NULL,NULL,NULL,NULL),
	(115,'6','2019-02-07 00:00:00',2,'2019-02-20 00:00:00',104,NULL,NULL,NULL,NULL,NULL),
	(116,'3','2019-02-06 00:00:00',1,NULL,105,NULL,NULL,NULL,NULL,NULL),
	(117,'13','2019-02-21 00:00:00',1,NULL,105,NULL,NULL,NULL,NULL,NULL),
	(118,'4','2019-01-31 00:00:00',2,'2019-02-13 00:00:00',106,NULL,NULL,NULL,NULL,NULL),
	(119,'2','2019-02-08 00:00:00',1,NULL,107,NULL,NULL,NULL,NULL,NULL),
	(120,'5','2019-02-22 00:00:00',1,NULL,108,NULL,NULL,NULL,NULL,NULL),
	(121,'5','2019-02-20 00:00:00',1,NULL,109,NULL,NULL,NULL,NULL,NULL),
	(122,'7','2019-02-18 00:00:00',2,'2019-02-27 00:00:00',109,NULL,NULL,NULL,NULL,NULL),
	(123,'3','2019-02-12 00:00:00',2,'2019-02-20 00:00:00',112,NULL,NULL,NULL,NULL,NULL),
	(124,'2','2019-02-01 00:00:00',2,'2019-02-28 00:00:00',114,NULL,NULL,NULL,NULL,NULL),
	(125,'3','2019-02-22 00:00:00',2,'2019-02-28 00:00:00',114,NULL,NULL,NULL,NULL,NULL),
	(126,'10','2019-02-14 00:00:00',1,NULL,119,NULL,NULL,NULL,NULL,NULL),
	(127,'5','2019-02-13 00:00:00',1,NULL,122,NULL,NULL,NULL,NULL,NULL),
	(128,'13','2019-02-12 00:00:00',1,NULL,123,NULL,NULL,NULL,NULL,NULL),
	(129,'10','2019-02-19 00:00:00',2,'2019-02-22 00:00:00',123,NULL,NULL,NULL,NULL,NULL),
	(131,'17','2019-03-04 00:00:00',2,'2019-03-12 00:00:00',124,NULL,NULL,NULL,NULL,NULL),
	(132,'4','2019-03-07 00:00:00',1,NULL,125,NULL,NULL,NULL,NULL,NULL),
	(133,'7','2019-03-09 00:00:00',1,NULL,126,NULL,NULL,NULL,NULL,NULL),
	(134,'8','2019-03-01 00:00:00',1,NULL,127,NULL,NULL,NULL,NULL,NULL),
	(135,'5','2019-01-04 00:00:00',1,NULL,128,NULL,NULL,NULL,NULL,NULL),
	(136,'10','2019-02-04 00:00:00',1,NULL,128,NULL,NULL,NULL,NULL,NULL),
	(137,'16','2019-03-04 00:00:00',1,NULL,129,NULL,NULL,NULL,NULL,NULL),
	(138,'19','2019-01-07 00:00:00',2,'2019-03-12 00:00:00',129,NULL,NULL,NULL,NULL,NULL),
	(139,'11','2019-01-08 00:00:00',1,NULL,131,NULL,NULL,NULL,NULL,NULL),
	(140,'12','2019-01-01 00:00:00',2,'2019-03-04 00:00:00',131,NULL,NULL,NULL,NULL,NULL),
	(141,'12','2019-01-08 00:00:00',1,NULL,133,NULL,NULL,NULL,NULL,NULL),
	(142,'4','2019-03-05 00:00:00',1,NULL,134,NULL,NULL,NULL,NULL,NULL),
	(143,'10','2019-03-04 00:00:00',1,'2019-03-13 00:00:00',134,NULL,NULL,NULL,NULL,NULL),
	(144,'7','2019-01-19 00:00:00',1,NULL,135,NULL,NULL,NULL,NULL,NULL),
	(145,'1','2019-03-05 00:00:00',1,NULL,4,NULL,NULL,NULL,NULL,NULL),
	(146,'11','2019-03-04 00:00:00',2,'2019-03-05 00:00:00',4,NULL,NULL,NULL,NULL,NULL),
	(147,'8','2019-01-15 00:00:00',1,NULL,136,NULL,NULL,NULL,NULL,NULL),
	(148,'2','2019-03-04 00:00:00',1,NULL,137,NULL,NULL,NULL,NULL,NULL),
	(149,'4','2019-03-04 00:00:00',1,NULL,138,NULL,NULL,NULL,NULL,NULL),
	(150,'8','2019-03-04 00:00:00',2,'2019-03-05 00:00:00',139,NULL,NULL,NULL,NULL,NULL),
	(151,'8','1999-02-01',1,NULL,141,NULL,NULL,NULL,NULL,NULL),
	(152,'19','2002-12-12',2,'2010-10-13',141,NULL,NULL,NULL,NULL,NULL),
	(153,'5','1990-12-12',1,NULL,142,NULL,'2019-03-10 11:53:44',NULL,'2019-03-10 11:53:44',NULL),
	(154,'9','2019-03-04',2,'2019-05-10',142,NULL,'2019-03-10 11:54:07',NULL,'2019-03-10 11:54:07',NULL),
	(155,'7','2010-01-01',1,NULL,143,4,'2019-03-10 12:37:17',NULL,'2019-03-10 12:37:17',NULL),
	(156,'5','1999-12-12',1,NULL,144,NULL,'2019-03-10 14:54:53',NULL,'2019-03-10 14:54:53',NULL),
	(157,'14','1999-12-12',1,NULL,145,5,'2019-03-10 15:08:47',NULL,'2019-03-10 15:08:47',NULL),
	(158,'3','1999-12-12',1,NULL,146,5,'2019-03-10 18:42:05',NULL,'2019-03-10 18:42:05',NULL),
	(159,'8','1999-02-01',1,NULL,147,5,'2019-03-10 23:46:37',NULL,'2019-03-10 23:46:37',NULL),
	(160,'17','1999-12-12',2,'2000-12-12',148,NULL,'2019-03-11 10:53:16',NULL,'2019-03-11 10:53:16',NULL),
	(161,'15','1999-02-22',1,NULL,149,NULL,'2019-03-11 19:07:56',NULL,'2019-03-11 19:07:56',NULL),
	(162,'14','2000-01-30',2,'2009-01-30',149,NULL,'2019-03-11 19:08:18',NULL,'2019-03-11 19:08:18',NULL),
	(163,'51','1999-12-13',1,NULL,149,NULL,'2019-03-11 20:25:13',NULL,'2019-03-11 20:25:13',NULL),
	(164,NULL,NULL,NULL,NULL,149,NULL,'2019-03-11 21:09:42',NULL,'2019-03-11 21:09:42',NULL),
	(165,'2','1999-12-12',1,NULL,7,NULL,'2019-03-11 21:13:43',NULL,'2019-03-11 21:14:25',NULL),
	(166,NULL,NULL,NULL,NULL,7,NULL,'2019-03-11 21:24:45',NULL,'2019-03-11 21:24:45',NULL),
	(167,NULL,NULL,NULL,NULL,124,NULL,'2019-03-11 21:29:30',NULL,'2019-03-11 21:29:30',NULL),
	(168,'3','1999-12-12',1,NULL,9,NULL,'2019-03-11 21:31:51',NULL,'2019-03-11 21:31:51',NULL),
	(169,'1','1990-12-12',1,NULL,9,NULL,'2019-03-11 21:32:06',NULL,'2019-03-11 21:32:06',NULL),
	(170,'19','1999-12-12',2,'2000-12-12',9,5,'2019-03-11 21:39:18',NULL,'2019-03-11 21:39:18',NULL),
	(171,'12','1999-01-12',NULL,'2000-12-12',15,5,'2019-03-11 21:48:30',5,'2019-03-11 21:48:48',NULL),
	(172,'9','1990-12-12',1,NULL,150,7,'2019-03-12 12:39:17',NULL,'2019-03-12 12:39:17',NULL),
	(173,'16','1999-12-12',1,NULL,151,6,'2019-03-12 15:10:47',NULL,'2019-03-12 15:10:47',NULL),
	(174,'5','1999-12-12',2,'2020-12-22',152,6,'2019-03-12 18:33:14',NULL,'2019-03-12 18:33:14',NULL),
	(175,'59','1999-12-12',1,NULL,153,6,'2019-03-17 14:50:52',NULL,'2019-03-17 14:50:52',NULL),
	(176,'87','2010-02-22',2,'2019-03-29',153,6,'2019-03-17 14:52:23',NULL,'2019-03-17 14:52:23',NULL),
	(177,'8','2019-03-12',1,NULL,153,6,'2019-03-17 14:52:55',NULL,'2019-03-17 14:52:55',NULL),
	(178,'5','1999-12-12',2,'2020-12-12',154,6,'2019-03-18 23:03:39',NULL,'2019-03-18 23:03:39',NULL),
	(179,'8','1999-12-12',1,NULL,154,6,'2019-03-18 23:06:15',NULL,'2019-03-18 23:06:15',NULL),
	(180,'101','1999-12-12',1,NULL,154,6,'2019-03-18 23:08:12',NULL,'2019-03-18 23:08:12',NULL),
	(181,'97','1999-12-12',1,NULL,154,6,'2019-03-18 23:11:41',NULL,'2019-03-18 23:11:41',NULL),
	(182,'12','1999-12-12',1,NULL,154,6,'2019-03-18 23:12:06',NULL,'2019-03-18 23:12:06',NULL),
	(183,'30','1999-12-12',1,NULL,155,6,'2019-03-18 23:19:10',NULL,'2019-03-18 23:19:10',NULL),
	(184,'9','1999-12-12',1,NULL,155,6,'2019-03-18 23:20:17',NULL,'2019-03-18 23:20:17',NULL),
	(185,'12','2000-12-12',1,NULL,155,6,'2019-03-18 23:21:20',NULL,'2019-03-18 23:21:20',NULL),
	(186,'35','1999-12-12',1,NULL,156,6,'2019-03-18 23:30:17',NULL,'2019-03-18 23:30:17',NULL),
	(187,'21','1999-12-12',1,NULL,157,6,'2019-03-19 00:16:01',NULL,'2019-03-19 00:16:01',NULL),
	(188,'21','1999-12-12',1,NULL,158,NULL,'2019-03-20 15:39:43',NULL,'2019-03-20 15:39:43',NULL),
	(189,'44','1999-12-12',1,NULL,159,NULL,'2019-03-21 12:29:59',NULL,'2019-03-21 12:29:59',NULL),
	(190,'12','1999-12-12',2,'2000-12-12',161,1,'2019-03-21 14:41:22',NULL,'2019-03-21 14:41:22',NULL),
	(191,'26','1999-12-12',1,NULL,162,1,'2019-03-21 14:56:10',NULL,'2019-03-21 14:56:10',NULL),
	(192,'44','1999-12-12',2,'2000-12-12',163,1,'2019-03-21 15:10:21',NULL,'2019-03-21 15:10:21',NULL),
	(193,'44','1999-12-12',1,NULL,164,1,'2019-03-26 18:37:24',NULL,'2019-03-26 18:37:24',NULL),
	(194,'21','1999-12-12',1,NULL,167,1,'2019-03-28 20:44:45',NULL,'2019-03-28 20:44:45',NULL),
	(195,'21','1999-12-12',1,NULL,167,1,'2019-03-28 20:44:59',NULL,'2019-03-28 20:44:59',NULL),
	(196,'70','1999-12-12',1,NULL,168,1,'2019-03-29 19:16:32',NULL,'2019-03-29 19:16:32',NULL),
	(197,'93','2010-12-12',1,NULL,178,1,'2019-04-06 21:15:07',NULL,'2019-04-06 21:15:07',NULL),
	(198,'75','2011-12-12',2,'2013-12-12',178,1,'2019-04-06 21:15:33',NULL,'2019-04-06 21:15:33',NULL),
	(199,'17','2009-12-12',1,NULL,179,1,'2019-04-06 21:57:07',NULL,'2019-04-06 21:57:07',NULL),
	(200,'26','2009-12-12',1,NULL,179,1,'2019-04-06 22:51:28',NULL,'2019-04-06 22:51:28',NULL),
	(201,'44','2008-12-12',2,'2010-12-12',179,1,'2019-04-06 22:51:51',NULL,'2019-04-06 22:51:51',NULL),
	(202,'110','2019-04-07',1,NULL,181,1,'2019-04-07 13:30:32',NULL,'2019-04-07 13:30:32',NULL),
	(203,'5','2008-11-21',2,'2010-11-11',181,1,'2019-04-07 13:32:06',NULL,'2019-04-07 13:32:06',NULL),
	(204,'17','2018-12-12',1,NULL,182,1,'2019-04-07 14:37:48',NULL,'2019-04-07 14:37:48',NULL),
	(205,'21','2017-12-12',2,'2020-12-12',182,1,'2019-04-07 14:38:19',NULL,'2019-04-07 14:38:19',NULL),
	(206,'34','1999-12-12',1,NULL,183,NULL,'2019-04-07 16:25:27',1,'2019-04-07 16:27:06',NULL),
	(207,'34','1999-12-12',1,NULL,184,1,'2019-04-07 18:48:45',NULL,'2019-04-07 18:48:45',NULL),
	(208,'26','1999-12-12',1,NULL,185,1,'2019-04-07 19:15:51',NULL,'2019-04-07 19:15:51',NULL),
	(209,'26','1999-12-12',2,'2010-12-12',186,1,'2019-04-12 12:05:55',NULL,'2019-04-12 12:05:55',NULL),
	(210,'73','1998-12-13',2,'2021-12-12',186,1,'2019-04-12 12:06:34',NULL,'2019-04-12 12:06:34',NULL),
	(211,'26','1999-12-12',1,NULL,187,1,'2019-04-12 12:30:07',NULL,'2019-04-12 12:30:07',NULL),
	(212,'44','2018-10-12',1,NULL,188,1,'2019-04-12 14:10:01',NULL,'2019-04-12 14:10:01',NULL),
	(213,'56','1999-12-12',2,'2020-12-12',188,1,'2019-04-12 14:10:36',NULL,'2019-04-12 14:10:36',NULL),
	(214,'44','1999-12-12',1,NULL,190,1,'2019-04-12 14:39:08',NULL,'2019-04-12 14:39:08',NULL),
	(215,'26','1999-12-12',1,NULL,191,1,'2019-04-12 17:00:43',NULL,'2019-04-12 17:00:43',NULL),
	(216,'70','1999-12-12',1,NULL,192,1,'2019-04-12 20:29:53',NULL,'2019-04-12 20:29:53',NULL),
	(217,'34','1999-12-12',1,NULL,193,1,'2019-04-12 20:38:56',NULL,'2019-04-12 20:38:56',NULL),
	(218,'26','1999-12-12',2,'2000-12-12',194,1,'2019-04-15 18:57:52',NULL,'2019-04-15 18:57:52',NULL),
	(219,'26','1999-12-12',1,NULL,195,1,'2019-04-16 02:30:27',NULL,'2019-04-16 02:30:27',NULL),
	(220,'26','1999-12-12',1,NULL,196,1,'2019-04-16 11:16:30',NULL,'2019-04-16 11:16:30',NULL),
	(221,'70','1999-12-12',1,NULL,197,1,'2019-04-16 18:29:14',NULL,'2019-04-16 18:29:14',NULL),
	(222,'26','1999-12-12',1,NULL,198,1,'2019-04-17 19:22:35',NULL,'2019-04-17 19:22:35',NULL),
	(223,'34','1999-12-12',1,NULL,199,1,'2019-04-17 19:47:57',NULL,'2019-04-17 19:47:57',NULL),
	(224,'44','1999-12-12',1,NULL,201,1,'2019-04-17 20:54:11',NULL,'2019-04-17 20:54:11',NULL),
	(225,'21','1999-12-12',1,NULL,202,1,'2019-04-17 22:23:15',NULL,'2019-04-17 22:23:15',NULL),
	(226,'34','1999-12-12',1,NULL,203,1,'2019-04-21 17:34:00',NULL,'2019-04-21 17:34:00',NULL),
	(227,'34','1999-12-12',1,NULL,206,1,'2019-04-21 18:56:20',NULL,'2019-04-21 18:56:20',NULL),
	(228,'107','1999-12-12',1,NULL,207,1,'2019-04-21 22:05:58',NULL,'2019-04-21 22:05:58',NULL),
	(229,'26','2018-12-12',2,'2019-12-12',209,1,'2019-04-22 14:51:16',NULL,'2019-04-22 14:51:16',NULL),
	(230,'44','1999-12-12',1,NULL,210,1,'2019-04-22 18:11:31',NULL,'2019-04-22 18:11:31',NULL),
	(231,'21','1999-12-12',1,NULL,211,1,'2019-04-23 12:20:38',NULL,'2019-04-23 12:20:38',NULL),
	(232,'12','1999-12-12',1,NULL,212,1,'2019-04-23 14:19:39',NULL,'2019-04-23 14:19:39',NULL),
	(233,'64','1999-12-12',1,NULL,213,1,'2019-04-23 15:36:10',NULL,'2019-04-23 15:36:10',NULL),
	(234,'88','1999-12-13',1,NULL,213,1,'2019-04-23 15:36:33',NULL,'2019-04-23 15:36:33',NULL),
	(235,'107','1999-12-12',1,NULL,214,1,'2019-04-24 13:49:59',NULL,'2019-04-24 13:49:59',NULL),
	(236,'31','1999-12-12',1,NULL,215,1,'2019-04-25 15:30:12',NULL,'2019-04-25 15:30:12',NULL),
	(237,'12','1999-12-12',2,'2009-12-31',215,1,'2019-04-25 15:30:39',NULL,'2019-04-25 15:30:39',NULL),
	(238,'17','1999-12-12',1,NULL,216,1,'2019-04-25 21:05:39',NULL,'2019-04-25 21:05:39',NULL),
	(239,'61','2013-12-12',2,'2018-12-12',216,1,'2019-04-25 21:06:00',NULL,'2019-04-25 21:06:00',NULL),
	(240,'107','1999-08-12',1,NULL,217,1,'2019-04-26 14:28:11',NULL,'2019-04-26 14:28:11',NULL),
	(241,'61','2018-08-30',2,'2018-09-30',217,1,'2019-04-26 14:28:43',NULL,'2019-04-26 14:28:43',NULL),
	(242,'93','1999-12-12',1,NULL,218,1,'2019-04-27 19:47:57',NULL,'2019-04-27 19:47:57',NULL),
	(243,'42','1999-12-12',1,NULL,219,2,'2019-04-28 19:30:02',NULL,'2019-04-28 19:30:02',NULL),
	(244,'107','2018-12-12',1,NULL,220,1,'2019-04-29 13:50:50',NULL,'2019-04-29 13:50:50',NULL),
	(245,'56','1999-12-12',1,NULL,226,1,'2019-04-30 01:53:52',NULL,'2019-04-30 01:53:52',NULL);

/*!40000 ALTER TABLE `profesionales` ENABLE KEYS */;
UNLOCK TABLES;


# Volcado de tabla programas
# ------------------------------------------------------------

DROP TABLE IF EXISTS `programas`;

CREATE TABLE `programas` (
  `id` int(10) unsigned NOT NULL AUTO_INCREMENT,
  `nombre` varchar(255) DEFAULT NULL,
  PRIMARY KEY (`id`)
) ENGINE=InnoDB DEFAULT CHARSET=latin1;

LOCK TABLES `programas` WRITE;
/*!40000 ALTER TABLE `programas` DISABLE KEYS */;

INSERT INTO `programas` (`id`, `nombre`)
VALUES
	(1,'Jubilaci√≥n'),
	(2,'Asignaci√≥n Universal por Hijo'),
	(3,'PROGRESAR'),
	(4,'Pensi√≥n'),
	(5,'Otro');

/*!40000 ALTER TABLE `programas` ENABLE KEYS */;
UNLOCK TABLES;


# Volcado de tabla provincias
# ------------------------------------------------------------

DROP TABLE IF EXISTS `provincias`;

CREATE TABLE `provincias` (
  `id` int(10) unsigned NOT NULL,
  `nombre` varchar(255) DEFAULT NULL
) ENGINE=InnoDB DEFAULT CHARSET=latin1;

LOCK TABLES `provincias` WRITE;
/*!40000 ALTER TABLE `provincias` DISABLE KEYS */;

INSERT INTO `provincias` (`id`, `nombre`)
VALUES
	(1,'Buenos Aires'),
	(2,'Ciudad Aut√≥noma de Buenos Aires'),
	(3,'Catamarca'),
	(4,'Chaco'),
	(5,'Chubut'),
	(6,'C√≥rdoba'),
	(7,'Corrientes'),
	(8,'Entre R√åos'),
	(9,'Formosa'),
	(10,'Jujuy'),
	(11,'La Pampa'),
	(12,'La Rioja'),
	(13,'Mendoza'),
	(14,'Misiones'),
	(15,'Neuqu√©n'),
	(16,'R√åo Negro'),
	(17,'Salta'),
	(18,'San Juan'),
	(19,'San Luis'),
	(20,'Santa Cruz'),
	(21,'Santa Fe'),
	(22,'Santiago del Estero'),
	(23,'Tierra del Fuego, Ant√°rtida e Islas del Atl√°ntico Sur'),
	(24,'Tucum√°n');

/*!40000 ALTER TABLE `provincias` ENABLE KEYS */;
UNLOCK TABLES;


# Volcado de tabla role_user
# ------------------------------------------------------------

DROP TABLE IF EXISTS `role_user`;

CREATE TABLE `role_user` (
  `id` int(10) unsigned NOT NULL,
  `role_id` int(10) unsigned NOT NULL,
  `user_id` int(10) unsigned NOT NULL,
  `created_at` timestamp NULL DEFAULT CURRENT_TIMESTAMP,
  `updated_at` timestamp NULL DEFAULT CURRENT_TIMESTAMP
) ENGINE=InnoDB DEFAULT CHARSET=utf8mb4 COLLATE=utf8mb4_unicode_ci;

LOCK TABLES `role_user` WRITE;
/*!40000 ALTER TABLE `role_user` DISABLE KEYS */;

INSERT INTO `role_user` (`id`, `role_id`, `user_id`, `created_at`, `updated_at`)
VALUES
	(1,1,1,'2019-02-20 22:35:26','2019-02-20 22:35:26'),
	(2,3,9,NULL,NULL),
	(3,3,16,NULL,NULL),
	(4,3,18,NULL,NULL),
	(5,3,24,NULL,NULL),
	(6,3,39,NULL,NULL),
	(7,3,40,NULL,NULL),
	(8,3,59,NULL,NULL),
	(9,3,65,NULL,NULL),
	(10,3,77,NULL,NULL),
	(11,3,82,NULL,NULL),
	(12,3,83,NULL,NULL),
	(13,3,88,NULL,NULL),
	(14,3,89,NULL,NULL),
	(15,3,92,NULL,NULL),
	(16,3,97,NULL,NULL),
	(17,3,99,NULL,NULL),
	(18,3,104,NULL,NULL),
	(19,3,107,NULL,NULL),
	(20,3,111,NULL,NULL),
	(21,3,114,NULL,NULL),
	(22,2,5,NULL,NULL),
	(23,3,8,NULL,NULL),
	(24,3,12,NULL,NULL),
	(25,2,25,NULL,NULL),
	(26,3,35,NULL,NULL),
	(27,3,48,NULL,NULL),
	(28,3,58,NULL,NULL),
	(29,3,71,NULL,NULL),
	(30,3,72,NULL,NULL),
	(31,3,78,NULL,NULL),
	(32,3,79,NULL,NULL),
	(33,3,105,NULL,NULL),
	(34,3,112,NULL,NULL),
	(35,3,116,NULL,NULL),
	(36,2,33,NULL,NULL),
	(37,2,34,NULL,NULL),
	(38,2,36,NULL,NULL),
	(39,2,54,NULL,NULL),
	(40,2,56,NULL,NULL),
	(41,2,57,NULL,NULL),
	(42,2,62,NULL,NULL),
	(43,2,70,NULL,NULL),
	(44,2,85,NULL,NULL),
	(45,2,96,NULL,NULL),
	(46,2,100,NULL,NULL),
	(47,2,102,NULL,NULL),
	(48,2,106,NULL,NULL),
	(49,2,13,NULL,NULL),
	(50,2,28,NULL,NULL),
	(51,2,38,NULL,NULL),
	(52,2,41,NULL,NULL),
	(53,2,43,NULL,NULL),
	(54,2,46,NULL,NULL),
	(55,2,49,NULL,NULL),
	(56,1,4,NULL,NULL),
	(57,3,3,NULL,NULL),
	(58,2,2,NULL,NULL),
	(59,1,29,NULL,NULL),
	(60,1,31,NULL,NULL),
	(61,3,6,NULL,NULL),
	(62,3,10,NULL,NULL),
	(63,3,14,NULL,NULL),
	(64,3,17,NULL,NULL),
	(65,3,19,NULL,NULL),
	(66,3,21,NULL,NULL),
	(67,3,23,NULL,NULL),
	(68,3,26,NULL,NULL),
	(69,3,30,NULL,NULL),
	(70,3,32,NULL,NULL),
	(71,3,37,NULL,NULL),
	(72,3,44,NULL,NULL),
	(73,3,50,NULL,NULL),
	(74,3,51,NULL,NULL),
	(75,3,55,NULL,NULL),
	(76,3,61,NULL,NULL),
	(77,3,63,NULL,NULL),
	(78,3,67,NULL,NULL),
	(79,3,68,NULL,NULL),
	(80,3,69,NULL,NULL),
	(81,3,74,NULL,NULL),
	(82,3,75,NULL,NULL),
	(83,3,80,NULL,NULL),
	(84,3,84,NULL,NULL),
	(85,3,87,NULL,NULL),
	(86,3,91,NULL,NULL),
	(87,3,93,NULL,NULL),
	(88,3,94,NULL,NULL),
	(89,3,98,NULL,NULL),
	(90,3,101,NULL,NULL),
	(91,3,103,NULL,NULL),
	(92,3,108,NULL,NULL),
	(93,3,110,NULL,NULL),
	(94,3,113,NULL,NULL),
	(95,3,42,NULL,NULL),
	(96,3,45,NULL,NULL),
	(97,3,47,NULL,NULL),
	(98,3,81,NULL,NULL),
	(99,3,86,NULL,NULL),
	(100,1,7,NULL,NULL),
	(101,3,11,NULL,NULL),
	(102,3,15,NULL,NULL),
	(103,3,20,NULL,NULL),
	(104,3,22,NULL,NULL),
	(105,3,27,NULL,NULL),
	(106,3,52,NULL,NULL),
	(107,3,53,NULL,NULL),
	(108,3,60,NULL,NULL),
	(109,3,64,NULL,NULL),
	(110,3,66,NULL,NULL),
	(111,3,73,NULL,NULL),
	(112,3,76,NULL,NULL),
	(113,3,90,NULL,NULL),
	(114,3,95,NULL,NULL),
	(115,3,109,NULL,NULL),
	(116,3,115,NULL,NULL);

/*!40000 ALTER TABLE `role_user` ENABLE KEYS */;
UNLOCK TABLES;


# Volcado de tabla roles
# ------------------------------------------------------------

DROP TABLE IF EXISTS `roles`;

CREATE TABLE `roles` (
  `id` int(10) unsigned NOT NULL,
  `role` varchar(255) COLLATE utf8mb4_unicode_ci NOT NULL,
  `descripcion` varchar(255) COLLATE utf8mb4_unicode_ci NOT NULL,
  `created_at` timestamp NULL DEFAULT NULL,
  `updated_at` timestamp NULL DEFAULT NULL
) ENGINE=InnoDB DEFAULT CHARSET=utf8mb4 COLLATE=utf8mb4_unicode_ci;

LOCK TABLES `roles` WRITE;
/*!40000 ALTER TABLE `roles` DISABLE KEYS */;

INSERT INTO `roles` (`id`, `role`, `descripcion`, `created_at`, `updated_at`)
VALUES
	(1,'admin','Director','2019-02-21 13:59:42','2019-02-21 13:59:42'),
	(2,'user','Administrativo','2019-02-20 22:35:25','2019-02-20 22:35:25'),
	(3,'profesional','Profesional','2019-02-21 13:59:47','2019-02-21 13:59:47');

/*!40000 ALTER TABLE `roles` ENABLE KEYS */;
UNLOCK TABLES;


# Volcado de tabla seguimientos
# ------------------------------------------------------------

DROP TABLE IF EXISTS `seguimientos`;

CREATE TABLE `seguimientos` (
  `id` int(11) unsigned NOT NULL AUTO_INCREMENT,
  `fecha_seguimiento` varchar(20) DEFAULT NULL,
  `detalle_seguimiento` varchar(600) DEFAULT NULL,
  `idDerivacion` int(11) DEFAULT NULL,
  `created_at` timestamp NULL DEFAULT NULL,
  `updated_at` timestamp NULL DEFAULT NULL,
  `userID_create` int(11) DEFAULT NULL,
  `sede` varchar(255) DEFAULT NULL,
  `activo` int(11) DEFAULT NULL,
  PRIMARY KEY (`id`)
) ENGINE=InnoDB DEFAULT CHARSET=latin1;

LOCK TABLES `seguimientos` WRITE;
/*!40000 ALTER TABLE `seguimientos` DISABLE KEYS */;

INSERT INTO `seguimientos` (`id`, `fecha_seguimiento`, `detalle_seguimiento`, `idDerivacion`, `created_at`, `updated_at`, `userID_create`, `sede`, `activo`)
VALUES
	(1,'1999-12-12','cmcirmrimc',1,'2019-04-10 22:17:34','2019-04-29 17:26:21',1,'LINCOLN',0),
	(2,'1999-12-12','no resuelto',2,'2019-04-10 22:23:26','2019-04-10 22:23:26',1,'LINCOLN',1),
	(3,'1999-12-12','cnrncurncr',2,'2019-04-10 22:23:35','2019-04-10 22:23:35',1,'LINCOLN',1),
	(4,'1998-12-12','cnerncrnir',2,'2019-04-10 22:23:45','2019-04-10 22:23:45',1,'LINCOLN',1),
	(5,'1999-12-12','ejejejjejejjej',3,'2019-04-10 22:46:33','2019-04-29 20:23:20',1,'LINCOLN',0),
	(6,'1999-12-12','ththhthth',4,'2019-04-12 12:37:33','2019-04-12 12:37:33',1,'LINCOLN',1),
	(7,'1998-12-12','dddddd',5,'2019-04-12 15:40:11','2019-04-29 17:12:04',1,'LINCOLN',0),
	(8,'1997-12-12','dddddd',5,'2019-04-12 15:40:30','2019-04-29 17:12:04',1,'LINCOLN',0),
	(9,'1996-12-12','djdjdjjdjdjd',5,'2019-04-27 15:48:35','2019-04-29 17:12:04',1,'LINCOLN',0),
	(10,'2010-12-20','prueba de id',5,'2019-04-27 15:52:39','2019-04-29 17:12:04',1,'LINCOLN',0),
	(11,'1999-02-20','cncnncncncnncnc',4,'2019-04-27 15:59:20','2019-04-27 15:59:20',1,'LINCOLN',1),
	(12,'2018-12-12','wwwwwwhhhhhh',5,'2019-04-27 16:45:52','2019-04-29 17:12:04',1,'LINCOLN',0),
	(13,'1999-12-12','prueba seguimiento',4,'2019-04-27 19:35:33','2019-04-27 19:35:33',1,'LINCOLN',1),
	(14,'1999-12-12','prueba seguimientoooooo',1,'2019-04-27 19:36:10','2019-04-29 17:26:21',1,'LINCOLN',0),
	(15,'2010-12-12','ERA DIVORCIO',7,'2019-04-27 19:43:46','2019-04-27 19:43:46',1,'LINCOLN',1),
	(16,'1999-12-12','ffutfutftufuft',8,'2019-04-30 01:32:50','2019-04-30 01:35:13',1,'LINCOLN',0);

/*!40000 ALTER TABLE `seguimientos` ENABLE KEYS */;
UNLOCK TABLES;


# Volcado de tabla socioeconomicos
# ------------------------------------------------------------

DROP TABLE IF EXISTS `socioeconomicos`;

CREATE TABLE `socioeconomicos` (
  `id` int(10) unsigned NOT NULL,
  `nombre` varchar(255) DEFAULT NULL
) ENGINE=InnoDB DEFAULT CHARSET=latin1;

LOCK TABLES `socioeconomicos` WRITE;
/*!40000 ALTER TABLE `socioeconomicos` DISABLE KEYS */;

INSERT INTO `socioeconomicos` (`id`, `nombre`)
VALUES
	(1,'Salud'),
	(2,'Educaci√≥n '),
	(3,'Trabajo'),
	(4,'Vivienda'),
	(5,'Vincular'),
	(6,'Otra');

/*!40000 ALTER TABLE `socioeconomicos` ENABLE KEYS */;
UNLOCK TABLES;


# Volcado de tabla tipo_demandas
# ------------------------------------------------------------

DROP TABLE IF EXISTS `tipo_demandas`;

CREATE TABLE `tipo_demandas` (
  `id` int(11) unsigned NOT NULL AUTO_INCREMENT,
  `nombre` varchar(100) DEFAULT NULL,
  PRIMARY KEY (`id`)
) ENGINE=InnoDB DEFAULT CHARSET=latin1;

LOCK TABLES `tipo_demandas` WRITE;
/*!40000 ALTER TABLE `tipo_demandas` DISABLE KEYS */;

INSERT INTO `tipo_demandas` (`id`, `nombre`)
VALUES
	(1,'Alimentos'),
	(2,'Conflicto vecinal'),
	(3,'Derecho de familia'),
	(4,'Divorcio'),
	(5,'Desalojo'),
	(6,'Tenencia'),
	(7,'Asesoramiento legal'),
	(8,'Violencia familiar'),
	(9,'Asistencia psicol√≥gica'),
	(10,'Vivienda'),
	(11,'Pensi√≥n por discapacidad'),
	(12,'Usurpaci√≥n'),
	(13,'Empleo'),
	(14,'Asignaci√≥n universal por hijo'),
	(15,'DNI'),
	(16,'Adicciones'),
	(17,'Otro');

/*!40000 ALTER TABLE `tipo_demandas` ENABLE KEYS */;
UNLOCK TABLES;


# Volcado de tabla users
# ------------------------------------------------------------

DROP TABLE IF EXISTS `users`;

CREATE TABLE `users` (
  `id` int(10) unsigned NOT NULL,
  `email` varchar(255) COLLATE utf8mb4_unicode_ci NOT NULL,
  `sede` varchar(255) COLLATE utf8mb4_unicode_ci DEFAULT NULL,
  `area` varchar(255) COLLATE utf8mb4_unicode_ci DEFAULT NULL,
  `nombre` varchar(255) COLLATE utf8mb4_unicode_ci DEFAULT NULL,
  `apellido` varchar(255) COLLATE utf8mb4_unicode_ci DEFAULT NULL,
  `email_verified_at` timestamp NULL DEFAULT NULL,
  `password` varchar(255) COLLATE utf8mb4_unicode_ci NOT NULL,
  `remember_token` varchar(100) COLLATE utf8mb4_unicode_ci DEFAULT NULL,
  `created_at` timestamp NULL DEFAULT CURRENT_TIMESTAMP,
  `updated_at` timestamp NULL DEFAULT CURRENT_TIMESTAMP
) ENGINE=InnoDB DEFAULT CHARSET=utf8mb4 COLLATE=utf8mb4_unicode_ci;

LOCK TABLES `users` WRITE;
/*!40000 ALTER TABLE `users` DISABLE KEYS */;

INSERT INTO `users` (`id`, `email`, `sede`, `area`, `nombre`, `apellido`, `email_verified_at`, `password`, `remember_token`, `created_at`, `updated_at`)
VALUES
	(1,'admin@admin.com','LINCOLN','DIRECTORA','Super','Admin',NULL,'$2y$10$UKbaGGlhm83VwT10vAeAE.B541vSz6fsStP4brZES3ouR6CxIly2e','CNshkwDB6Qxl44sXCQpzAZGm1tKnF7ttaon2uLo9M7lHChVG4sTj28yvlmNI','2019-02-20 19:35:26','2019-02-20 19:35:26'),
	(2,'VEROBINCAZ@hotmail.com ','LA PLATA','DIRECTORA PROVINCIAL','Veronica Hayde√©','BINCAZ ',NULL,'$2y$10$UKbaGGlhm83VwT10vAeAE.B541vSz6fsStP4brZES3ouR6CxIly2e','yASimqxmopGw0uYMH8jmEFioODrGXNpIuwTjneNLOAd5f5kYUMo9pXbktbrr',NULL,NULL),
	(3,'cpvgralviamonte@hotmail.com','LA PLATA','PSIC√ìLOGA','Mar√≠a Bel√©n','TAGLIAFERRO',NULL,'$2y$10$UKbaGGlhm83VwT10vAeAE.B541vSz6fsStP4brZES3ouR6CxIly2e','NysCYJZoitUe9OKCG1UH5OL6a5DMccZo63GDZjKLUF9R833RGurV2G1eoRsG',NULL,NULL);

/*!40000 ALTER TABLE `users` ENABLE KEYS */;
UNLOCK TABLES;


# Volcado de tabla usuarios
# ------------------------------------------------------------

DROP TABLE IF EXISTS `usuarios`;

CREATE TABLE `usuarios` (
  `id` int(10) unsigned NOT NULL AUTO_INCREMENT,
  `nombre_y_apellido` varchar(255) DEFAULT NULL,
  `sede` varchar(255) DEFAULT NULL,
  `area` varchar(255) DEFAULT NULL,
  `email` varchar(255) DEFAULT NULL,
  PRIMARY KEY (`id`)
) ENGINE=InnoDB DEFAULT CHARSET=latin1;

LOCK TABLES `usuarios` WRITE;
/*!40000 ALTER TABLE `usuarios` DISABLE KEYS */;

INSERT INTO `usuarios` (`id`, `nombre_y_apellido`, `sede`, `area`, `email`)
VALUES
	(1,'Veronica Hayde√© BINCAZ -DIRECTORA PROVINCIAL','LA PLATA','DIRECTORA PROVINCIAL','VEROBINCAZ@hotmail.com '),
	(2,'LUCIA TEALDI-DIRECTORA DE SEDES DECENTRALIZADAS','LA PLATA','DIRECTORA DE SEDES DECENTRALIZADAS','lic.juanbombelli@gmail.com'),
	(3,'Juan Ignacio BOMBELLI-DIRECTOR DE ASISTENCIA Y PROTECCI√ìN A LA V√çCTIMA','LA PLATA','DIRECTOR DE ASISTENCIA Y PROTECCI√ìN A LA V√çCTIMA','tealdi.lucia@gmail.com'),
	(4,'Romina BENITEZ-PSIC√ìLOGA','ALTE. BRWON','PSIC√ìLOGA','rominabenitezar@hotmail.com'),
	(5,'Ver√≥nica PEREZ  -TRABAJADORA SOCIAL','ALTE. BRWON','TRABAJADORA SOCIAL','veritoapc@hotmail.com'),
	(6,'Norberto RICCO -ABOGADO','ALTE. BRWON','ABOGADO','norbertoricco@hotmail.com'),
	(7,'Mar√≠a Florencia ARAMBURU-ABOGADA','AZUL','ABOGADA','mflorencia_aramburu@hotmail.com'),
	(8,'Josefina CASADO-PSIC√ìLOGA','AZUL','PSIC√ìLOGA','josefina.casado@gmail.com'),
	(9,'Mar√≠a Jimena CIAPPINA-TRABAJADORA SOCIAL','AZUL','TRABAJADORA SOCIAL','jime_ciappina@hotmail.com'),
	(10,'Ignacio Armando BARSELLINI-ABOGADO','BAHIA BLANCA','ABOGADO','ignaciobarsellini@estudiobarsellini.com'),
	(11,'Mart√≠n IGLESIA-ADMINISTRATIVO','BAHIA BLANCA','ADMINISTRATIVO','iglesiabraun@hotmail.com.ar'),
	(12,'Ana Catalina OTERO D.-PSIC√ìLOGA','BAHIA BLANCA','PSIC√ìLOGA','catalinaotero.bblanca@gmail.com'),
	(13,'Mariela FORNARI-TRABAJADORA SOCIAL','EZEIZA','TRABAJADORA SOCIAL','mariela_delf@hotmail.com'),
	(14,'Noelia LOMBARDO-ABOGADA','EZEIZA','ABOGADA','noeliadlombardo@gmail.com'),
	(15,'Gladys Mabel MATTHESIUS-PSIC√ìLOGA','EZEIZA','PSIC√ìLOGA','gmatthesius@hotmail.com'),
	(16,'Mar√≠a Soledad CORTES-ABOGADA','JOSE C. PAZ','ABOGADA','cortes.m.soledad@gmail.com'),
	(17,'Alicia MICHELA-PSIC√ìLOGA','JOSE C. PAZ','PSIC√ìLOGA','alimichela@hotmail.com'),
	(18,'Soledad Anabela ROMERO-TRABAJADORA SOCIAL','JOSE C. PAZ','TRABAJADORA SOCIAL','anabela_romero_03@hotmail.com'),
	(19,'Giulietta CUOZZO-PSIC√ìLOGA','LA MATANZA','PSIC√ìLOGA','giuliettacuozzo@hotmail.com'),
	(20,'Jesica CRUZ-TRABAJADORA SOCIAL','LA MATANZA','TRABAJADORA SOCIAL','jecru@yahoo.com.ar'),
	(21,'AGUSTINA A. IRIONDO-PSIC√ìLOGA','LA MATANZA','PSIC√ìLOGA','agustina.iriondo@hotmail.es'),
	(22,'Rafaela Mariel Velazquez-ABOGADA','LA MATANZA','ABOGADA','mariel_velazquez@hotmail.com.ar'),
	(23,'Jorge APECECHEA-ABOGADO','LA PLATA','ABOGADO','rjapecechea@gmail.com'),
	(24,'Julieta Anah√≠ ARAGUES-PSIC√ìLOGA','LA PLATA','PSIC√ìLOGA','julietapsi@gmail.com'),
	(25,'Veronica Hayde√© ARDOHAIN-TRABAJADORA SOCIAL','LA PLATA','TRABAJADORA SOCIAL','veronica.ardohain76@gmail.com'),
	(26,'Agust√≠n BEJARANO-ADMINISTRATIVO','LA PLATA','ADMINISTRATIVO','elbeca_81@hotmail.com'),
	(27,'Maia Y√©sica CALABRESE-EQUIPO DIRECCI√ìN','LA PLATA','EQUIPO DIRECCI√ìN','maiacalabrese85@gmail.com'),
	(28,'Maria Lujan CICCONI-PSIC√ìLOGA','LA PLATA','PSIC√ìLOGA','marialujancic@gmail.com'),
	(29,'Lucia COMPAGNUCCI-EQUIPO DIRECCI√ìN','LA PLATA','EQUIPO DIRECCI√ìN','lu.comp1989@gmail.com'),
	(30,'Rosario Leontina CUCCIA-PSIC√ìLOGA','LA PLATA','PSIC√ìLOGA','rocuccia@hotmail.com'),
	(31,'Agustina Soledad DE ANDREIS-ADMINISTRATIVA','LA PLATA','ADMINISTRATIVA','deandreisagustina@gmail.com'),
	(32,'Luc√≠a DE ANTONI-ADMINISTRATIVA','LA PLATA','ADMINISTRATIVA','ludeantoni@hotmail.com'),
	(33,'Juan Francisco DI NARDO-ABOGADO','LA PLATA','ABOGADO','juanfdinardo@gmail.com'),
	(34,' Mar√≠a Carolina GASSULL-ADMINISTRATIVA','LA PLATA','ADMINISTRATIVA','carogassull@gmail.com'),
	(35,'Andrea Daniela GIACOMINO-PSIC√ìLOGA','LA PLATA','PSIC√ìLOGA','andreagiacomino04@yahoo.com.ar'),
	(36,'Dante Bautista GUILIANI-ADMINISTRATIVO','LA PLATA','ADMINISTRATIVO','dantegiu@yahoo.com.ar'),
	(37,'Azul LABALTA R.-ABOGADA','LA PLATA','ABOGADA','azul.labalta@gmail.com'),
	(38,'Milagros Aldana LUAYZA T.-ABOGADA','LA PLATA','ABOGADA','MilagrosLuayza@hotmail.com'),
	(39,'Mart√≠n Dar√≠o MAC LOUGHLIN-ADMINISTRATIVO','LA PLATA','ADMINISTRATIVO','macloughlinmartin@gmail.com'),
	(40,'Luciano MACIEL-PSIC√ìLOGO','LA PLATA','PSIC√ìLOGO','lucianomac@gmail.com'),
	(41,'Sebasti√°n  MACUCHO-ADMINISTRATIVO','LA PLATA','ADMINISTRATIVO','slommac@hotmail.com'),
	(42,'Ver√≥nica Isabel MARTINUZZI R.-PSIC√ìLOGA','LA PLATA','PSIC√ìLOGA','veropsicol@hotmail.com'),
	(43,'Silvio Gabriel MONTI-PSIC√ìLOGO','LA PLATA','PSIC√ìLOGO','silviomonti@gmail.com'),
	(44,'Agust√≠n MONTONE-ADMINISTRATIVO','LA PLATA','ADMINISTRATIVO','agus_montone@hotmail.com'),
	(45,'Eliana Silvina MORRONE-PSIC√ìLOGO','LA PLATA','PSIC√ìLOGO','elimorrone@gmail.com'),
	(46,'Lisandro Ariel PANELLI-ABOGADO','LA PLATA','ABOGADO','lisandropanelli@gmail.com'),
	(47,'H√©ctor Rub√©n PELLEGRINI-ADMINISTRATIVO','LA PLATA','ADMINISTRATIVO','cuchipellegrini@hotmail.com'),
	(48,'Guillermina RISSO-PSIC√ìLOGA','LA PLATA','PSIC√ìLOGA','guillerisso@hotmail.com'),
	(49,'Vanina Eleonora SEMINARA-PSIC√ìLOGA','LA PLATA','PSIC√ìLOGA','vaninaseminara@hotmail.com'),
	(50,'M. PATRICIA RACK-TRABAJADORA SOCIAL','LA PLATA','TRABAJADORA SOCIAL','patriciarack@gmail.com'),
	(51,'Valeria SOTO-TRABAJADORA SOCIAL','LA PLATA','TRABAJADORA SOCIAL','valerinasoto12@gmail.com'),
	(52,'Maria Guadalupe SOSA-ADMINISTRATIVA','LA PLATA','ADMINISTRATIVA','cpvconsultadir@gmail.com'),
	(53,'Mar√≠a Candela SERVIN-PSIC√ìLOGA','LA PLATA','PSIC√ìLOGA','candeservin@gmail.com'),
	(54,'Paula STROPPOLO-ADMINISTRATIVA','LA PLATA','ADMINISTRATIVA','paustroppolo25@hotmail.com'),
	(55,'Jacqueline Melina SULAS-ADMINISTRATIVA','LA PLATA','ADMINISTRATIVA','meelinasulasguzman@gmail.com'),
	(56,'Alfonso VICINANZAS-ABOGADO','LA PLATA','ABOGADO','alfonsovicinanza@yahoo.com.ar'),
	(57,'Laura LOGRIEGO-ABOGADA','LANUS','ABOGADA','laura_logriego@yahoo.com.ar'),
	(58,'Ramona RUIZ DIAZ-TRABAJADORA SOCIAL','LANUS','TRABAJADORA SOCIAL','ramonaruizdiaz@hotmail.com'),
	(59,'Mar√≠a Victoria TEMUDIO-PSIC√ìLOGA','LANUS','PSIC√ìLOGA','mvtemudio@hotmail.com'),
	(60,'Mar√≠a Alejandra ARRIETA-ADMINISTRATIVA','LOMAS Z.','ADMINISTRATIVA','malearrieta76@hotmail.com'),
	(61,'Anal√≠a GALLO-PSIC√ìLOGA','LOMAS Z.','PSIC√ìLOGA','ana_liagallo@yahoo.com.ar'),
	(62,'Virginia GALVAN-TRABAJADORA SOCIAL','LOMAS Z.','TRABAJADORA SOCIAL','galvanvirginia@yahoo.com.ar'),
	(63,'Natalia JOFRE-ABOGADA','LOMAS Z.','ABOGADA','nataliajofre22@gmail.com'),
	(64,'Mariciel ORDO√ëEZ-TRABAJADORA SOCIAL','LOS TOLDOS','TRABAJADORA SOCIAL','ordo√±ez.sol85@gmail.com'),
	(65,'LIA SANCHEZ-PSIC√ìLOGA','LOS TOLDOS','PSIC√ìLOGA','lia_sanchez8@yahoo.com.ar'),
	(66,'Mar√≠a Bel√©n TAGLIAFERRO-PSIC√ìLOGA','LOS TOLDOS','PSIC√ìLOGA','cpvgralviamonte@hotmail.com'),
	(67,'Natalia CASCARDO-PSIC√ìLOGA','MAR DEL PLATA','PSIC√ìLOGA','natalia_cascardo@hotmail.com'),
	(68,'M√≥nica DI MAURO-ADMINISTRATIVA','MAR DEL PLATA','ADMINISTRATIVA','monidimauro@hotmail.com'),
	(69,'Patricio HORN-ABOGADO','MAR DEL PLATA','ABOGADO','patriciohorn@hotmail.com'),
	(70,' Jos√© Luis MARTINS-ABOGADO','MAR DEL PLATA','ABOGADO','joseluismartins@hotmail.com'),
	(71,'Luz MU√ëIZ-TRABAJADORA SOCIAL','MAR DEL PLATA','TRABAJADORA SOCIAL','luz_22_mm@hotmail.com'),
	(72,'Florencia NOVELLO-PSIC√ìLOGA','MAR DEL PLATA','PSIC√ìLOGA','florencianovello@yahoo.com.ar'),
	(73,'Catalina ESPIL-PSIC√ìLOGA','MERCEDES','PSIC√ìLOGA','catalinaespil@hotmail.com'),
	(74,'Mar√≠a P√≠a FRATTINI-TRABAJADORA SOCIAL','MERCEDES','TRABAJADORA SOCIAL','pia.frattini@hotmail.com'),
	(75,'Valeria MANFRIA MASSA-ABOGADA','MERECEDES','ABOGADA','valeriamanfria@gmail.com'),
	(76,'Jorge Gonzalo SESSAREGO B.-ABOGADO','MORENO','ABOGADO','sb.gonzalo@hotmail.com'),
	(77,'Germ√°n LANDGRAF-ABOGADO','MORENO','ABOGADO','german.landgraf@gmail.com'),
	(78,'VALERIA SANCHEZ-PSIC√ìLOGA','MORENO','PSIC√ìLOGA','valtasan0910@gmail.com'),
	(79,'Miguel Angel GOMEZ-TRABAJADOR SOCIAL','MORON','TRABAJADOR SOCIAL','gomezmiguelangel12@yahoo.com.ar'),
	(80,'Y√©sica IZARRIAGA-ABOGADA','MORON','ABOGADA','jessin23@hotmail.com'),
	(81,'Viviana LUCERO-ABOGADA','MORON','ABOGADA','dralucero@live.com'),
	(82,'Isabel MENGHINI-PSIC√ìLOGA','MORON','PSIC√ìLOGA','isabel_men@hotmail.com'),
	(83,'Malena PEREZ SOTO-ADMINISTRATIVA','MORON','ADMINISTRATIVA','malenap_@hotmail.com'),
	(84,'EMANUEL FANTE-TRABAJADOR SOCIAL','PERGAMINO','TRABAJADOR SOCIAL','fantemanuel2@gmail.com'),
	(85,'Cecilia MARQUISELLI-PSIC√ìLOGA','PERGAMINO','PSIC√ìLOGA','cecimarquiselli@hotmail.com'),
	(86,'Valentina PICCINI M.-ABOGADA','PERGAMINO','ABOGADA','valentinapiccinimanfredini@gmail.com'),
	(87,'Cecilia DIAZ-ABOGADA','PILAR','ABOGADA','dra.diazcecilia@gmail.com'),
	(88,'B√°rbara Mariela RAMALLO-TRABAJADORA SOCIAL','PILAR','TRABAJADORA SOCIAL','barbara.ramallo.1980@outlook.com'),
	(89,'Mariana SEMENZATO V.-PSIC√ìLOGA','PILAR','PSIC√ìLOGA','mariana_sv3@hotmail.com'),
	(90,'Mar√≠a Jos√© DO√ëA-ABOGADA','PINAMAR','ABOGADA','estudiojuridicodona@gmail.com'),
	(91,'Matilde PAGGI-PSIC√ìLOGA','PINAMAR','PSIC√ìLOGA','matutaur2@hotmail.com'),
	(92,'Mar√≠a Jos√© RIVERO-PSIC√ìLOGA','PINAMAR','PSIC√ìLOGA','RIVEROMARIAJ@GMAIL.COM'),
	(93,'Alejandra CACERES-TRABAJADORA SOCIAL','QUILMES','TRABAJADORA SOCIAL','alejandracaceres07@yahoo.com>'),
	(94,'CAROLINA PALACIOS-ADMINISTRATIVA','QUILMES','ADMINISTRATIVA','palacios669@hotmail.com'),
	(95,'Marina RIVAROLA-ABOGADA','QUILMES','ABOGADA','rivarolamarinag@gmail.com'),
	(96,'Carolina VENOSA-PSIC√ìLOGA','QUILMES','PSIC√ìLOGA','carolinavenosa@gmail.com'),
	(97,'Florencia CAMPI-ABOGADA','SAN FERNANDO','ABOGADA','campiflorencia@hotmail.com'),
	(98,'Mar√≠a In√©s DAVERIO-ADMINISTRATIVA','SAN FERNANDO','ADMINISTRATIVA','midaverio@hotmail.com'),
	(99,'Mar√≠a Julia PALAVICINI-PSIC√ìLOGA','SAN FERNANDO','PSIC√ìLOGA','jupa_8@hotmail.com'),
	(100,'Ver√≥nica SORIANO-ADMINISTRATIVA','SAN FERNANDO','ADMINISTRATIVA','veronicasoriano@yahoo.com'),
	(101,'Carolina BUSQUIER-PSIC√ìLOGA','SAN MARTIN','PSIC√ìLOGA','carobusquier@yahoo.com.ar'),
	(102,'Daiana CORDOBA-ABOGADA','SAN MARTIN','ABOGADA','daianabrendacordoba@yahoo.com.ar'),
	(103,'Diego DALLA TORRE-ABOGADO','SAN MARTIN','ABOGADO','estudiodt@gmail.com'),
	(104,'Lorena MAGISTA-ADMINISTRATIVA','SAN MARTIN','ADMINISTRATIVA','loremagista@gmail.com'),
	(105,'Micaela ALCUAZ-ABOGADA','TANDIL','ABOGADA','alcuazm@hotmail.com'),
	(106,'Silvana CERDA-PSIC√ìLOGA','TANDIL','PSIC√ìLOGA','casilvana@hotmail.com'),
	(107,'Alicia RUBILAR-TRABAJADORA SOCIAL','TANDIL','TRABAJADORA SOCIAL','alicia_rubilar@hotmail.com'),
	(108,'Ver√≥nica ATTALA-PSIC√ìLOGA','VICENTE LOPEZ','PSIC√ìLOGA','verocracea@yahoo.com'),
	(109,'Luc√≠a PIROVANI-ABOGADA','VICENTE LOPEZ','ABOGADA','lutipirovani@hotmail.com'),
	(110,'Pablo PORUBSKY-ABOGADO','VICENTE LOPEZ','ABOGADO','pablo.porubsky@gmail.com'),
	(111,'Natalia CRIBELLI-PSIC√ìLOGA','ZARATE','PSIC√ìLOGA','nataliacribelli@hotmail.com.a'),
	(112,'Luc√≠a FRACCAROLLI-ABOGADA','ZARATE','ABOGADA','l.fraccarolli@live.com'),
	(113,'Solange MINUCCI-TRABAJADORA SOCIAL','BAHIA BLANCA','TRABAJADORA SOCIAL','minuccisol@gmail.com'),
	(114,'Ignacio  KLENA-ABOGADO','LA PLATA','ABOGADO','ignacioklena@hotmail.com'),
	(115,'Maria Emilia MATHE-ABOGADA','SAN ISIDRO','ABOGADA','mariaemiliamathe@gmail.com');

/*!40000 ALTER TABLE `usuarios` ENABLE KEYS */;
UNLOCK TABLES;


# Volcado de tabla usuariosprofesionales
# ------------------------------------------------------------

DROP TABLE IF EXISTS `usuariosprofesionales`;

CREATE TABLE `usuariosprofesionales` (
  `id` int(10) unsigned NOT NULL AUTO_INCREMENT,
  `nombre_y_apellido` varchar(255) DEFAULT NULL,
  `sede` varchar(255) DEFAULT NULL,
  `area` varchar(255) DEFAULT NULL,
  `email` varchar(255) DEFAULT NULL,
  PRIMARY KEY (`id`)
) ENGINE=InnoDB DEFAULT CHARSET=latin1;

LOCK TABLES `usuariosprofesionales` WRITE;
/*!40000 ALTER TABLE `usuariosprofesionales` DISABLE KEYS */;

INSERT INTO `usuariosprofesionales` (`id`, `nombre_y_apellido`, `sede`, `area`, `email`)
VALUES
	(1,'Romina BENITEZ-PSIC√ìLOGA','ALTE. BRWON','PSIC√ìLOGA','rominabenitezar@hotmail.com'),
	(2,'Ver√≥nica PEREZ  -TRABAJADORA SOCIAL','ALTE. BRWON','TRABAJADORA SOCIAL','veritoapc@hotmail.com'),
	(3,'Norberto RICCO -ABOGADO','ALTE. BRWON','ABOGADO','norbertoricco@hotmail.com'),
	(4,'Mar√≠a Florencia ARAMBURU-ABOGADA','AZUL','ABOGADA','mflorencia_aramburu@hotmail.com'),
	(5,'Josefina CASADO-PSIC√ìLOGA','AZUL','PSIC√ìLOGA','josefina.casado@gmail.com'),
	(6,'Mar√≠a Jimena CIAPPINA-TRABAJADORA SOCIAL','AZUL','TRABAJADORA SOCIAL','jime_ciappina@hotmail.com'),
	(7,'Ignacio Armando BARSELLINI-ABOGADO','BAHIA BLANCA','ABOGADO','ignaciobarsellini@estudiobarsellini.com'),
	(8,'Ana Catalina OTERO D.-PSIC√ìLOGA','BAHIA BLANCA','PSIC√ìLOGA','catalinaotero.bblanca@gmail.com'),
	(9,'Mariela FORNARI-TRABAJADORA SOCIAL','EZEIZA','TRABAJADORA SOCIAL','mariela_delf@hotmail.com'),
	(10,'Noelia LOMBARDO-ABOGADA','EZEIZA','ABOGADA','noeliadlombardo@gmail.com'),
	(11,'Gladys Mabel MATTHESIUS-PSIC√ìLOGA','EZEIZA','PSIC√ìLOGA','gmatthesius@hotmail.com'),
	(12,'Mar√≠a Soledad CORTES-ABOGADA','JOSE C. PAZ','ABOGADA','cortes.m.soledad@gmail.com'),
	(13,'Alicia MICHELA-PSIC√ìLOGA','JOSE C. PAZ','PSIC√ìLOGA','alimichela@hotmail.com'),
	(14,'Soledad Anabela ROMERO-TRABAJADORA SOCIAL','JOSE C. PAZ','TRABAJADORA SOCIAL','anabela_romero_03@hotmail.com'),
	(15,'Giulietta CUOZZO-PSIC√ìLOGA','LA MATANZA','PSIC√ìLOGA','giuliettacuozzo@hotmail.com'),
	(16,'Jesica CRUZ-TRABAJADORA SOCIAL','LA MATANZA','TRABAJADORA SOCIAL','jecru@yahoo.com.ar'),
	(17,'AGUSTINA A. IRIONDO-PSIC√ìLOGA','LA MATANZA','PSIC√ìLOGA','agustina.iriondo@hotmail.es'),
	(18,'Rafaela Mariel Velazquez-ABOGADA','LA MATANZA','ABOGADA','mariel_velazquez@hotmail.com.ar'),
	(19,'Jorge APECECHEA-ABOGADO','LA PLATA','ABOGADO','rjapecechea@gmail.com'),
	(20,'Julieta Anah√≠ ARAGUES-PSIC√ìLOGA','LA PLATA','PSIC√ìLOGA','julietapsi@gmail.com'),
	(21,'Veronica Hayde√© ARDOHAIN-TRABAJADORA SOCIAL','LA PLATA','TRABAJADORA SOCIAL','veronica.ardohain76@gmail.com'),
	(22,'Maria Lujan CICCONI-PSIC√ìLOGA','LA PLATA','PSIC√ìLOGA','marialujancic@gmail.com'),
	(23,'Rosario Leontina CUCCIA-PSIC√ìLOGA','LA PLATA','PSIC√ìLOGA','rocuccia@hotmail.com'),
	(24,'Juan Francisco DI NARDO-ABOGADO','LA PLATA','ABOGADO','juanfdinardo@gmail.com'),
	(25,'Andrea Daniela GIACOMINO-PSIC√ìLOGA','LA PLATA','PSIC√ìLOGA','andreagiacomino04@yahoo.com.ar'),
	(26,'Azul LABALTA R.-ABOGADA','LA PLATA','ABOGADA','azul.labalta@gmail.com'),
	(27,'Milagros Aldana LUAYZA T.-ABOGADA','LA PLATA','ABOGADA','MilagrosLuayza@hotmail.com'),
	(28,'Luciano MACIEL-PSIC√ìLOGO','LA PLATA','PSIC√ìLOGO','lucianomac@gmail.com'),
	(29,'Ver√≥nica Isabel MARTINUZZI R.-PSIC√ìLOGA','LA PLATA','PSIC√ìLOGA','veropsicol@hotmail.com'),
	(30,'Silvio Gabriel MONTI-PSIC√ìLOGO','LA PLATA','PSIC√ìLOGO','silviomonti@gmail.com'),
	(31,'Eliana Silvina MORRONE-PSIC√ìLOGO','LA PLATA','PSIC√ìLOGO','elimorrone@gmail.com'),
	(32,'Lisandro Ariel PANELLI-ABOGADO','LA PLATA','ABOGADO','lisandropanelli@gmail.com'),
	(33,'Guillermina RISSO-PSIC√ìLOGA','LA PLATA','PSIC√ìLOGA','guillerisso@hotmail.com'),
	(34,'Vanina Eleonora SEMINARA-PSIC√ìLOGA','LA PLATA','PSIC√ìLOGA','vaninaseminara@hotmail.com'),
	(35,'M. PATRICIA RACK-TRABAJADORA SOCIAL','LA PLATA','TRABAJADORA SOCIAL','patriciarack@gmail.com'),
	(36,'Valeria SOTO-TRABAJADORA SOCIAL','LA PLATA','TRABAJADORA SOCIAL','valerinasoto12@gmail.com'),
	(37,'Mar√≠a Candela SERVIN-PSIC√ìLOGA','LA PLATA','PSIC√ìLOGA','candeservin@gmail.com'),
	(38,'Alfonso VICINANZAS-ABOGADO','LA PLATA','ABOGADO','alfonsovicinanza@yahoo.com.ar'),
	(39,'Laura LOGRIEGO-ABOGADA','LANUS','ABOGADA','laura_logriego@yahoo.com.ar'),
	(40,'Ramona RUIZ DIAZ-TRABAJADORA SOCIAL','LANUS','TRABAJADORA SOCIAL','ramonaruizdiaz@hotmail.com'),
	(41,'Mar√≠a Victoria TEMUDIO-PSIC√ìLOGA','LANUS','PSIC√ìLOGA','mvtemudio@hotmail.com'),
	(42,'Anal√≠a GALLO-PSIC√ìLOGA','LOMAS Z.','PSIC√ìLOGA','ana_liagallo@yahoo.com.ar'),
	(43,'Virginia GALVAN-TRABAJADORA SOCIAL','LOMAS Z.','TRABAJADORA SOCIAL','galvanvirginia@yahoo.com.ar'),
	(44,'Natalia JOFRE-ABOGADA','LOMAS Z.','ABOGADA','nataliajofre22@gmail.com'),
	(45,'Mariciel ORDO√ëEZ-TRABAJADORA SOCIAL','LOS TOLDOS','TRABAJADORA SOCIAL','ordo√±ez.sol85@gmail.com'),
	(46,'LIA SANCHEZ-PSIC√ìLOGA','LOS TOLDOS','PSIC√ìLOGA','lia_sanchez8@yahoo.com.ar'),
	(47,'Mar√≠a Bel√©n TAGLIAFERRO-PSIC√ìLOGA','LOS TOLDOS','PSIC√ìLOGA','cpvgralviamonte@hotmail.com'),
	(48,'Natalia CASCARDO-PSIC√ìLOGA','MAR DEL PLATA','PSIC√ìLOGA','natalia_cascardo@hotmail.com'),
	(49,'Patricio HORN-ABOGADO','MAR DEL PLATA','ABOGADO','patriciohorn@hotmail.com'),
	(50,' Jos√© Luis MARTINS-ABOGADO','MAR DEL PLATA','ABOGADO','joseluismartins@hotmail.com'),
	(51,'Luz MU√ëIZ-TRABAJADORA SOCIAL','MAR DEL PLATA','TRABAJADORA SOCIAL','luz_22_mm@hotmail.com'),
	(52,'Florencia NOVELLO-PSIC√ìLOGA','MAR DEL PLATA','PSIC√ìLOGA','florencianovello@yahoo.com.ar'),
	(53,'Catalina ESPIL-PSIC√ìLOGA','MERCEDES','PSIC√ìLOGA','catalinaespil@hotmail.com'),
	(54,'Mar√≠a P√≠a FRATTINI-TRABAJADORA SOCIAL','MERCEDES','TRABAJADORA SOCIAL','pia.frattini@hotmail.com'),
	(55,'Valeria MANFRIA MASSA-ABOGADA','MERECEDES','ABOGADA','valeriamanfria@gmail.com'),
	(56,'Jorge Gonzalo SESSAREGO B.-ABOGADO','MORENO','ABOGADO','sb.gonzalo@hotmail.com'),
	(57,'Germ√°n LANDGRAF-ABOGADO','MORENO','ABOGADO','german.landgraf@gmail.com'),
	(58,'VALERIA SANCHEZ-PSIC√ìLOGA','MORENO','PSIC√ìLOGA','valtasan0910@gmail.com'),
	(59,'Miguel Angel GOMEZ-TRABAJADOR SOCIAL','MORON','TRABAJADOR SOCIAL','gomezmiguelangel12@yahoo.com.ar'),
	(60,'Y√©sica IZARRIAGA-ABOGADA','MORON','ABOGADA','jessin23@hotmail.com'),
	(61,'Viviana LUCERO-ABOGADA','MORON','ABOGADA','dralucero@live.com'),
	(62,'Isabel MENGHINI-PSIC√ìLOGA','MORON','PSIC√ìLOGA','isabel_men@hotmail.com'),
	(63,'EMANUEL FANTE-TRABAJADOR SOCIAL','PERGAMINO','TRABAJADOR SOCIAL','fantemanuel2@gmail.com'),
	(64,'Cecilia MARQUISELLI-PSIC√ìLOGA','PERGAMINO','PSIC√ìLOGA','cecimarquiselli@hotmail.com'),
	(65,'Valentina PICCINI M.-ABOGADA','PERGAMINO','ABOGADA','valentinapiccinimanfredini@gmail.com'),
	(66,'Cecilia DIAZ-ABOGADA','PILAR','ABOGADA','dra.diazcecilia@gmail.com'),
	(67,'B√°rbara Mariela RAMALLO-TRABAJADORA SOCIAL','PILAR','TRABAJADORA SOCIAL','barbara.ramallo.1980@outlook.com'),
	(68,'Mariana SEMENZATO V.-PSIC√ìLOGA','PILAR','PSIC√ìLOGA','mariana_sv3@hotmail.com'),
	(69,'Mar√≠a Jos√© DO√ëA-ABOGADA','PINAMAR','ABOGADA','estudiojuridicodona@gmail.com'),
	(70,'Matilde PAGGI-PSIC√ìLOGA','PINAMAR','PSIC√ìLOGA','matutaur2@hotmail.com'),
	(71,'Mar√≠a Jos√© RIVERO-PSIC√ìLOGA','PINAMAR','PSIC√ìLOGA','RIVEROMARIAJ@GMAIL.COM'),
	(72,'Alejandra CACERES-TRABAJADORA SOCIAL','QUILMES','TRABAJADORA SOCIAL','alejandracaceres07@yahoo.com>'),
	(73,'Marina RIVAROLA-ABOGADA','QUILMES','ABOGADA','rivarolamarinag@gmail.com'),
	(74,'Carolina VENOSA-PSIC√ìLOGA','QUILMES','PSIC√ìLOGA','carolinavenosa@gmail.com'),
	(75,'Florencia CAMPI-ABOGADA','SAN FERNANDO','ABOGADA','campiflorencia@hotmail.com'),
	(76,'Mar√≠a Julia PALAVICINI-PSIC√ìLOGA','SAN FERNANDO','PSIC√ìLOGA','jupa_8@hotmail.com'),
	(77,'Carolina BUSQUIER-PSIC√ìLOGA','SAN MARTIN','PSIC√ìLOGA','carobusquier@yahoo.com.ar'),
	(78,'Daiana CORDOBA-ABOGADA','SAN MARTIN','ABOGADA','daianabrendacordoba@yahoo.com.ar'),
	(79,'Diego DALLA TORRE-ABOGADO','SAN MARTIN','ABOGADO','estudiodt@gmail.com'),
	(80,'Micaela ALCUAZ-ABOGADA','TANDIL','ABOGADA','alcuazm@hotmail.com'),
	(81,'Silvana CERDA-PSIC√ìLOGA','TANDIL','PSIC√ìLOGA','casilvana@hotmail.com'),
	(82,'Alicia RUBILAR-TRABAJADORA SOCIAL','TANDIL','TRABAJADORA SOCIAL','alicia_rubilar@hotmail.com'),
	(83,'Ver√≥nica ATTALA-PSIC√ìLOGA','VICENTE LOPEZ','PSIC√ìLOGA','verocracea@yahoo.com'),
	(84,'Luc√≠a PIROVANI-ABOGADA','VICENTE LOPEZ','ABOGADA','lutipirovani@hotmail.com'),
	(85,'Pablo PORUBSKY-ABOGADO','VICENTE LOPEZ','ABOGADO','pablo.porubsky@gmail.com'),
	(86,'Natalia CRIBELLI-PSIC√ìLOGA','ZARATE','PSIC√ìLOGA','nataliacribelli@hotmail.com.a'),
	(87,'Luc√≠a FRACCAROLLI-ABOGADA','ZARATE','ABOGADA','l.fraccarolli@live.com'),
	(88,'Solange MINUCCI-TRABAJADORA SOCIAL','BAHIA BLANCA','TRABAJADORA SOCIAL','minuccisol@gmail.com'),
	(89,'Ignacio  KLENA-ABOGADO','LA PLATA','ABOGADO','ignacioklena@hotmail.com'),
	(90,'Maria Emilia MATHE-ABOGADA','SAN ISIDRO','ABOGADA','mariaemiliamathe@gmail.com');

/*!40000 ALTER TABLE `usuariosprofesionales` ENABLE KEYS */;
UNLOCK TABLES;


# Volcado de tabla victim_im
# ------------------------------------------------------------

DROP TABLE IF EXISTS `victim_im`;

CREATE TABLE `victim_im` (
  `id` int(11) unsigned NOT NULL AUTO_INCREMENT,
  `idVictim` int(11) DEFAULT NULL,
  `idImputado` int(11) DEFAULT NULL,
  `vinculo_id` int(11) DEFAULT NULL,
  PRIMARY KEY (`id`)
) ENGINE=InnoDB DEFAULT CHARSET=latin1;

LOCK TABLES `victim_im` WRITE;
/*!40000 ALTER TABLE `victim_im` DISABLE KEYS */;

INSERT INTO `victim_im` (`id`, `idVictim`, `idImputado`, `vinculo_id`)
VALUES
	(1,165,87,NULL),
	(2,170,88,NULL),
	(3,170,88,3),
	(4,170,89,NULL),
	(5,170,89,2),
	(6,170,90,NULL),
	(7,170,90,4),
	(8,170,91,3),
	(9,171,92,4),
	(10,174,93,3),
	(11,181,94,4),
	(12,190,95,3),
	(13,190,96,2),
	(14,191,95,NULL),
	(15,191,96,NULL),
	(16,191,97,NULL),
	(17,192,98,2),
	(18,192,99,4),
	(19,193,98,NULL),
	(20,193,100,NULL),
	(21,194,101,4),
	(22,194,102,2),
	(23,196,102,NULL),
	(24,196,103,NULL),
	(25,197,101,NULL),
	(26,197,102,NULL),
	(27,197,103,NULL),
	(28,197,104,4),
	(29,198,105,4),
	(30,198,106,3),
	(31,202,107,2),
	(32,202,108,4),
	(33,203,109,4),
	(34,203,110,4),
	(35,204,111,4),
	(36,204,112,4),
	(37,205,111,NULL),
	(38,205,112,NULL),
	(39,205,113,4),
	(40,206,113,NULL),
	(41,206,114,NULL),
	(42,207,115,2),
	(43,207,116,7),
	(44,208,116,NULL),
	(45,208,115,NULL),
	(46,209,117,4),
	(47,209,118,3);

/*!40000 ALTER TABLE `victim_im` ENABLE KEYS */;
UNLOCK TABLES;


# Volcado de tabla victim_pa
# ------------------------------------------------------------

DROP TABLE IF EXISTS `victim_pa`;

CREATE TABLE `victim_pa` (
  `id` int(11) unsigned NOT NULL AUTO_INCREMENT,
  `idVictim` int(11) DEFAULT NULL,
  `idPersona` int(11) DEFAULT NULL,
  `vinculo_persona_asistida` int(11) DEFAULT NULL,
  PRIMARY KEY (`id`)
) ENGINE=InnoDB DEFAULT CHARSET=latin1;

LOCK TABLES `victim_pa` WRITE;
/*!40000 ALTER TABLE `victim_pa` DISABLE KEYS */;

INSERT INTO `victim_pa` (`id`, `idVictim`, `idPersona`, `vinculo_persona_asistida`)
VALUES
	(1,162,284,NULL),
	(2,162,285,NULL),
	(3,163,286,NULL),
	(4,163,287,NULL),
	(5,164,288,NULL),
	(6,164,289,NULL),
	(7,165,290,NULL),
	(8,168,291,NULL),
	(9,168,292,NULL),
	(10,169,293,NULL),
	(11,1,293,NULL),
	(12,169,294,NULL),
	(13,2,294,NULL),
	(14,169,3,NULL),
	(23,170,302,3),
	(24,170,303,1),
	(25,171,304,1),
	(26,171,305,2),
	(27,172,306,1),
	(28,172,307,2),
	(29,172,308,2),
	(30,172,309,1),
	(31,172,310,1),
	(32,172,311,3),
	(33,172,312,4),
	(34,172,313,3),
	(35,172,315,2),
	(36,304,315,NULL),
	(37,305,315,NULL),
	(38,172,316,2),
	(39,172,317,2),
	(40,172,318,2),
	(41,172,318,NULL),
	(42,172,318,NULL),
	(43,172,319,3),
	(44,NULL,304,NULL),
	(45,NULL,305,NULL),
	(46,172,320,3),
	(47,172,304,NULL),
	(48,172,305,NULL),
	(49,173,321,3),
	(50,173,322,2),
	(51,173,323,2),
	(52,174,324,1),
	(53,174,325,2),
	(54,177,326,1),
	(55,177,327,3),
	(56,178,328,1),
	(57,179,329,2),
	(58,179,330,1),
	(59,180,331,2),
	(60,181,332,2),
	(61,181,333,3),
	(62,183,334,1),
	(63,183,335,3),
	(64,183,336,2),
	(65,184,334,NULL),
	(67,184,336,NULL),
	(68,184,337,NULL),
	(69,186,336,NULL),
	(70,186,338,2),
	(71,186,337,NULL),
	(72,186,335,NULL),
	(73,186,334,NULL),
	(74,186,339,NULL),
	(75,186,340,NULL),
	(76,186,341,NULL),
	(77,187,342,4),
	(78,187,343,2),
	(79,187,344,1),
	(82,188,342,NULL),
	(83,188,343,NULL),
	(84,188,344,NULL),
	(85,188,345,NULL),
	(86,188,346,3),
	(87,188,347,1),
	(88,188,348,NULL),
	(89,188,349,NULL),
	(90,188,350,NULL),
	(91,190,351,1),
	(92,190,352,2),
	(93,190,353,2),
	(94,191,351,NULL),
	(95,191,353,NULL),
	(96,191,354,NULL),
	(97,191,352,NULL),
	(98,191,355,3),
	(99,192,356,2),
	(100,192,357,2),
	(101,192,358,3),
	(102,192,359,2),
	(103,194,360,2),
	(104,194,361,2),
	(106,196,362,2),
	(107,196,361,NULL),
	(108,197,360,NULL),
	(109,197,362,NULL),
	(110,197,363,NULL),
	(111,198,364,2),
	(112,198,365,1),
	(113,198,366,3),
	(114,199,365,NULL),
	(118,199,366,NULL),
	(119,200,367,3),
	(120,202,367,NULL),
	(121,202,368,1),
	(122,202,369,3),
	(123,202,370,2),
	(124,203,371,3),
	(125,203,372,3),
	(126,203,373,1),
	(127,204,374,2),
	(128,204,375,1),
	(129,205,374,NULL),
	(130,205,375,NULL),
	(131,205,376,2),
	(132,206,374,NULL),
	(133,206,376,NULL),
	(134,206,377,NULL),
	(135,207,378,2),
	(136,207,379,3),
	(137,208,378,NULL),
	(138,208,380,NULL);

/*!40000 ALTER TABLE `victim_pa` ENABLE KEYS */;
UNLOCK TABLES;


# Volcado de tabla victim_ra
# ------------------------------------------------------------

DROP TABLE IF EXISTS `victim_ra`;

CREATE TABLE `victim_ra` (
  `id` int(11) unsigned NOT NULL AUTO_INCREMENT,
  `idVictim` int(11) DEFAULT NULL,
  `idConviviente` int(11) DEFAULT NULL,
  `vinculo_victima` int(11) DEFAULT NULL,
  PRIMARY KEY (`id`)
) ENGINE=InnoDB DEFAULT CHARSET=latin1;

LOCK TABLES `victim_ra` WRITE;
/*!40000 ALTER TABLE `victim_ra` DISABLE KEYS */;

INSERT INTO `victim_ra` (`id`, `idVictim`, `idConviviente`, `vinculo_victima`)
VALUES
	(1,162,169,NULL),
	(2,162,170,NULL),
	(3,162,171,NULL),
	(4,167,171,NULL),
	(5,169,171,NULL),
	(6,163,172,NULL),
	(7,163,173,NULL),
	(8,164,174,NULL),
	(9,164,175,NULL),
	(10,165,176,NULL),
	(11,170,177,NULL),
	(12,170,178,NULL),
	(13,170,179,5),
	(14,171,180,2),
	(15,171,181,3),
	(16,173,182,2),
	(17,174,183,2),
	(18,174,184,2),
	(19,176,185,2),
	(20,176,186,2),
	(21,181,187,2),
	(22,190,188,3),
	(23,190,189,6),
	(25,191,189,NULL),
	(26,191,188,NULL),
	(27,192,190,2),
	(28,192,191,2),
	(29,192,192,1),
	(30,193,191,NULL),
	(31,193,192,NULL),
	(32,193,193,3),
	(33,194,194,3),
	(34,194,195,3),
	(35,194,196,3),
	(36,196,194,NULL),
	(37,196,197,4),
	(38,197,194,NULL),
	(39,197,195,NULL),
	(40,197,196,NULL),
	(41,197,197,NULL),
	(42,198,198,5),
	(43,198,199,3),
	(44,200,200,3),
	(45,202,200,NULL),
	(46,202,201,3),
	(47,203,202,1),
	(48,203,203,1),
	(49,203,204,3),
	(50,204,205,2),
	(51,204,206,4),
	(52,205,205,NULL),
	(53,205,206,NULL),
	(54,205,207,3),
	(55,206,205,NULL),
	(56,206,206,NULL),
	(57,206,208,NULL),
	(58,207,209,3),
	(59,207,210,1),
	(60,207,211,3),
	(61,208,209,NULL),
	(62,208,210,NULL);

/*!40000 ALTER TABLE `victim_ra` ENABLE KEYS */;
UNLOCK TABLES;


# Volcado de tabla victima_discapacidad
# ------------------------------------------------------------

DROP TABLE IF EXISTS `victima_discapacidad`;

CREATE TABLE `victima_discapacidad` (
  `id` int(10) unsigned NOT NULL AUTO_INCREMENT,
  `victima_id` int(11) DEFAULT NULL,
  `discapacidad_id` int(11) DEFAULT NULL,
  PRIMARY KEY (`id`)
) ENGINE=InnoDB DEFAULT CHARSET=latin1;

LOCK TABLES `victima_discapacidad` WRITE;
/*!40000 ALTER TABLE `victima_discapacidad` DISABLE KEYS */;

INSERT INTO `victima_discapacidad` (`id`, `victima_id`, `discapacidad_id`)
VALUES
	(1,75,1),
	(2,75,2),
	(3,75,3),
	(4,75,4),
	(5,76,1),
	(6,76,2),
	(7,86,3),
	(8,87,3),
	(9,88,2),
	(10,88,3),
	(11,93,3),
	(12,93,4),
	(13,103,2),
	(14,103,4),
	(15,104,2),
	(16,105,2),
	(17,105,4),
	(18,106,2),
	(19,107,1),
	(20,107,2),
	(21,107,3),
	(22,108,1),
	(23,108,4),
	(24,109,1),
	(25,109,2),
	(26,109,4),
	(27,110,1),
	(28,110,3),
	(29,111,2),
	(30,111,4),
	(31,113,3),
	(32,118,1),
	(33,118,4),
	(34,119,2),
	(35,119,4),
	(36,120,2),
	(37,120,4),
	(38,124,2),
	(39,126,1),
	(40,129,3),
	(41,130,2),
	(42,131,4),
	(45,134,1),
	(46,135,2),
	(47,135,3),
	(48,140,2),
	(49,145,2),
	(50,149,4),
	(51,150,2),
	(52,151,4),
	(53,152,2),
	(54,152,4),
	(55,155,4),
	(56,157,2),
	(57,161,1),
	(58,162,3),
	(59,190,1),
	(60,192,2),
	(61,194,2),
	(62,194,3),
	(63,195,2),
	(64,195,4),
	(65,196,2),
	(66,196,4),
	(67,201,2),
	(68,201,4),
	(69,202,2),
	(70,202,4),
	(71,203,4),
	(72,204,2),
	(73,205,2);

/*!40000 ALTER TABLE `victima_discapacidad` ENABLE KEYS */;
UNLOCK TABLES;


# Volcado de tabla victima_limitacion
# ------------------------------------------------------------

DROP TABLE IF EXISTS `victima_limitacion`;

CREATE TABLE `victima_limitacion` (
  `id` int(10) unsigned NOT NULL AUTO_INCREMENT,
  `victima_id` int(11) DEFAULT NULL,
  `limitacion_id` int(11) DEFAULT NULL,
  PRIMARY KEY (`id`)
) ENGINE=InnoDB DEFAULT CHARSET=latin1;

LOCK TABLES `victima_limitacion` WRITE;
/*!40000 ALTER TABLE `victima_limitacion` DISABLE KEYS */;

INSERT INTO `victima_limitacion` (`id`, `victima_id`, `limitacion_id`)
VALUES
	(1,76,1),
	(2,76,2),
	(3,86,2),
	(4,87,2),
	(5,88,2),
	(6,88,3),
	(7,93,2),
	(8,93,3),
	(9,104,1),
	(10,104,4),
	(11,105,2),
	(12,105,4),
	(13,106,1),
	(14,107,2),
	(15,107,4),
	(16,108,1),
	(17,108,2),
	(18,108,4),
	(19,109,1),
	(20,109,4),
	(21,110,1),
	(22,110,2),
	(23,113,1),
	(24,117,2),
	(25,118,1),
	(26,118,3),
	(27,118,4),
	(28,119,1),
	(29,120,3),
	(30,131,1),
	(32,134,1),
	(33,135,4),
	(34,148,2),
	(35,148,4),
	(36,149,1),
	(37,149,4),
	(38,150,1),
	(39,151,2),
	(40,151,4),
	(41,152,3),
	(42,152,4),
	(43,154,1),
	(44,157,3),
	(45,161,2),
	(46,176,4),
	(47,190,1),
	(48,193,2),
	(49,194,2),
	(50,194,3),
	(51,201,1),
	(52,202,1),
	(53,203,2),
	(54,204,1),
	(55,206,3),
	(56,207,3);

/*!40000 ALTER TABLE `victima_limitacion` ENABLE KEYS */;
UNLOCK TABLES;


# Volcado de tabla victima_necesidad
# ------------------------------------------------------------

DROP TABLE IF EXISTS `victima_necesidad`;

CREATE TABLE `victima_necesidad` (
  `id` int(10) unsigned NOT NULL AUTO_INCREMENT,
  `victima_id` int(11) DEFAULT NULL,
  `necesidad_id` int(11) DEFAULT NULL,
  PRIMARY KEY (`id`)
) ENGINE=InnoDB DEFAULT CHARSET=latin1;

LOCK TABLES `victima_necesidad` WRITE;
/*!40000 ALTER TABLE `victima_necesidad` DISABLE KEYS */;

INSERT INTO `victima_necesidad` (`id`, `victima_id`, `necesidad_id`)
VALUES
	(1,26,6),
	(2,26,7),
	(3,26,8),
	(4,27,1),
	(5,27,3),
	(6,27,5),
	(7,27,7),
	(8,28,1),
	(9,28,2),
	(10,29,1),
	(11,29,2),
	(12,30,1),
	(13,30,2),
	(14,30,3),
	(15,30,4),
	(16,30,5),
	(17,30,6),
	(18,31,1),
	(19,31,2),
	(20,32,1),
	(21,32,2),
	(22,33,1),
	(23,33,2),
	(24,33,3),
	(25,34,1),
	(26,34,2),
	(27,35,1),
	(28,35,2),
	(29,36,1),
	(30,36,2),
	(31,37,1),
	(32,37,2),
	(33,38,1),
	(34,38,2),
	(35,39,1),
	(36,39,2),
	(37,40,1),
	(38,40,2),
	(39,41,1),
	(40,41,2),
	(41,42,1),
	(42,42,2),
	(43,43,1),
	(44,43,2),
	(45,44,1),
	(46,44,2),
	(47,44,3),
	(48,44,4),
	(49,44,5),
	(50,44,6),
	(51,44,7),
	(52,45,1),
	(53,45,2),
	(54,46,1),
	(55,46,2),
	(56,48,1),
	(57,48,2),
	(58,49,1),
	(59,49,2),
	(60,50,1),
	(61,50,2),
	(62,51,1),
	(63,51,2),
	(64,52,1),
	(65,52,2),
	(66,52,3),
	(67,53,1),
	(68,53,2),
	(69,54,1),
	(70,54,2),
	(71,55,1),
	(72,55,2),
	(73,55,3),
	(74,69,1),
	(75,69,2),
	(76,69,3),
	(77,70,1),
	(78,70,2),
	(79,70,3),
	(80,70,4),
	(81,70,5),
	(82,70,6),
	(83,70,7),
	(84,71,1),
	(85,71,2),
	(86,71,3),
	(87,71,4),
	(88,72,1),
	(89,72,2),
	(90,72,3),
	(91,72,4),
	(92,73,1),
	(93,73,2),
	(94,73,3),
	(95,73,4),
	(96,74,1),
	(97,74,2),
	(98,74,3),
	(99,75,1),
	(100,75,2),
	(101,75,3),
	(102,75,4),
	(103,76,1),
	(104,76,2),
	(105,79,3),
	(106,79,5),
	(107,86,3),
	(108,86,4),
	(109,87,3),
	(110,88,5),
	(111,88,6),
	(112,91,3),
	(113,91,6),
	(114,91,8),
	(115,92,3),
	(116,92,6),
	(117,92,8),
	(118,93,3),
	(119,93,8),
	(120,94,2),
	(121,94,5),
	(122,94,8),
	(123,103,3),
	(124,103,8),
	(125,104,2),
	(126,104,4),
	(127,104,8),
	(128,105,1),
	(129,105,5),
	(130,105,8),
	(131,106,3),
	(132,106,4),
	(133,106,5),
	(134,106,7),
	(135,106,8),
	(136,107,1),
	(137,107,4),
	(138,107,8),
	(139,108,1),
	(140,108,2),
	(141,108,8),
	(142,109,4),
	(143,109,6),
	(144,109,8),
	(145,110,1),
	(146,110,5),
	(147,110,8),
	(148,111,1),
	(149,111,4),
	(150,111,7),
	(151,111,8),
	(152,113,1),
	(153,113,3),
	(154,115,1),
	(155,115,4),
	(156,117,1),
	(157,117,2),
	(158,118,1),
	(159,118,4),
	(160,118,6),
	(161,118,8),
	(162,119,1),
	(163,119,3),
	(164,119,5),
	(165,119,8),
	(166,120,1),
	(167,120,4),
	(168,120,6),
	(169,120,8),
	(170,121,1),
	(171,121,4),
	(172,121,8),
	(173,129,4),
	(174,130,3),
	(175,130,8),
	(176,131,4),
	(177,132,2),
	(179,132,8),
	(180,133,2),
	(181,133,8),
	(182,134,2),
	(183,134,8),
	(184,135,2),
	(185,135,3),
	(186,135,4),
	(187,135,8),
	(188,139,2),
	(189,141,3),
	(190,145,1),
	(191,148,2),
	(192,148,8),
	(193,149,1),
	(194,149,8),
	(195,150,1),
	(196,150,8),
	(197,152,3),
	(198,152,5),
	(199,152,8),
	(200,155,3),
	(201,156,1),
	(202,157,6),
	(203,157,7),
	(204,157,8),
	(205,158,2),
	(206,158,8),
	(207,162,2),
	(208,166,2),
	(209,171,2),
	(210,176,1),
	(211,190,1),
	(212,194,4),
	(213,194,5),
	(214,194,8),
	(215,205,2),
	(216,205,4),
	(217,207,2);

/*!40000 ALTER TABLE `victima_necesidad` ENABLE KEYS */;
UNLOCK TABLES;


# Volcado de tabla victima_programa
# ------------------------------------------------------------

DROP TABLE IF EXISTS `victima_programa`;

CREATE TABLE `victima_programa` (
  `id` int(10) unsigned NOT NULL AUTO_INCREMENT,
  `victima_id` int(11) DEFAULT NULL,
  `programa_id` int(11) DEFAULT NULL,
  PRIMARY KEY (`id`)
) ENGINE=InnoDB DEFAULT CHARSET=latin1;

LOCK TABLES `victima_programa` WRITE;
/*!40000 ALTER TABLE `victima_programa` DISABLE KEYS */;

INSERT INTO `victima_programa` (`id`, `victima_id`, `programa_id`)
VALUES
	(1,74,1),
	(2,74,2),
	(3,75,1),
	(4,75,2),
	(5,75,3),
	(6,75,4),
	(7,76,1),
	(8,76,2),
	(9,86,1),
	(10,87,2),
	(11,88,3),
	(12,93,1),
	(13,93,5),
	(14,103,2),
	(15,103,4),
	(16,103,5),
	(17,104,2),
	(18,104,5),
	(19,105,4),
	(20,106,2),
	(21,106,3),
	(22,107,1),
	(23,107,2),
	(24,107,3),
	(25,107,4),
	(26,107,5),
	(27,108,2),
	(28,108,5),
	(29,109,1),
	(30,109,2),
	(31,109,3),
	(32,109,5),
	(33,110,3),
	(34,110,5),
	(35,111,3),
	(36,111,4),
	(37,111,5),
	(38,113,1),
	(39,113,2),
	(40,117,1),
	(41,117,2),
	(42,118,1),
	(43,118,2),
	(44,118,3),
	(45,118,5),
	(46,119,1),
	(47,119,2),
	(48,119,5),
	(49,120,1),
	(50,120,2),
	(51,120,3),
	(52,120,4),
	(53,120,5),
	(54,126,1),
	(55,129,1),
	(56,130,4),
	(57,130,5),
	(58,131,1),
	(62,134,1),
	(63,134,5),
	(64,135,1),
	(65,135,2),
	(66,135,5),
	(67,149,3),
	(68,149,5),
	(69,150,3),
	(70,150,5),
	(71,151,2),
	(72,152,2),
	(73,152,5),
	(74,157,5),
	(75,161,2),
	(76,170,3),
	(77,176,2),
	(78,194,2),
	(79,194,5),
	(80,195,1),
	(81,196,1),
	(82,203,5),
	(83,205,2),
	(84,206,3);

/*!40000 ALTER TABLE `victima_programa` ENABLE KEYS */;
UNLOCK TABLES;


# Volcado de tabla victims
# ------------------------------------------------------------

DROP TABLE IF EXISTS `victims`;

CREATE TABLE `victims` (
  `id` int(10) unsigned NOT NULL AUTO_INCREMENT,
  `victima_nombre_y_apellido` varchar(255) DEFAULT NULL,
  `genero` int(11) DEFAULT NULL,
  `victima_fecha_nacimiento` varchar(50) DEFAULT NULL,
  `victima_edad` int(20) DEFAULT NULL,
  `franjaetaria` int(11) DEFAULT NULL,
  `tienedoc` varchar(11) DEFAULT NULL,
  `tipodocumento` varchar(11) DEFAULT NULL,
  `tipo_documento_otro` varchar(255) DEFAULT NULL,
  `residenciaprecaria` int(11) DEFAULT NULL,
  `victima_numero_documento` varchar(20) DEFAULT NULL,
  `niveleducativo` int(11) DEFAULT NULL,
  `condiciones_de_trabajo` int(11) NOT NULL,
  `necesidades_socioeconomicas_insatisfechas` int(11) DEFAULT NULL,
  `necesidades_socioeconomicas_insatisfechas_otro` varchar(255) DEFAULT NULL,
  `programa_subsidio` int(11) DEFAULT NULL,
  `programa_subsidio_otro` varchar(255) DEFAULT NULL,
  `embarazorelevamiento` int(11) DEFAULT NULL,
  `tiene_discapacidad` int(11) DEFAULT NULL,
  `tienelesion` int(11) DEFAULT NULL,
  `tipo_lesion` varchar(255) DEFAULT NULL,
  `enfermedadcronica` int(11) DEFAULT NULL,
  `tipo_enfermedad_cronica` varchar(255) DEFAULT NULL,
  `tiene_limitacion` int(11) DEFAULT NULL,
  `limitacion_otro` varchar(255) DEFAULT NULL,
  `persona_asistida` int(11) DEFAULT NULL,
  `otras_personas_asistidas` int(11) DEFAULT NULL,
  `idCaso` int(11) DEFAULT NULL,
  `userID_create` int(11) DEFAULT NULL,
  `created_at` timestamp NULL DEFAULT NULL,
  `userID_modify` int(11) DEFAULT NULL,
  `updated_at` timestamp NULL DEFAULT NULL,
  `activo` int(11) DEFAULT NULL,
  PRIMARY KEY (`id`)
) ENGINE=InnoDB DEFAULT CHARSET=latin1;

LOCK TABLES `victims` WRITE;
/*!40000 ALTER TABLE `victims` DISABLE KEYS */;

INSERT INTO `victims` (`id`, `victima_nombre_y_apellido`, `genero`, `victima_fecha_nacimiento`, `victima_edad`, `franjaetaria`, `tienedoc`, `tipodocumento`, `tipo_documento_otro`, `residenciaprecaria`, `victima_numero_documento`, `niveleducativo`, `condiciones_de_trabajo`, `necesidades_socioeconomicas_insatisfechas`, `necesidades_socioeconomicas_insatisfechas_otro`, `programa_subsidio`, `programa_subsidio_otro`, `embarazorelevamiento`, `tiene_discapacidad`, `tienelesion`, `tipo_lesion`, `enfermedadcronica`, `tipo_enfermedad_cronica`, `tiene_limitacion`, `limitacion_otro`, `persona_asistida`, `otras_personas_asistidas`, `idCaso`, `userID_create`, `created_at`, `userID_modify`, `updated_at`, `activo`)
VALUES
	(1,'maoaoaoaooa',1,'2019-02-13 00:00:00',25,3,'5','1',NULL,NULL,'25341693',4,1,2,NULL,2,NULL,2,NULL,2,NULL,2,NULL,NULL,NULL,NULL,NULL,NULL,NULL,NULL,NULL,NULL,NULL),
	(2,'VICTIMA DOS',NULL,NULL,NULL,NULL,NULL,NULL,NULL,NULL,NULL,NULL,0,NULL,NULL,NULL,NULL,NULL,NULL,NULL,NULL,NULL,NULL,NULL,NULL,NULL,NULL,NULL,NULL,NULL,NULL,NULL,NULL),
	(3,'CASO DOS',4,'2019-02-13 00:00:00',30,3,'1','1',NULL,NULL,'253416',1,2,2,NULL,2,NULL,NULL,NULL,1,'LESIONES',1,'CRONICAS',NULL,NULL,NULL,NULL,NULL,NULL,NULL,NULL,NULL,NULL),
	(4,'VICTIMA NUEVA',3,'2019-02-14 00:00:00',20,3,'1','3',NULL,NULL,'2536147',4,3,1,NULL,2,NULL,NULL,NULL,2,NULL,2,NULL,NULL,NULL,NULL,NULL,NULL,NULL,NULL,NULL,NULL,NULL),
	(5,'UNA VICTIMA',1,'2019-02-06 00:00:00',33,4,'1','1',NULL,NULL,'2536596',3,2,1,NULL,2,NULL,1,NULL,1,'LESIONES',1,'CRONICA',NULL,NULL,NULL,NULL,NULL,NULL,NULL,NULL,NULL,NULL),
	(6,'VICTIMA-CASO',3,'2019-02-13 00:00:00',45,4,'5','1',NULL,NULL,'254693',2,2,2,NULL,2,NULL,NULL,NULL,1,'LESION',1,'ENF CRONICA',NULL,NULL,NULL,NULL,NULL,NULL,NULL,NULL,NULL,NULL),
	(7,'AGREGADO DE VICTIMA',1,'2019-02-13 00:00:00',40,4,'1','9',NULL,NULL,'25365987',3,2,2,NULL,2,NULL,1,NULL,1,'LESIONES LESIONES',1,'CRONICAS CRONICAS',NULL,NULL,NULL,NULL,32,NULL,NULL,NULL,NULL,NULL),
	(8,'PERONA PERSONA',2,'2019-02-13 00:00:00',50,4,'5','9',NULL,NULL,'2536212',4,1,1,NULL,2,NULL,NULL,NULL,2,NULL,2,NULL,NULL,NULL,NULL,NULL,32,NULL,NULL,NULL,NULL,NULL),
	(9,'VICTIMA-NECESIDAD',3,'2019-02-13 00:00:00',35,4,'1','1',NULL,NULL,'2534693',1,4,1,NULL,NULL,NULL,NULL,NULL,NULL,NULL,NULL,NULL,NULL,NULL,NULL,NULL,32,NULL,NULL,NULL,NULL,NULL),
	(10,'VICTIMA-NECESIDADES',3,'2019-02-13 00:00:00',34,4,'1','1',NULL,NULL,'2536987',NULL,2,1,NULL,2,NULL,NULL,NULL,1,'LESIONES',1,'CRONICAS',NULL,NULL,NULL,NULL,32,NULL,NULL,NULL,NULL,NULL),
	(11,'PRUEBASSSSS',3,'2019-02-13 00:00:00',34,4,'3','7',NULL,NULL,'2533156',3,2,1,NULL,2,NULL,2,NULL,1,'LESION V',1,'CRONICA',NULL,NULL,NULL,NULL,33,NULL,NULL,NULL,NULL,NULL),
	(12,'PRUEBASSSSS',3,'2019-02-13 00:00:00',34,4,'3','7',NULL,NULL,'2533156',3,2,1,NULL,2,NULL,2,NULL,1,'LESION V',1,'CRONICA',NULL,NULL,NULL,NULL,33,NULL,NULL,NULL,NULL,NULL),
	(13,'PRUEBASSSSS',3,'2019-02-13 00:00:00',34,4,'3','7',NULL,NULL,'2533156',3,2,1,NULL,2,NULL,2,NULL,1,'LESION V',1,'CRONICA',NULL,NULL,NULL,NULL,33,NULL,NULL,NULL,NULL,NULL),
	(14,'PRUEBA',1,'2019-02-13 00:00:00',32,4,'5','1',NULL,NULL,'213625',1,2,1,NULL,NULL,NULL,2,NULL,2,NULL,2,NULL,NULL,NULL,NULL,NULL,34,NULL,NULL,NULL,NULL,NULL),
	(15,'VICTIMA VICTIMA',3,'2019-02-13 00:00:00',30,3,'5','1',NULL,NULL,'2534569',1,2,1,NULL,2,NULL,NULL,NULL,1,'LESIONES',1,'CRONICAS',NULL,NULL,NULL,NULL,34,NULL,NULL,NULL,NULL,NULL),
	(16,'VICTIMA VICTIMA',3,'2019-02-13 00:00:00',30,3,'5','1',NULL,NULL,'2534569',1,2,1,NULL,2,NULL,2,NULL,1,'LESIONES',1,'CRONICAS',NULL,NULL,NULL,NULL,34,NULL,NULL,NULL,NULL,NULL),
	(17,'NECESITADES',3,'2019-02-13 00:00:00',42,4,'1','5',NULL,NULL,'3265987',3,4,1,NULL,2,NULL,NULL,NULL,1,'LESIONES',1,'ENFERMEDADES',NULL,NULL,NULL,NULL,34,NULL,NULL,NULL,NULL,NULL),
	(18,'NECESITADES',3,'2019-02-13 00:00:00',42,4,'1','5',NULL,NULL,'3265987',3,4,1,NULL,2,NULL,2,NULL,1,'LESIONES',1,'ENFERMEDADES',NULL,NULL,NULL,NULL,34,NULL,NULL,NULL,NULL,NULL),
	(19,'VICTIMASSS',2,'2019-02-13 00:00:00',25,3,'1',NULL,NULL,NULL,'256326',7,1,1,NULL,1,NULL,NULL,NULL,2,NULL,2,NULL,NULL,NULL,NULL,NULL,34,NULL,NULL,NULL,NULL,NULL),
	(20,'VICTIMASSS',2,'2019-02-13 00:00:00',25,3,'1',NULL,NULL,NULL,'256326',7,1,1,NULL,1,NULL,2,NULL,2,NULL,2,NULL,NULL,NULL,NULL,NULL,34,NULL,NULL,NULL,NULL,NULL),
	(21,'VICTIMASSS',2,'2019-02-13 00:00:00',25,3,'1',NULL,NULL,NULL,'256326',7,1,1,NULL,1,NULL,2,NULL,2,NULL,2,NULL,NULL,NULL,NULL,NULL,34,NULL,NULL,NULL,NULL,NULL),
	(22,'PRUEBASSS',3,'2019-02-13 00:00:00',45,4,'1','3',NULL,NULL,'2536987',4,1,1,'OTRA NECESIDAD',2,NULL,NULL,NULL,2,NULL,2,NULL,NULL,NULL,NULL,NULL,34,NULL,NULL,NULL,NULL,NULL),
	(23,'kakalalal',2,'2019-02-13 00:00:00',45,4,'1','3',NULL,NULL,'1236548989',4,2,1,NULL,2,NULL,NULL,NULL,2,NULL,2,NULL,NULL,NULL,NULL,NULL,34,NULL,NULL,NULL,NULL,NULL),
	(24,'kakalalal',2,'2019-02-13 00:00:00',45,4,'1','3',NULL,NULL,'1236548989',4,2,1,NULL,2,NULL,2,NULL,2,NULL,2,NULL,NULL,NULL,NULL,NULL,34,NULL,NULL,NULL,NULL,NULL),
	(25,'kakalalal',2,'2019-02-13 00:00:00',45,4,'1','3',NULL,NULL,'1236548989',4,2,1,NULL,2,NULL,2,NULL,2,NULL,2,NULL,NULL,NULL,NULL,NULL,34,NULL,NULL,NULL,NULL,NULL),
	(26,'kakalalal',2,'2019-02-13 00:00:00',45,4,'1','3',NULL,NULL,'1236548989',4,2,1,NULL,2,NULL,2,NULL,2,NULL,2,NULL,NULL,NULL,NULL,NULL,34,NULL,NULL,NULL,NULL,NULL),
	(27,'PRUEBA OK',2,'2019-02-13 00:00:00',23,3,'1',NULL,NULL,NULL,'2365456',4,2,1,'OTRA NECESIDAD',2,NULL,NULL,NULL,1,'LESIONES',1,'ENFERMEDADES CRONICAS',NULL,NULL,NULL,NULL,34,NULL,NULL,NULL,NULL,NULL),
	(28,'VICTIMA PROGRAMA',2,'2019-02-14 00:00:00',27,3,'1','1',NULL,NULL,'25364198',3,1,1,'OTRA NECESIDAD',2,NULL,NULL,NULL,2,NULL,2,NULL,NULL,NULL,NULL,NULL,35,NULL,NULL,NULL,NULL,NULL),
	(29,'VICTIMA PROGRAMA',2,'2019-02-14 00:00:00',27,3,'1','1',NULL,NULL,'25364198',3,1,1,'OTRA NECESIDAD',2,NULL,2,NULL,2,NULL,2,NULL,NULL,NULL,NULL,NULL,35,NULL,NULL,NULL,NULL,NULL),
	(30,'VICTIMA PROGRAMA 2',2,'2019-02-14 00:00:00',NULL,NULL,'1','1',NULL,NULL,'2536987',2,2,1,'OTRA NECESIDAD',2,NULL,NULL,NULL,2,NULL,2,NULL,NULL,NULL,NULL,NULL,35,NULL,NULL,NULL,NULL,NULL),
	(31,'VICTIMA PROGRAMA NUEVA PRUEBA',2,'2019-02-14 00:00:00',56,5,'1','1',NULL,NULL,'2536987',1,2,1,NULL,2,NULL,NULL,NULL,2,NULL,2,NULL,NULL,NULL,NULL,NULL,35,NULL,NULL,NULL,NULL,NULL),
	(32,'VICTIMA PROGRAMA',2,'2019-02-14 00:00:00',23,3,'1','2',NULL,NULL,'2536987',3,1,1,NULL,1,NULL,NULL,NULL,2,NULL,2,NULL,NULL,NULL,NULL,NULL,35,NULL,NULL,NULL,NULL,NULL),
	(33,'PRUEBA NUEVA PROGRAMA',2,'2019-02-14 00:00:00',45,4,'1','1',NULL,NULL,'23659456',1,2,1,NULL,1,NULL,NULL,NULL,2,NULL,2,NULL,NULL,NULL,NULL,NULL,35,NULL,NULL,NULL,NULL,NULL),
	(34,'mmmmmmmmmmmmm',1,'2019-02-14 00:00:00',45,4,'1','2',NULL,NULL,'2536266',2,3,1,NULL,1,NULL,2,NULL,2,NULL,2,NULL,NULL,NULL,NULL,NULL,35,NULL,NULL,NULL,NULL,NULL),
	(35,'VICTIMA PROGRAMA',2,'2019-02-14 00:00:00',23,3,'1','2',NULL,NULL,'2536987',3,1,1,NULL,1,NULL,2,NULL,2,NULL,2,NULL,NULL,NULL,NULL,NULL,35,NULL,NULL,NULL,NULL,NULL),
	(36,'lllllllllllllll',2,'2019-02-14 00:00:00',42,4,'1','1',NULL,NULL,'25364789',6,1,1,NULL,1,NULL,NULL,NULL,2,NULL,2,NULL,NULL,NULL,NULL,NULL,35,NULL,NULL,NULL,NULL,NULL),
	(37,'lllllllllllllll',2,'2019-02-14 00:00:00',42,4,'1','1',NULL,NULL,'25364789',6,1,1,NULL,1,NULL,2,NULL,2,NULL,2,NULL,NULL,NULL,NULL,NULL,35,NULL,NULL,NULL,NULL,NULL),
	(38,'lllllllllllllll',2,'2019-02-14 00:00:00',42,4,'1','1',NULL,NULL,'25364789',6,1,1,NULL,1,NULL,2,NULL,2,NULL,2,NULL,NULL,NULL,NULL,NULL,35,NULL,NULL,NULL,NULL,NULL),
	(39,'lllllllllllllll',2,'2019-02-14 00:00:00',42,4,'1','1',NULL,NULL,'25364789',6,1,1,NULL,1,NULL,2,NULL,2,NULL,2,NULL,NULL,NULL,NULL,NULL,35,NULL,NULL,NULL,NULL,NULL),
	(40,'lllllllllllll',2,'2019-02-14 00:00:00',18,2,'3','7',NULL,NULL,'2536987',2,1,1,NULL,1,NULL,2,NULL,2,NULL,2,NULL,NULL,NULL,NULL,NULL,35,NULL,NULL,NULL,NULL,NULL),
	(41,'lllllllllllll',2,'2019-02-14 00:00:00',18,2,'3','7',NULL,NULL,'2536987',2,1,1,NULL,1,NULL,2,NULL,2,NULL,2,NULL,NULL,NULL,NULL,NULL,35,NULL,NULL,NULL,NULL,NULL),
	(42,'lflflflfl',1,'2019-02-14 00:00:00',47,4,'1','1',NULL,NULL,'2536589',1,4,1,NULL,1,NULL,1,NULL,2,NULL,2,NULL,NULL,NULL,NULL,NULL,35,NULL,NULL,NULL,NULL,NULL),
	(43,'lflflflfl',1,'2019-02-14 00:00:00',47,4,'1','1',NULL,NULL,'2536589',1,4,1,NULL,1,NULL,1,NULL,2,NULL,2,NULL,NULL,NULL,NULL,NULL,35,NULL,NULL,NULL,NULL,NULL),
	(44,'lflflflfl',1,'2019-02-14 00:00:00',47,4,'1','1',NULL,NULL,'2536589',1,4,1,'OTRA NECESIDAD',1,NULL,1,NULL,2,NULL,2,NULL,NULL,NULL,NULL,NULL,35,NULL,NULL,NULL,NULL,NULL),
	(45,'lalalalla',2,'2019-02-14 00:00:00',56,5,'5','1',NULL,NULL,'2536987',2,3,1,NULL,1,NULL,NULL,NULL,1,'lesion',1,'cronicas',NULL,NULL,NULL,NULL,36,NULL,NULL,NULL,NULL,NULL),
	(46,'lalalalla',2,'2019-02-14 00:00:00',56,5,'5','1',NULL,NULL,'2536987',2,3,1,NULL,1,NULL,2,NULL,1,'lesion',1,'cronicas',NULL,NULL,NULL,NULL,36,NULL,NULL,NULL,NULL,NULL),
	(47,'lalallala',1,'2019-02-14 00:00:00',58,5,'1',NULL,NULL,NULL,'256399',2,1,1,NULL,1,NULL,1,NULL,2,NULL,2,NULL,NULL,NULL,NULL,NULL,36,NULL,NULL,NULL,NULL,NULL),
	(48,'NO ENVIA PROGRAMAS AL FORM',1,'2019-02-14 00:00:00',58,5,'1',NULL,NULL,NULL,'256399',2,1,1,NULL,1,NULL,1,NULL,2,NULL,2,NULL,NULL,NULL,NULL,NULL,36,NULL,NULL,NULL,NULL,NULL),
	(49,'VICTIMA PROGRAMASSSSSSSSS',2,'2019-02-14 00:00:00',23,3,'1','1',NULL,NULL,'253698',1,2,1,NULL,1,NULL,NULL,NULL,1,'LESIONES',2,NULL,NULL,NULL,NULL,NULL,36,NULL,NULL,NULL,NULL,NULL),
	(50,'VICTIMA PROGRAMASSSSSSSSS',2,'2019-02-14 00:00:00',23,3,'1','1',NULL,NULL,'253698',1,2,1,NULL,1,NULL,2,NULL,1,'LESIONES',2,NULL,NULL,NULL,NULL,NULL,36,NULL,NULL,NULL,NULL,NULL),
	(51,'VICTIMA PROGRAMASSSSSSSSS',2,'2019-02-14 00:00:00',23,3,'1','1',NULL,NULL,'253698',1,2,1,NULL,1,NULL,2,NULL,1,'LESIONES',2,NULL,NULL,NULL,NULL,NULL,36,NULL,NULL,NULL,NULL,NULL),
	(52,'DISCAPACIDADES',2,'2019-02-14 00:00:00',36,4,'5','1',NULL,NULL,'253698',2,1,1,NULL,2,NULL,NULL,NULL,2,NULL,2,NULL,NULL,NULL,NULL,NULL,36,NULL,NULL,NULL,NULL,NULL),
	(53,'PRUEBA FINAL',2,'2019-02-14 00:00:00',56,5,'1','1',NULL,NULL,'25364569',1,2,1,NULL,2,NULL,2,NULL,2,NULL,2,NULL,NULL,NULL,NULL,NULL,36,NULL,NULL,NULL,NULL,NULL),
	(54,'PRUEBA FINAL',2,'2019-02-14 00:00:00',56,5,'1','1',NULL,NULL,'25364569',1,2,1,NULL,2,NULL,2,NULL,2,NULL,2,NULL,NULL,NULL,NULL,NULL,36,NULL,NULL,NULL,NULL,NULL),
	(55,'PRUEBA FINAL FINAL',2,'2019-02-14 00:00:00',28,3,'1','2',NULL,NULL,'25369878',1,4,1,'OTRA NECESIDAD',1,'OTRO PROGRAMA',NULL,NULL,1,'LESIONES LESIONES',1,'CRONICO CRONICO',NULL,'OTRA LIMITACION',NULL,NULL,36,NULL,NULL,NULL,NULL,NULL),
	(56,'VICTIMA1',3,'2019-02-15 00:00:00',24,3,'1','1',NULL,NULL,'2541369',2,4,NULL,NULL,NULL,NULL,NULL,NULL,2,NULL,2,NULL,NULL,NULL,NULL,NULL,43,NULL,NULL,NULL,NULL,NULL),
	(57,'VICTIMA1',3,'2019-02-15 00:00:00',24,3,'1','1',NULL,NULL,'2541369',2,4,NULL,NULL,NULL,NULL,2,NULL,2,NULL,2,NULL,NULL,NULL,NULL,NULL,43,NULL,NULL,NULL,NULL,NULL),
	(58,'VICTIM2',2,'2019-02-14 00:00:00',52,5,'1','1',NULL,NULL,'253698',6,4,2,NULL,2,NULL,NULL,NULL,2,NULL,2,NULL,NULL,NULL,NULL,NULL,43,NULL,NULL,NULL,NULL,NULL),
	(59,NULL,NULL,NULL,NULL,NULL,NULL,NULL,NULL,NULL,NULL,NULL,0,NULL,NULL,NULL,NULL,NULL,NULL,NULL,NULL,NULL,NULL,NULL,NULL,NULL,NULL,43,NULL,NULL,NULL,NULL,NULL),
	(60,'VICTIMA1',1,NULL,20,3,'1','1',NULL,NULL,'253698',4,2,1,NULL,2,NULL,2,NULL,2,NULL,NULL,NULL,NULL,NULL,NULL,NULL,52,NULL,NULL,NULL,NULL,NULL),
	(61,'MARIA MARTA',1,'2019-02-15 00:00:00',28,3,'1','4',NULL,NULL,'2536987',2,3,1,'OTRA NECESIDAD',1,NULL,2,NULL,2,NULL,2,NULL,NULL,NULL,NULL,NULL,54,NULL,NULL,NULL,NULL,NULL),
	(62,'VICTIMA 1',3,'2019-02-15 00:00:00',23,3,'1','3',NULL,NULL,'2365974',5,1,1,NULL,1,NULL,NULL,NULL,2,NULL,2,NULL,NULL,NULL,NULL,NULL,56,NULL,NULL,NULL,NULL,NULL),
	(68,'NECESIDADES',NULL,'2019-02-16 00:00:00',40,4,'1','2',NULL,NULL,'2563598',2,2,1,NULL,2,NULL,2,NULL,2,NULL,2,NULL,NULL,NULL,NULL,NULL,82,NULL,NULL,NULL,NULL,NULL),
	(69,'PRUEBA ATACH NECESIDADES',2,'2019-02-17 00:00:00',45,4,'1','3',NULL,NULL,'253668',4,1,1,NULL,1,NULL,NULL,NULL,2,NULL,2,NULL,NULL,NULL,NULL,NULL,82,NULL,NULL,NULL,NULL,NULL),
	(70,'OTRA PRUEBA ATACH',3,'2019-02-17 00:00:00',45,4,'1','3',NULL,NULL,'2536987',4,1,1,'OTRA NECESIDAD',NULL,NULL,NULL,NULL,2,NULL,2,NULL,NULL,NULL,NULL,NULL,82,NULL,NULL,NULL,NULL,NULL),
	(71,'PRUEBA PROGRAMAS',1,'2019-02-17 00:00:00',45,4,'3','7',NULL,NULL,'25369878',2,1,1,'OTRA NECESIDAD',1,'OTRO PROGRAMA',2,NULL,2,NULL,2,NULL,NULL,NULL,NULL,NULL,82,NULL,NULL,NULL,NULL,NULL),
	(72,'PRUEBA PROGRAMAS',1,'2019-02-17 00:00:00',45,4,'3','7',NULL,NULL,'25369878',2,1,1,'OTRA NECESIDAD',1,'OTRO PROGRAMA',2,NULL,2,NULL,2,NULL,NULL,NULL,NULL,NULL,82,NULL,NULL,NULL,NULL,NULL),
	(73,'PRUEBA PROGRAMAS',1,'2019-02-17 00:00:00',45,4,'3','7',NULL,NULL,'25369878',2,1,1,'OTRA NECESIDAD',1,'OTRO PROGRAMA',2,NULL,2,NULL,2,NULL,NULL,NULL,NULL,NULL,82,NULL,NULL,NULL,NULL,NULL),
	(75,'DISCAPACIDADES',1,'2019-02-17 00:00:00',55,5,'1',NULL,NULL,NULL,'25366958',6,3,1,NULL,1,NULL,2,NULL,2,NULL,2,NULL,NULL,NULL,NULL,NULL,82,NULL,NULL,NULL,NULL,NULL),
	(76,'LIMITACIONES',2,'2019-02-17 00:00:00',56,5,'1',NULL,NULL,NULL,'254369',4,1,1,NULL,1,NULL,NULL,NULL,1,'LESIONES',1,'CRONICAS',NULL,NULL,NULL,NULL,82,NULL,NULL,NULL,NULL,NULL),
	(77,'ALDANA MARTINEZ',2,'2019-02-05 00:00:00',23,3,'5','2',NULL,NULL,'2636354',6,1,2,NULL,2,NULL,NULL,NULL,2,NULL,2,NULL,NULL,NULL,NULL,NULL,97,NULL,NULL,NULL,NULL,NULL),
	(78,'ALDANA MARTINEZ',2,'2019-02-05 00:00:00',23,3,'5','2',NULL,NULL,'2636354',6,1,2,NULL,2,NULL,2,NULL,2,NULL,2,NULL,NULL,NULL,NULL,NULL,97,NULL,NULL,NULL,NULL,NULL),
	(79,'PAULA MORALES',1,'2019-02-16 00:00:00',23,3,'1','1',NULL,NULL,'2636354',1,1,1,NULL,2,NULL,1,NULL,1,'1111',2,NULL,NULL,NULL,NULL,NULL,97,NULL,NULL,NULL,NULL,NULL),
	(80,'TERESA MAY',3,'2019-02-19 00:00:00',23,3,'1','1',NULL,NULL,'234567',2,1,2,NULL,2,NULL,NULL,NULL,2,NULL,2,NULL,NULL,NULL,NULL,NULL,97,NULL,NULL,NULL,NULL,NULL),
	(81,'TERESA MAY',3,'2019-02-19 00:00:00',23,3,'1','1',NULL,NULL,'234567',2,1,2,NULL,2,NULL,2,NULL,2,NULL,2,NULL,NULL,NULL,NULL,NULL,97,NULL,NULL,NULL,NULL,NULL),
	(82,'ROMINA TIRES',3,'2019-02-19 00:00:00',23,3,'1','1',NULL,NULL,'234567',2,1,2,NULL,2,NULL,2,NULL,2,NULL,2,NULL,NULL,NULL,NULL,NULL,97,NULL,NULL,NULL,NULL,NULL),
	(83,'JOSEFINA PEREZ',3,'2019-02-13 00:00:00',34,4,'1','1',NULL,NULL,'234567',2,1,2,NULL,2,NULL,NULL,NULL,2,NULL,2,NULL,NULL,NULL,NULL,NULL,97,NULL,NULL,NULL,NULL,NULL),
	(84,'ROMINA PERALTA',3,'2019-02-20 00:00:00',23,3,'1','2',NULL,NULL,'2636354',2,2,2,NULL,2,NULL,NULL,NULL,2,NULL,2,NULL,NULL,NULL,NULL,NULL,98,NULL,NULL,NULL,NULL,NULL),
	(85,'PAMELA PEREZ',3,'2019-02-15 00:00:00',34,4,'1','3',NULL,NULL,'2636354',3,3,2,NULL,1,NULL,2,NULL,2,NULL,2,NULL,NULL,NULL,NULL,NULL,99,NULL,NULL,NULL,NULL,NULL),
	(86,'TERESA MAY',2,'2019-02-22 00:00:00',34,4,'1','1',NULL,NULL,'234567',2,2,1,NULL,1,NULL,2,NULL,2,NULL,2,NULL,NULL,NULL,NULL,NULL,99,NULL,NULL,NULL,NULL,NULL),
	(87,'SUERTUDA LOPEZ',3,'2019-02-13 00:00:00',34,4,'1','2',NULL,NULL,'234567',2,1,1,NULL,1,NULL,NULL,NULL,2,NULL,2,NULL,NULL,NULL,NULL,NULL,100,NULL,NULL,NULL,NULL,NULL),
	(88,'ROBERTA SUERTUDA',3,'2019-02-22 00:00:00',23,3,'1','1',NULL,NULL,'30000000',1,2,1,NULL,1,NULL,NULL,NULL,1,'NOSE',2,NULL,NULL,NULL,NULL,NULL,100,NULL,NULL,NULL,NULL,NULL),
	(89,'MARIA JOSEFE',3,'2019-02-19 00:00:00',32,4,'1','1',NULL,NULL,'2636354',2,1,1,NULL,1,NULL,2,NULL,2,NULL,1,'dolor',NULL,NULL,NULL,NULL,102,NULL,NULL,NULL,NULL,NULL),
	(90,'ANABELLA',1,'2019-02-15 00:00:00',34,4,'5','1',NULL,NULL,'29876555',2,2,2,NULL,1,NULL,1,2,2,NULL,1,'PRUEBA FINAL',1,'PRUEBA FINAL',NULL,NULL,107,NULL,NULL,NULL,NULL,NULL),
	(91,'ROMINA TIRES',4,'2019-02-11',23,3,'1','1',NULL,NULL,'29876555',2,3,1,'PRUEBA FINAL',2,NULL,2,1,1,'NOSE',2,NULL,1,NULL,NULL,NULL,108,NULL,NULL,NULL,NULL,NULL),
	(92,'PRUEBA FINAL',4,'2019-02-11',23,3,'1','1',NULL,NULL,'29876555',2,3,1,'PRUEBA FINAL',2,NULL,2,1,1,'LESION',2,NULL,2,NULL,NULL,NULL,108,NULL,NULL,NULL,NULL,NULL),
	(93,'VICTIMA FINAL',2,'1900-01-01',45,4,'1','1',NULL,NULL,'29876555',3,2,1,'PRUEBA FINAL',1,'PRUEBA FINAL',2,1,1,'PRUEBA FINAL',1,'PRUEBA FINAL',1,NULL,NULL,NULL,109,NULL,NULL,NULL,NULL,NULL),
	(94,'NORMA RODRIGUEZ',2,'1900-01-01',0,7,'1','1',NULL,NULL,'2636354',3,3,1,'PRUEBA FINAL',2,NULL,2,2,2,NULL,1,'dolor',1,NULL,NULL,NULL,114,NULL,NULL,NULL,NULL,NULL),
	(95,'LEONARDA',1,'2019-02-13',34,4,'1','3',NULL,NULL,'29876555',4,2,1,'PRUEBA FINAL',1,'PRUEBA FINAL',1,1,1,'PRUEBA FINAL',1,'PRUEBA FINAL',1,'PRUEBA FINAL',NULL,NULL,119,NULL,NULL,NULL,NULL,NULL),
	(96,'FABIANA ROSALES MONTES',1,'1900-01-01',0,7,'1','6',NULL,2,'29876555',3,3,1,NULL,1,NULL,1,1,1,'LESION',1,'PRUEBA FINAL',1,NULL,NULL,NULL,123,NULL,NULL,NULL,NULL,NULL),
	(97,'NORMA RODRIGUEZ',3,'2019-02-13',45,4,'3','2',NULL,NULL,'2900000000',4,5,1,'carencia',1,NULL,2,2,2,NULL,2,NULL,2,NULL,NULL,NULL,123,NULL,NULL,NULL,NULL,NULL),
	(98,'VALERIA TORCUATO',1,'1900-01-01',32,4,'1','1',NULL,NULL,'2900000000',6,4,1,NULL,1,NULL,1,1,1,'MORETONES',1,'RESFRIOS VARIOS',1,NULL,NULL,NULL,124,NULL,NULL,NULL,NULL,NULL),
	(99,'GABRIEL MARTINEZ',3,'1900-01-01',47,4,'5','2',NULL,NULL,'2636354',4,2,1,NULL,1,NULL,2,1,1,'NOSE',1,'dolor',2,NULL,NULL,NULL,124,NULL,NULL,NULL,NULL,NULL),
	(100,'FEDERICO GOMEZ',3,'2019-03-27',34,4,'1','2',NULL,NULL,'2900000000',2,2,2,NULL,1,NULL,2,2,2,NULL,2,NULL,2,NULL,NULL,NULL,126,NULL,NULL,NULL,NULL,NULL),
	(101,'VILMA LOPEZ',1,'1900-01-01',29,3,'1','1',NULL,NULL,'2636354',2,2,2,NULL,1,NULL,2,1,2,NULL,1,'RESFRIOS VARIOS',2,NULL,NULL,NULL,127,NULL,NULL,NULL,NULL,NULL),
	(102,'JOSEFINA MENDEZ',1,'1900-01-01',45,4,'5','3',NULL,NULL,'29876555',3,3,1,NULL,2,NULL,2,1,2,NULL,1,'dolor',2,NULL,NULL,NULL,127,NULL,NULL,NULL,NULL,NULL),
	(103,'ROBERTO LUIS',3,'1970-04-23',49,4,'1','1',NULL,NULL,'18394394',1,1,1,'carencia',1,'PRUEBA FINAL',2,1,1,'BRAZO QUEBRADO',1,'INFLAMACIONES CRONICAS',2,NULL,NULL,NULL,128,NULL,NULL,NULL,NULL,NULL),
	(104,'GABRIELA SAENZ PEREZ',2,'1900-01-01',0,7,'6','8',NULL,NULL,'Se desconoce',4,2,1,'Asistencia',1,'SUBSIDIO MUNICIPAL',2,1,1,'LESION',1,'INFLAMACIONES CRONICAS',1,'NO ESCUCHA BIEN',NULL,NULL,128,NULL,NULL,NULL,NULL,NULL),
	(105,'PEDRO BARCO',3,'1900-01-01',39,4,'5','6',NULL,1,'Se desconoce',3,1,1,'Asistencia',1,NULL,2,1,2,NULL,2,NULL,1,'ACV',NULL,NULL,129,NULL,NULL,NULL,NULL,NULL),
	(106,'JAZMIN WILDE',1,'1900-01-01',26,3,'1','6',NULL,2,'Se desconoce',4,2,1,'carencia',1,NULL,1,1,2,NULL,2,NULL,1,NULL,NULL,NULL,129,NULL,NULL,NULL,NULL,NULL),
	(107,'HILARIO GOMEZ',3,'1900-01-01',0,7,'1','2',NULL,NULL,'Se desconoce',1,1,1,'carencia',1,'SUBSIDIO MUNICIPAL',2,1,1,'PRUEBA FINAL',1,'PRUEBA FINAL',1,'NO ESCUCHA BIEN',NULL,NULL,131,NULL,NULL,NULL,NULL,NULL),
	(108,'FERNANDA CALVO',1,'1900-01-01',0,7,'3','7',NULL,NULL,'No posee',1,2,1,'carencia',1,'SUBSIDIO MUNICIPAL',1,1,1,'PRUEBA FINAL',1,'dolor',1,'ACV',NULL,NULL,131,NULL,NULL,NULL,NULL,NULL),
	(109,'PAULA TORRES',2,'1900-01-01',0,7,'5','6',NULL,2,'Se desconoce',3,3,1,'carencia',1,'SUBSIDIO MUNICIPAL',1,1,2,NULL,2,NULL,1,'NO ESCUCHA BIEN',NULL,NULL,131,NULL,NULL,NULL,NULL,NULL),
	(110,'PRUEBA FINAL PROBANDO CARGA',1,'1900-01-01',0,7,'6','8',NULL,NULL,'Se desconoce',8,3,1,'carencia',1,'PRUEBA FINAL',1,1,1,'PRUEBA FINAL',1,'INFLAMACIONES CRONICAS',1,NULL,NULL,NULL,133,NULL,NULL,NULL,NULL,NULL),
	(111,'ANABELLA',1,'2019-03-05',32,4,'1','1',NULL,NULL,'12563372',1,3,1,'Asistencia',1,'PRUEBA FINAL',2,1,2,NULL,1,'PRUEBA FINAL',2,NULL,NULL,NULL,134,NULL,NULL,NULL,NULL,NULL),
	(112,'NORMA RODRIGUEZ',2,'1900-01-01',0,7,'3','7',NULL,NULL,'No posee',2,3,2,NULL,2,NULL,NULL,NULL,2,NULL,2,NULL,NULL,NULL,NULL,NULL,138,NULL,NULL,NULL,NULL,NULL),
	(113,'FERNANDA PAEZ',1,'1900-01-01',0,7,'1','1',NULL,NULL,'2900000000',2,3,1,NULL,1,NULL,1,NULL,1,'NOSE',1,'PRUEBA FINAL',NULL,NULL,NULL,NULL,139,NULL,NULL,NULL,NULL,NULL),
	(114,'JOSE MARIA BELESTES',3,'1900-01-01',0,7,'3','7',NULL,NULL,'No posee',3,3,3,NULL,2,NULL,NULL,NULL,2,NULL,2,NULL,NULL,NULL,NULL,NULL,139,NULL,NULL,NULL,NULL,NULL),
	(115,'ANABELLA PEREZ',1,'1900-01-01',0,7,'1','4',NULL,NULL,'234567',6,2,1,NULL,2,NULL,2,2,1,'NOSE',2,NULL,NULL,NULL,NULL,NULL,139,NULL,NULL,NULL,NULL,NULL),
	(116,'FEDERICO GOMEZ',3,'1900-01-01',0,7,'3','7',NULL,NULL,'No posee',3,2,2,NULL,2,NULL,2,2,2,NULL,2,NULL,2,NULL,NULL,NULL,139,NULL,NULL,NULL,NULL,NULL),
	(117,'JOSECITO MARTINEZ',3,'2019-03-04',99,6,'1','2',NULL,NULL,'83U3EU83',1,1,1,NULL,1,NULL,2,2,2,NULL,2,NULL,1,NULL,NULL,NULL,139,NULL,NULL,NULL,NULL,NULL),
	(118,'ROSANA PEREIRA',1,'1990-01-01',28,3,'1','6',NULL,2,'2627262',4,4,1,'Asistencia',1,'SUBSIDIO MUNICIPAL',1,1,1,'LESION ABDOMINAL',1,'INFLAMACIONES CRONICAS',1,'ACV',NULL,NULL,141,NULL,NULL,NULL,NULL,NULL),
	(119,'DARIO LORCA',3,'1900-01-01',0,7,'1','9','CERTIFICADO DE NACIMIENTO',NULL,'29876555',3,3,1,'FAMILIA',1,'SUBSIDIO MUNICIPAL',2,1,2,NULL,2,NULL,1,NULL,NULL,NULL,141,NULL,NULL,NULL,NULL,NULL),
	(120,'NORMA DIEZ',1,'1900-01-01',0,7,'1','3',NULL,NULL,'34321123',4,2,1,'carencia',1,'SUBSIDIO MUNICIPAL',1,1,1,'LESION ABDOMINAL',1,'INFLAMACIONES CRONICAS',1,NULL,NULL,NULL,142,NULL,'2019-03-10 11:55:42',NULL,'2019-03-10 11:55:42',NULL),
	(121,'ESMERALDA GOMEZ',1,'1984-02-02',35,4,'1','1',NULL,NULL,'30303040',4,3,1,'carencia',2,NULL,1,2,2,NULL,2,NULL,2,NULL,NULL,NULL,143,4,'2019-03-10 12:38:46',NULL,'2019-03-10 12:38:46',NULL),
	(122,'RAMIRO GIMENEZ',3,'1900-01-01',0,7,'1','1',NULL,NULL,'Se desconoce',3,2,2,NULL,2,NULL,NULL,2,2,NULL,2,NULL,2,NULL,NULL,NULL,143,4,'2019-03-10 12:40:34',NULL,'2019-03-10 12:40:34',NULL),
	(123,'DOMINGO ROMERO',3,'1980-12-12',32,4,'3','7',NULL,NULL,'No posee',2,2,2,NULL,2,NULL,NULL,2,2,NULL,2,NULL,2,NULL,NULL,NULL,144,NULL,'2019-03-10 14:56:04',NULL,'2019-03-10 14:56:04',NULL),
	(124,'ROBERTA LOPEZ',1,'1960-12-12',59,5,'1','2',NULL,NULL,'12719371',2,1,2,NULL,2,NULL,1,1,2,NULL,1,'PRUEBA FINAL',2,NULL,NULL,NULL,144,NULL,'2019-03-10 14:57:39',NULL,'2019-03-10 14:57:39',NULL),
	(125,'JOSEFA RODRIGUEZ',4,'1976-12-12',0,7,'1','2',NULL,NULL,'30000000',6,2,2,NULL,2,NULL,2,2,2,NULL,2,NULL,2,NULL,NULL,NULL,145,5,'2019-03-10 15:10:03',NULL,'2019-03-10 15:10:03',NULL),
	(126,'JOSE ROMERO',3,'1900-01-01',99,6,'3','7',NULL,NULL,'No posee',1,4,2,NULL,1,NULL,NULL,1,2,NULL,2,NULL,2,NULL,NULL,NULL,146,5,'2019-03-10 18:43:29',NULL,'2019-03-10 18:43:29',NULL),
	(127,'GABRIELA VERA',1,'1900-01-01',0,7,'3','7',NULL,NULL,'No posee',3,1,2,NULL,2,NULL,1,2,2,NULL,2,NULL,2,NULL,NULL,NULL,147,5,'2019-03-10 23:47:24',NULL,'2019-03-10 23:47:24',NULL),
	(128,'ROMINA LOPEZ',1,'1980-12-12',28,3,'3','7',NULL,NULL,'No posee',3,2,2,NULL,2,NULL,2,2,2,NULL,2,NULL,2,NULL,NULL,NULL,148,5,'2019-03-11 10:54:22',NULL,'2019-03-11 10:54:22',NULL),
	(129,'HILARIO PEREZ',3,'1980-12-12',34,4,'1','1',NULL,NULL,'129282938',5,3,1,NULL,1,NULL,NULL,1,1,'LESION',1,'INFLAMACIONES CRONICAS',2,NULL,NULL,NULL,148,5,'2019-03-11 10:55:37',NULL,'2019-03-11 10:55:37',NULL),
	(130,'FACUNDO FERNANDEZ',3,'1979-03-12',45,4,'1','3',NULL,NULL,'1278391',1,4,1,'Asistencia',1,'SUBSIDIO MUNICIPAL',NULL,1,2,NULL,2,NULL,2,NULL,NULL,NULL,149,5,'2019-03-11 19:10:19',NULL,'2019-03-11 19:10:19',NULL),
	(131,'MARA VERARDI',1,'1990-03-12',32,4,'5','1',NULL,NULL,'1283913801',5,2,1,NULL,1,NULL,1,1,1,'LESION ABDOMINAL',1,'INFLAMACIONES CRONICAS',1,NULL,NULL,NULL,149,5,'2019-03-11 19:11:34',NULL,'2019-03-11 19:11:34',NULL),
	(132,'ELIDA BENITEZ editada',1,'1900-01-01',0,7,'1','2',NULL,NULL,'121212134',1,1,1,NULL,2,NULL,NULL,1,1,NULL,1,NULL,1,NULL,NULL,NULL,150,7,'2019-03-12 12:40:32',NULL,'2019-03-12 17:18:25',NULL),
	(133,'CAROLINA FERNANDEZ',1,'1990-12-12',45,4,'1','2',NULL,NULL,'234567',4,2,1,'Asistencia',2,NULL,2,2,1,'PRUEBA FINAL',2,NULL,2,NULL,NULL,NULL,151,6,'2019-03-12 15:14:31',NULL,'2019-03-12 15:14:31',NULL),
	(134,'FERNANDO GONZALES',3,'1900-01-01',18,2,'1','6',NULL,1,'29876555',2,2,1,'carencia',1,'SUBSIDIO MUNICIPAL',NULL,1,2,NULL,2,NULL,1,NULL,NULL,NULL,152,6,'2019-03-12 18:43:28',NULL,'2019-03-12 18:43:28',NULL),
	(135,'SABRINA MARTINEZ',1,'1999-12-12',0,2,'1','8',NULL,NULL,'Se desconoce',5,3,1,'Asistencia',1,'SUBSIDIO MUNICIPAL',2,1,1,'LESION ABDOMINAL',1,'INFLAMACIONES CRONICAS',1,'NO ESCUCHA BIEN',NULL,NULL,153,6,'2019-03-17 15:05:04',NULL,'2019-03-17 15:05:04',NULL),
	(136,'ANABELLA TORRE',3,'1900-01-01',32,4,'1','1',NULL,NULL,'30000000',2,1,2,NULL,2,NULL,NULL,2,2,NULL,2,NULL,2,NULL,NULL,NULL,154,6,'2019-03-18 23:13:38',NULL,'2019-03-18 23:13:38',NULL),
	(137,'FERNANDA GOMEZ',3,'1900-01-01',0,7,'3','7',NULL,NULL,'No posee',3,2,2,NULL,2,NULL,NULL,2,2,NULL,2,NULL,2,NULL,NULL,NULL,155,6,'2019-03-18 23:22:02',NULL,'2019-03-18 23:22:02',NULL),
	(138,'GABRIEL FERNANDEZ',3,'1900-01-01',0,7,'1','2',NULL,NULL,'12212122',7,2,2,NULL,2,NULL,NULL,2,2,NULL,2,NULL,2,NULL,NULL,NULL,156,6,'2019-03-18 23:32:59',NULL,'2019-03-18 23:32:59',NULL),
	(139,'Se desconoce',1,'1999-12-12',45,4,'3','7',NULL,NULL,'No posee',1,1,1,NULL,2,NULL,2,2,3,NULL,2,NULL,2,NULL,NULL,NULL,156,6,'2019-03-18 23:44:16',NULL,'2019-03-18 23:44:16',NULL),
	(140,'Se desconoce',1,'1900-01-01',0,7,'3','7',NULL,NULL,'No posee',3,3,2,NULL,2,NULL,1,1,2,NULL,1,'RESFRIOS VARIOS',2,NULL,NULL,NULL,157,6,'2019-03-19 00:16:54',NULL,'2019-03-19 00:16:54',NULL),
	(141,'NORMA RODRIGUEZ',1,'1900-01-01',0,7,'3','7',NULL,NULL,'No posee',2,2,1,NULL,2,NULL,2,2,2,NULL,2,NULL,2,NULL,NULL,NULL,158,NULL,'2019-03-20 15:40:31',NULL,'2019-03-20 15:40:31',NULL),
	(142,'NORMA RODRIGUEZ',3,'1999-12-12',99,6,'3','7',NULL,NULL,'No posee',2,1,2,NULL,2,NULL,NULL,2,2,NULL,2,NULL,2,NULL,NULL,NULL,159,NULL,'2019-03-21 12:30:33',NULL,'2019-03-21 12:30:33',NULL),
	(143,'Se desconoce',1,'1900-01-01',0,7,'3','7',NULL,NULL,'No posee',3,3,2,NULL,2,NULL,2,2,2,NULL,2,NULL,2,NULL,NULL,NULL,162,1,'2019-03-21 14:56:48',NULL,'2019-03-21 14:56:48',NULL),
	(144,'NORMA RODRIGUEZ',1,'1999-12-12',45,4,'3','7',NULL,NULL,'No posee',2,3,2,NULL,2,NULL,2,2,2,NULL,2,NULL,2,NULL,NULL,NULL,163,1,'2019-03-21 15:11:09',NULL,'2019-03-21 15:11:09',NULL),
	(145,'NORMA RODRIGUEZ',1,'1900-01-01',45,4,'1','1',NULL,NULL,'234567',1,2,1,NULL,2,NULL,1,1,1,'LESION ABDOMINAL',2,NULL,2,NULL,NULL,NULL,167,1,'2019-03-28 20:46:15',NULL,'2019-03-28 20:46:15',NULL),
	(146,'PRUEBA FINAL',3,'1999-12-12',0,1,'3','7',NULL,NULL,'No posee',2,2,2,NULL,2,NULL,NULL,2,2,NULL,3,NULL,2,NULL,NULL,NULL,170,1,'2019-04-03 19:09:32',NULL,'2019-04-03 19:09:32',NULL),
	(147,'PRUEBA FINAL',2,'1900-01-01',23,3,'3','7',NULL,NULL,'No posee',2,3,2,NULL,2,NULL,NULL,2,2,NULL,2,NULL,2,NULL,NULL,NULL,173,1,'2019-04-05 21:45:56',NULL,'2019-04-05 21:45:56',NULL),
	(148,'PABLO RODRIGUEZ',3,'1900-01-01',45,2,'1','3',NULL,NULL,'234567',2,3,1,'PRUEBA FINAL',2,NULL,NULL,2,1,'LESION ABDOMINAL',2,NULL,1,'PRUEBA FINAL',NULL,NULL,178,1,'2019-04-06 21:24:52',NULL,'2019-04-06 21:24:52',NULL),
	(149,'ROMINA TIRES',1,'2009-12-12',12,2,'1','6',NULL,1,'234567',6,1,1,'PRUEBA FINAL',1,'SUBSIDIO MUNICIPAL',1,1,1,'LESION ABDOMINAL',1,'RESFRIOS VARIOS',1,'PRUEBA FINAL',NULL,NULL,179,1,'2019-04-06 22:09:19',NULL,'2019-04-06 22:09:19',NULL),
	(150,'CASO CASO',2,'2008-12-12',32,3,'5','2',NULL,NULL,NULL,4,2,1,'Asistencia',1,'SUBSIDIO MUNICIPAL',NULL,1,1,'LESION ABDOMINAL',1,'INFLAMACIONES CRONICAS',1,NULL,NULL,NULL,179,1,'2019-04-06 22:55:04',NULL,'2019-04-06 22:55:04',NULL),
	(151,'WALDEMAR MORENO',3,'1900-01-01',45,4,'1','2',NULL,NULL,'30000000',1,2,2,NULL,1,NULL,NULL,1,1,'PRUEBA FINAL',1,'RESFRIOS VARIOS',1,'NO ESCUCHA BIEN',NULL,NULL,181,1,'2019-04-07 13:37:43',NULL,'2019-04-07 13:37:43',NULL),
	(152,'NORMA RODRIGUEZ',1,'1900-01-01',45,4,'5','1',NULL,NULL,'2636354',2,3,1,'PRUEBA FINAL',1,'SUBSIDIO MUNICIPAL',1,1,1,'LESION ABDOMINAL',1,'RESFRIOS VARIOS',1,'PRUEBA FINAL',NULL,NULL,182,1,'2019-04-07 15:31:38',NULL,'2019-04-07 15:31:38',NULL),
	(153,'Se desconoce',1,'1900-01-01',45,4,'1','2',NULL,NULL,'0',4,3,2,NULL,2,NULL,2,2,2,NULL,2,NULL,2,NULL,NULL,NULL,184,1,'2019-04-07 18:52:09',NULL,'2019-04-07 18:52:09',NULL),
	(154,'Ludmila Lopez',1,'1900-01-01',23,3,'1','1',NULL,NULL,'0',2,2,2,NULL,2,NULL,2,3,1,'LESION ABDOMINAL',1,'PRUEBA FINAL',1,NULL,NULL,NULL,186,1,'2019-04-12 12:09:29',NULL,'2019-04-12 12:09:29',NULL),
	(155,'NORMA RODRIGUEZ',1,'1900-01-01',0,7,'3','0',NULL,NULL,NULL,4,4,1,NULL,2,NULL,2,1,1,'1111',1,'RESFRIOS VARIOS',2,NULL,NULL,NULL,186,1,'2019-04-12 12:12:58',NULL,'2019-04-12 12:12:58',NULL),
	(156,'Se desconoce',1,'1900-01-01',0,7,'1','1',NULL,NULL,'0',1,1,1,NULL,2,NULL,2,2,2,NULL,2,NULL,2,NULL,NULL,NULL,187,1,'2019-04-12 12:30:58',NULL,'2019-04-12 12:30:58',NULL),
	(157,'Se desconoce',1,'1900-01-01',52,5,'1','1',NULL,NULL,'0',3,1,1,'PRUEBA FINAL',1,'SUBSIDIO MUNICIPAL',1,1,1,'PRUEBA FINAL',2,NULL,1,NULL,NULL,NULL,190,1,'2019-04-12 14:40:29',NULL,'2019-04-12 14:40:29',NULL),
	(158,'Ludmila Lopez',2,'1999-12-12',45,4,'1','3',NULL,NULL,'0',1,3,1,'Asistencia',2,NULL,NULL,2,2,NULL,2,NULL,2,NULL,1,NULL,191,1,'2019-04-12 17:03:02',NULL,'2019-04-12 17:03:02',NULL),
	(159,'Se desconoce',1,'1900-01-01',0,7,'3','0',NULL,NULL,NULL,2,3,2,NULL,2,NULL,2,2,2,NULL,2,NULL,2,NULL,1,1,191,1,'2019-04-12 17:23:07',NULL,'2019-04-12 17:23:07',NULL),
	(160,'Se desconoce',1,'1900-01-01',0,7,'3','0',NULL,NULL,NULL,2,3,2,NULL,2,NULL,2,2,2,NULL,2,NULL,2,NULL,1,2,191,1,'2019-04-12 17:23:38',NULL,'2019-04-12 17:23:38',NULL),
	(161,'IRMA JOSEFA',1,'1900-01-01',0,7,'1','3',NULL,NULL,'29876555',1,2,2,NULL,1,NULL,1,1,1,'LESION',1,'dolor',1,NULL,1,1,191,1,'2019-04-12 18:30:51',NULL,'2019-04-12 18:30:51',NULL),
	(162,'PAULA MORALES',1,'1900-01-01',0,4,'1','1',NULL,NULL,'234567',3,2,1,NULL,2,NULL,1,1,2,NULL,2,NULL,2,NULL,1,1,191,1,'2019-04-12 19:40:57',NULL,'2019-04-12 19:40:57',NULL),
	(163,'ANA MARIA VICTIMA 1',1,'1900-01-01',32,4,'3','0',NULL,NULL,NULL,2,4,2,NULL,2,NULL,2,2,2,NULL,2,NULL,2,NULL,2,1,192,1,'2019-04-12 20:30:52',NULL,'2019-04-12 20:30:52',NULL),
	(164,'VICTIMA 1 CASO NUEVO',3,'1900-01-01',0,7,'3','0',NULL,NULL,NULL,4,3,2,NULL,2,NULL,NULL,2,2,NULL,2,NULL,2,NULL,1,1,193,1,'2019-04-12 20:39:49',NULL,'2019-04-12 20:39:49',NULL),
	(165,'VICTIMA 2 CASO NUEVO',3,'1900-01-01',0,7,'3','0',NULL,NULL,NULL,5,3,2,NULL,2,NULL,NULL,2,2,NULL,2,NULL,2,NULL,1,1,193,1,'2019-04-12 20:53:14',NULL,'2019-04-12 20:53:14',NULL),
	(166,'victima 3 caso nuevo',4,'1900-01-01',0,7,'3','0',NULL,NULL,NULL,2,1,1,NULL,2,NULL,2,2,2,NULL,2,NULL,2,NULL,2,1,193,1,'2019-04-12 21:22:13',NULL,'2019-04-12 21:22:13',NULL),
	(167,'Se desconoce',3,'1900-01-01',0,7,'5','3',NULL,NULL,'0',2,2,3,NULL,2,NULL,NULL,2,2,NULL,3,NULL,2,NULL,2,2,194,1,'2019-04-15 18:59:42',NULL,'2019-04-15 18:59:42',NULL),
	(168,'Se desconoce',3,'1900-01-01',0,7,'5','3',NULL,NULL,'0',2,2,3,NULL,2,NULL,NULL,2,2,NULL,3,NULL,2,NULL,2,1,194,1,'2019-04-15 19:00:03',NULL,'2019-04-15 19:00:03',NULL),
	(169,'victima 1',3,'1900-01-01',45,4,'3','0',NULL,NULL,NULL,3,2,2,NULL,2,NULL,NULL,2,2,NULL,2,NULL,2,NULL,1,1,195,1,'2019-04-16 02:31:23',NULL,'2019-04-16 02:31:23',NULL),
	(170,'prueba 2',2,'1900-01-01',0,7,'3','0',NULL,NULL,NULL,2,2,2,NULL,1,NULL,NULL,2,2,NULL,2,NULL,2,NULL,2,1,196,1,'2019-04-16 11:17:16',NULL,'2019-04-16 11:17:16',NULL),
	(171,'VICTIMA 1 PROBANDO',1,'1900-01-01',32,4,'1','1',NULL,NULL,'29876555',1,1,1,NULL,2,NULL,2,2,2,NULL,2,NULL,2,NULL,2,1,197,1,'2019-04-16 18:30:08',NULL,'2019-04-16 18:30:08',NULL),
	(172,'VICTIMA 2 PROBANDO',1,'1900-01-01',99,6,'3','0',NULL,NULL,NULL,3,4,2,NULL,2,NULL,2,2,2,NULL,3,NULL,2,NULL,1,1,197,1,'2019-04-16 18:33:20',NULL,'2019-04-16 18:33:20',NULL),
	(173,'ROMINA TIRES',1,'1999-12-12',32,4,'3','0',NULL,NULL,NULL,2,1,2,NULL,2,NULL,2,2,2,NULL,2,NULL,2,NULL,2,1,198,1,'2019-04-17 19:23:37',NULL,'2019-04-17 19:23:37',NULL),
	(174,'Ludmila Lopez',1,'1999-12-12',0,7,'3','0',NULL,NULL,NULL,2,3,2,NULL,2,NULL,2,2,2,NULL,2,NULL,2,NULL,1,1,199,1,'2019-04-17 19:49:18',NULL,'2019-04-17 19:49:18',NULL),
	(175,'pedro juarez',3,'1900-01-01',12,2,'1','2',NULL,NULL,'222222',3,1,2,NULL,2,NULL,NULL,2,2,NULL,2,NULL,2,NULL,1,1,199,1,'2019-04-17 19:58:53',NULL,'2019-04-17 19:58:53',NULL),
	(176,'Ricardo Alberto Agopian',3,'1983-07-08',34,4,'1','1',NULL,NULL,'30675463',5,1,1,NULL,1,NULL,NULL,3,1,'corte arma blanca',3,NULL,1,'problemas cognitivos',1,2,200,1,'2019-04-17 20:40:29',NULL,'2019-04-17 20:40:29',NULL),
	(177,'VICTIMA 1 A',2,'1999-12-12',0,7,'3','0',NULL,NULL,NULL,2,3,2,NULL,2,NULL,NULL,2,2,NULL,2,NULL,2,NULL,1,1,201,1,'2019-04-17 20:55:15',NULL,'2019-04-17 20:55:15',NULL),
	(178,'VICTIMA 2 A',1,'1900-01-01',12,4,'5','2',NULL,NULL,'2636354',2,4,2,NULL,2,NULL,2,2,2,NULL,2,NULL,2,NULL,2,1,201,1,'2019-04-17 21:16:54',NULL,'2019-04-17 21:16:54',NULL),
	(179,'Se desconoce',3,'1999-12-12',32,4,'3','0',NULL,NULL,NULL,4,2,2,NULL,2,NULL,NULL,2,2,NULL,2,NULL,2,NULL,1,1,202,1,'2019-04-17 22:24:09',NULL,'2019-04-17 22:24:09',NULL),
	(180,'victima 2',2,'1900-01-01',45,4,'3','0',NULL,NULL,NULL,4,3,2,NULL,2,NULL,NULL,2,2,NULL,2,NULL,2,NULL,1,1,202,1,'2019-04-17 23:08:00',NULL,'2019-04-17 23:08:00',NULL),
	(181,'vm1',1,'1900-01-01',0,3,'3','0',NULL,NULL,NULL,3,3,2,NULL,2,NULL,2,2,2,NULL,1,'INFLAMACIONES CRONICAS',2,NULL,1,1,203,1,'2019-04-21 17:34:57',NULL,'2019-04-21 17:34:57',NULL),
	(182,'vm2',1,'1900-01-01',0,7,'5','3',NULL,NULL,'2900000000',3,3,2,NULL,2,NULL,2,3,3,NULL,2,NULL,2,NULL,1,1,203,1,'2019-04-21 17:38:08',NULL,'2019-04-21 17:38:08',NULL),
	(183,'VICTIMA 1 PRUEBA PRUEBA',1,'1999-12-12',34,4,'3','0',NULL,NULL,NULL,2,2,2,NULL,2,NULL,2,2,2,NULL,2,NULL,2,NULL,1,1,206,1,'2019-04-21 18:57:12',NULL,'2019-04-21 18:57:12',NULL),
	(184,'VICTIMA 2 PRUEBA PRUEBA',1,'1900-01-01',0,7,'3','0',NULL,NULL,NULL,3,3,3,NULL,2,NULL,2,2,2,NULL,2,NULL,2,NULL,2,1,206,1,'2019-04-21 18:59:01',NULL,'2019-04-21 18:59:01',NULL),
	(185,'VICTIMA 3 PRUEBA PRUEBA',1,'1900-01-01',0,3,'1','4',NULL,NULL,'2636354',6,3,2,NULL,2,NULL,2,2,2,NULL,2,NULL,3,NULL,2,2,206,1,'2019-04-21 19:09:20',NULL,'2019-04-21 19:09:20',NULL),
	(186,'VICTIMA 4 PRUEBA PRUEBA',1,'1900-01-01',0,3,'1','4',NULL,NULL,'2636354',6,3,2,NULL,2,NULL,2,2,2,NULL,2,NULL,3,NULL,2,1,206,1,'2019-04-21 19:09:46',NULL,'2019-04-21 19:09:46',NULL),
	(187,'VICTIMA 1 PRUEBA FINAL',3,'1999-12-12',32,4,'3','0',NULL,NULL,NULL,1,1,2,NULL,2,NULL,NULL,2,2,NULL,2,NULL,2,NULL,2,1,207,1,'2019-04-21 22:07:23',NULL,'2019-04-21 22:07:23',NULL),
	(188,'VICTIMA 2 PRUEBA FINAL',3,'1999-12-12',23,3,'5','3',NULL,NULL,'30000000',1,2,2,NULL,2,NULL,NULL,2,2,NULL,2,NULL,2,NULL,1,1,207,1,'2019-04-21 22:09:59',NULL,'2019-04-21 22:09:59',NULL),
	(189,'IGOR DEMETRIO',3,'1900-01-01',38,4,'6','0',NULL,NULL,NULL,3,2,2,NULL,2,NULL,NULL,2,2,NULL,2,NULL,2,NULL,2,1,209,1,'2019-04-22 14:55:57',NULL,'2019-04-22 14:55:57',NULL),
	(190,'ANABELLA',1,'1900-01-01',45,4,'1','6',NULL,1,'2636354',3,3,1,NULL,2,NULL,1,1,1,'LESION',2,NULL,1,NULL,1,1,210,1,'2019-04-22 18:13:08',NULL,'2019-04-22 18:13:08',NULL),
	(191,'FLORENCIA',2,'1900-01-01',34,4,'3','0',NULL,NULL,NULL,4,3,2,NULL,2,NULL,NULL,2,2,NULL,2,NULL,2,NULL,1,1,210,1,'2019-04-22 19:39:56',NULL,'2019-04-22 19:39:56',NULL),
	(192,'LORENA',3,'1900-01-01',32,4,'1','3',NULL,NULL,'2900000000',1,3,2,NULL,2,NULL,NULL,1,1,'LESION ABDOMINAL',2,NULL,2,NULL,1,1,211,1,'2019-04-23 12:21:29',NULL,'2019-04-23 12:21:29',NULL),
	(193,'GABRIELA',1,'1900-01-01',32,4,'1','2',NULL,NULL,'29876555',2,2,2,NULL,2,NULL,2,3,3,NULL,2,NULL,1,NULL,2,2,211,1,'2019-04-23 12:25:27',NULL,'2019-04-23 12:25:27',NULL),
	(194,'JOSEFA',1,'1900-01-01',45,4,'1','1',NULL,NULL,'29876555',4,2,1,'PRUEBA FINAL',1,'SUBSIDIO MUNICIPAL',1,1,1,'LESION',1,'RESFRIOS VARIOS',1,NULL,1,1,212,1,'2019-04-23 14:21:44',NULL,'2019-04-23 14:21:44',NULL),
	(195,'ANABELLA',1,'1994-12-12',34,4,'1','1',NULL,NULL,'29876555',2,2,2,NULL,1,NULL,2,1,1,'LESION ABDOMINAL',1,'INFLAMACIONES CRONICAS',2,NULL,1,1,212,1,'2019-04-23 14:32:36',NULL,'2019-04-23 14:32:36',NULL),
	(196,'ANABELLA',1,'1994-12-12',34,4,'1','1',NULL,NULL,'29876555',2,2,2,NULL,1,NULL,2,1,1,'LESION ABDOMINAL',1,'INFLAMACIONES CRONICAS',2,NULL,1,1,212,1,'2019-04-23 14:34:09',NULL,'2019-04-23 14:34:09',NULL),
	(197,'NORMA RODRIGUEZ',3,'1900-01-01',45,4,'3','0',NULL,NULL,NULL,2,4,2,NULL,2,NULL,NULL,2,2,NULL,2,NULL,2,NULL,2,1,212,1,'2019-04-23 14:49:20',NULL,'2019-04-23 14:49:20',NULL),
	(198,'NORMA RODRIGUEZ',1,'1999-12-12',34,4,'3','0',NULL,NULL,NULL,2,4,2,NULL,2,NULL,2,2,2,NULL,2,NULL,2,NULL,1,1,213,1,'2019-04-23 15:37:29',NULL,'2019-04-23 15:37:29',NULL),
	(199,'ROMINA TIRES',1,'1900-01-01',45,4,'3','0',NULL,NULL,NULL,2,3,2,NULL,2,NULL,2,2,2,NULL,2,NULL,2,NULL,2,1,213,1,'2019-04-23 15:48:29',NULL,'2019-04-23 15:48:29',NULL),
	(200,'ROBERTO FUNES',1,'1900-01-01',45,4,'3','0',NULL,NULL,NULL,3,2,2,NULL,2,NULL,2,2,2,NULL,2,NULL,2,NULL,2,1,214,1,'2019-04-24 14:17:39',NULL,'2019-04-24 14:17:39',NULL),
	(201,'LISANDRO LOPEZ',3,'1900-01-01',99,6,'5','4',NULL,NULL,'2636354',3,3,2,NULL,2,NULL,NULL,1,1,'LESION ABDOMINAL',1,'ASMA',1,NULL,1,1,214,1,'2019-04-25 15:41:09',NULL,'2019-04-25 15:41:09',NULL),
	(202,'LISANDRO LOPEZ',3,'1900-01-01',99,6,'5','4',NULL,NULL,'2636354',3,3,2,NULL,2,NULL,NULL,1,1,'LESION ABDOMINAL',1,'ASMA',1,NULL,1,1,214,1,'2019-04-25 15:41:28',NULL,'2019-04-25 15:41:28',NULL),
	(203,'PATRICIA MONTERO',1,'1900-01-01',83,6,'1','5',NULL,NULL,'30000000',5,2,2,NULL,1,'SUBSIDIO MUNICIPAL',2,1,2,NULL,1,'ASMA',1,NULL,1,1,216,1,'2019-04-25 21:07:24',NULL,'2019-04-25 21:07:24',NULL),
	(204,'RAMIRO GIMENEZ',3,'1999-12-12',32,4,'3','0',NULL,NULL,NULL,5,4,2,NULL,2,NULL,NULL,1,2,NULL,1,'ASMA',1,NULL,1,1,217,1,'2019-04-26 14:29:44',NULL,'2019-04-26 14:29:44',NULL),
	(205,'ESTER MARILLI',1,'1900-01-01',0,7,'1','2',NULL,NULL,'7979777979',3,2,1,NULL,1,NULL,1,1,1,'LESION',2,NULL,2,NULL,1,1,217,1,'2019-04-26 14:34:50',NULL,'2019-04-26 14:34:50',NULL),
	(206,'CHARO FERNANDEZ',1,'1900-01-01',45,4,'3','0',NULL,NULL,NULL,4,5,2,NULL,1,NULL,2,2,1,'LESION ABDOMINAL',2,NULL,1,NULL,1,1,217,1,'2019-04-26 14:39:25',NULL,'2019-04-26 14:39:25',NULL),
	(207,'ROMINA TIRES',1,'1900-01-01',34,4,'1','3',NULL,NULL,'30000000',3,2,1,NULL,2,NULL,2,2,2,NULL,2,NULL,1,NULL,1,1,220,1,'2019-04-29 13:51:55',NULL,'2019-04-29 13:51:55',NULL),
	(208,'ERNESTO CHOMENZ',3,'1900-01-01',62,5,'5','2',NULL,NULL,'0',4,2,2,NULL,2,NULL,NULL,2,2,NULL,2,NULL,2,NULL,2,1,220,1,'2019-04-29 13:57:40',NULL,'2019-04-29 13:57:40',NULL),
	(209,'NORMA RODRIGUEZ',1,'1900-01-01',32,4,'3','0',NULL,NULL,NULL,2,2,2,NULL,2,NULL,1,2,2,NULL,2,NULL,2,NULL,2,1,226,1,'2019-04-30 01:54:38',NULL,'2019-04-30 01:54:38',NULL);

/*!40000 ALTER TABLE `victims` ENABLE KEYS */;
UNLOCK TABLES;


# Volcado de tabla vistas
# ------------------------------------------------------------

DROP TABLE IF EXISTS `vistas`;

CREATE TABLE `vistas` (
  `id` int(11) NOT NULL,
  `nombre` varchar(255) COLLATE utf8mb4_bin NOT NULL,
  `url` varchar(255) COLLATE utf8mb4_bin NOT NULL,
  PRIMARY KEY (`id`)
) ENGINE=InnoDB DEFAULT CHARSET=utf8mb4 COLLATE=utf8mb4_bin;

LOCK TABLES `vistas` WRITE;
/*!40000 ALTER TABLE `vistas` DISABLE KEYS */;

INSERT INTO `vistas` (`id`, `nombre`, `url`)
VALUES
	(1,X'456A6520413A204461746F7320696E737469747563696F6E616C6573',X'616772656761724361736F'),
	(2,X'456A6520423A204361726163746572697A616369C3B36E206465206C612076696374696D61207920737520636F6E746578746F',X'6167726567617256696374696D61'),
	(3,X'456A6520433A205265666572656E74657320416665637469766F73',X'61677265676172636F6E76697669656E7465'),
	(5,X'456A6520443A204461746F732064656C20696D70757461646F',X'61677265676172696D70757461646F'),
	(6,X'456A6520453A204174656E6369C3B36E2064656C206361736F',X'616772656761724F7267616E69736D6F'),
	(7,X'456A6520463A20446F63756D656E74616369C3B36E',X'61677265676172446F63756D656E746F'),
	(8,X'456A6520473A204167726567617220496E74657276656E6369C3B36E2D496E666F726D652064652053656775696D69656E746F',X'61677265676172496E74657276656E63696F6E'),
	(9,X'496E666F726D65',X'696E666F726D65');

/*!40000 ALTER TABLE `vistas` ENABLE KEYS */;
UNLOCK TABLES;



/*!40111 SET SQL_NOTES=@OLD_SQL_NOTES */;
/*!40101 SET SQL_MODE=@OLD_SQL_MODE */;
/*!40014 SET FOREIGN_KEY_CHECKS=@OLD_FOREIGN_KEY_CHECKS */;
/*!40101 SET CHARACTER_SET_CLIENT=@OLD_CHARACTER_SET_CLIENT */;
/*!40101 SET CHARACTER_SET_RESULTS=@OLD_CHARACTER_SET_RESULTS */;
/*!40101 SET COLLATION_CONNECTION=@OLD_COLLATION_CONNECTION */;
